date,year,month,day,portid,portname,country,ISO3,portcalls_container,portcalls_dry_bulk,portcalls_general_cargo,portcalls_roro,portcalls_tanker,portcalls_cargo,portcalls,import_container,import_dry_bulk,import_general_cargo,import_roro,import_tanker,import_cargo,import,export_container,export_dry_bulk,export_general_cargo,export_roro,export_tanker,export_cargo,export
2019-01-01 00:00:00+00:00,2019,1,1,port1282,Tema,Ghana,GHA,0,0,1,0,1,1,2,0,0,2084,0,0,2084,2084,0,0,775,0,414,775,1189
2019-01-02 00:00:00+00:00,2019,1,2,port1282,Tema,Ghana,GHA,0,0,1,0,1,1,2,0,0,1398,0,3517,1398,4915,0,0,0,0,0,0,0
2019-01-03 00:00:00+00:00,2019,1,3,port1282,Tema,Ghana,GHA,2,1,0,1,0,4,4,22326,0,0,0,0,22326,22326,0,898,0,0,0,898,898
2019-01-04 00:00:00+00:00,2019,1,4,port1282,Tema,Ghana,GHA,1,1,0,0,0,2,2,10281,0,0,0,0,10281,10281,0,0,0,0,0,0,0
2019-01-05 00:00:00+00:00,2019,1,5,port1282,Tema,Ghana,GHA,2,1,0,0,1,3,4,16763,24382,0,0,9547,41145,50692,0,0,0,0,0,0,0
2019-01-06 00:00:00+00:00,2019,1,6,port1282,Tema,Ghana,GHA,2,1,1,0,1,4,5,9595,0,2084,0,3517,11680,15197,0,0,775,0,0,775,775
2019-01-07 00:00:00+00:00,2019,1,7,port1282,Tema,Ghana,GHA,1,0,2,0,0,3,3,9009,0,4462,0,0,13472,13472,0,0,0,0,0,0,0
2019-01-08 00:00:00+00:00,2019,1,8,port1282,Tema,Ghana,GHA,2,0,0,0,0,2,2,4540,0,0,0,0,4540,4540,437,0,0,0,0,437,437
2019-01-09 00:00:00+00:00,2019,1,9,port1282,Tema,Ghana,GHA,2,0,0,0,0,2,2,22088,0,0,0,0,22088,22088,1440,0,0,0,0,1440,1440
2019-01-10 00:00:00+00:00,2019,1,10,port1282,Tema,Ghana,GHA,0,1,0,0,2,1,3,0,0,0,0,2373,0,2373,0,0,0,0,0,0,0
2019-01-11 00:00:00+00:00,2019,1,11,port1282,Tema,Ghana,GHA,2,0,0,0,1,2,3,14709,0,0,0,0,14709,14709,0,0,0,0,0,0,0
2019-01-12 00:00:00+00:00,2019,1,12,port1282,Tema,Ghana,GHA,1,1,1,0,0,3,3,16678,27599,7405,0,0,51683,51683,0,0,0,0,0,0,0
2019-01-13 00:00:00+00:00,2019,1,13,port1282,Tema,Ghana,GHA,1,1,0,1,0,3,3,9311,46816,0,1146,0,57274,57274,0,0,0,25,0,25,25
2019-01-14 00:00:00+00:00,2019,1,14,port1282,Tema,Ghana,GHA,2,0,1,0,1,3,4,10820,0,914,0,7607,11734,19342,0,0,0,0,0,0,0
2019-01-15 00:00:00+00:00,2019,1,15,port1282,Tema,Ghana,GHA,1,0,0,1,0,2,2,13757,0,0,0,0,13757,13757,0,0,0,0,0,0,0
2019-01-16 00:00:00+00:00,2019,1,16,port1282,Tema,Ghana,GHA,1,1,1,1,1,4,5,9767,27570,2756,0,0,40094,40094,0,0,0,0,0,0,0
2019-01-17 00:00:00+00:00,2019,1,17,port1282,Tema,Ghana,GHA,2,1,0,0,0,3,3,18464,38995,0,0,0,57460,57460,0,0,0,0,0,0,0
2019-01-18 00:00:00+00:00,2019,1,18,port1282,Tema,Ghana,GHA,2,0,1,0,0,3,3,20047,0,0,0,0,20047,20047,1440,0,2408,0,0,3848,3848
2019-01-19 00:00:00+00:00,2019,1,19,port1282,Tema,Ghana,GHA,3,0,0,0,1,3,4,21147,0,0,0,6887,21147,28035,0,0,0,0,0,0,0
2019-01-20 00:00:00+00:00,2019,1,20,port1282,Tema,Ghana,GHA,1,0,0,0,1,1,2,988,0,0,0,1744,988,2733,0,0,0,0,0,0,0
2019-01-21 00:00:00+00:00,2019,1,21,port1282,Tema,Ghana,GHA,2,1,0,0,0,3,3,0,8940,0,0,0,8940,8940,0,0,0,0,0,0,0
2019-01-22 00:00:00+00:00,2019,1,22,port1282,Tema,Ghana,GHA,0,0,0,0,3,0,3,0,0,0,0,3517,0,3517,0,0,0,0,34010,0,34010
2019-01-23 00:00:00+00:00,2019,1,23,port1282,Tema,Ghana,GHA,2,2,0,1,0,5,5,4424,3271,0,4091,0,11787,11787,1270,2300,0,0,0,3570,3570
2019-01-24 00:00:00+00:00,2019,1,24,port1282,Tema,Ghana,GHA,1,0,0,0,1,1,2,7089,0,0,0,0,7089,7089,0,0,0,0,0,0,0
2019-01-25 00:00:00+00:00,2019,1,25,port1282,Tema,Ghana,GHA,1,2,0,0,0,3,3,5262,55707,0,0,0,60970,60970,0,0,0,0,0,0,0
2019-01-26 00:00:00+00:00,2019,1,26,port1282,Tema,Ghana,GHA,1,0,0,0,0,1,1,24636,0,0,0,0,24636,24636,0,0,0,0,0,0,0
2019-01-27 00:00:00+00:00,2019,1,27,port1282,Tema,Ghana,GHA,2,0,0,0,0,2,2,12737,0,0,0,0,12737,12737,1440,0,0,0,0,1440,1440
2019-01-28 00:00:00+00:00,2019,1,28,port1282,Tema,Ghana,GHA,1,1,0,0,2,2,4,863,31959,0,0,7698,32823,40522,27,0,0,0,0,27,27
2019-01-29 00:00:00+00:00,2019,1,29,port1282,Tema,Ghana,GHA,1,1,2,0,0,4,4,1270,17631,4657,0,0,23559,23559,0,0,3138,0,0,3138,3138
2019-01-30 00:00:00+00:00,2019,1,30,port1282,Tema,Ghana,GHA,1,0,0,2,0,3,3,0,0,0,2292,0,2292,2292,0,0,0,51,0,51,51
2019-01-31 00:00:00+00:00,2019,1,31,port1282,Tema,Ghana,GHA,0,0,0,0,1,0,1,0,0,0,0,0,0,0,0,0,0,0,0,0,0
2019-02-01 00:00:00+00:00,2019,2,1,port1282,Tema,Ghana,GHA,3,2,0,0,1,5,6,12840,4911,0,0,0,17751,17751,0,0,0,0,0,0,0
2019-02-02 00:00:00+00:00,2019,2,2,port1282,Tema,Ghana,GHA,1,1,1,0,0,3,3,5501,28499,2084,0,0,36086,36086,0,0,775,0,0,775,775
2019-02-03 00:00:00+00:00,2019,2,3,port1282,Tema,Ghana,GHA,1,0,0,0,0,1,1,14192,0,0,0,0,14192,14192,0,0,0,0,0,0,0
2019-02-04 00:00:00+00:00,2019,2,4,port1282,Tema,Ghana,GHA,1,1,0,0,1,2,3,0,0,0,0,0,0,0,768,0,0,0,0,768,768
2019-02-05 00:00:00+00:00,2019,2,5,port1282,Tema,Ghana,GHA,3,0,0,0,1,3,4,15294,0,0,0,3517,15294,18811,1440,0,0,0,0,1440,1440
2019-02-06 00:00:00+00:00,2019,2,6,port1282,Tema,Ghana,GHA,0,1,0,1,0,2,2,0,1654,0,3577,0,5231,5231,0,0,0,0,0,0,0
2019-02-07 00:00:00+00:00,2019,2,7,port1282,Tema,Ghana,GHA,1,1,1,0,0,3,3,1947,10347,2712,0,0,15007,15007,0,0,0,0,0,0,0
2019-02-08 00:00:00+00:00,2019,2,8,port1282,Tema,Ghana,GHA,2,2,0,0,0,4,4,5792,8911,0,0,0,14703,14703,3929,0,0,0,0,3929,3929
2019-02-09 00:00:00+00:00,2019,2,9,port1282,Tema,Ghana,GHA,1,0,0,0,1,1,2,6084,0,0,0,4085,6084,10169,0,0,0,0,1903,0,1903
2019-02-10 00:00:00+00:00,2019,2,10,port1282,Tema,Ghana,GHA,2,0,1,1,0,4,4,31267,0,8773,0,0,40041,40041,0,0,0,0,0,0,0
2019-02-11 00:00:00+00:00,2019,2,11,port1282,Tema,Ghana,GHA,1,1,0,0,0,2,2,2674,0,0,0,0,2674,2674,0,0,0,0,0,0,0
2019-02-12 00:00:00+00:00,2019,2,12,port1282,Tema,Ghana,GHA,2,0,0,1,2,3,5,0,0,0,588,0,588,588,436,0,0,0,0,436,436
2019-02-13 00:00:00+00:00,2019,2,13,port1282,Tema,Ghana,GHA,1,0,0,0,0,1,1,4091,0,0,0,0,4091,4091,0,0,0,0,0,0,0
2019-02-14 00:00:00+00:00,2019,2,14,port1282,Tema,Ghana,GHA,2,2,0,0,1,4,5,7640,0,0,0,4085,7640,11726,0,0,0,0,1903,0,1903
2019-02-15 00:00:00+00:00,2019,2,15,port1282,Tema,Ghana,GHA,3,0,0,1,0,4,4,31075,0,0,1146,0,32221,32221,1440,0,0,25,0,1465,1465
2019-02-16 00:00:00+00:00,2019,2,16,port1282,Tema,Ghana,GHA,1,1,0,1,1,3,4,1462,31565,0,0,0,33028,33028,0,0,0,0,0,0,0
2019-02-17 00:00:00+00:00,2019,2,17,port1282,Tema,Ghana,GHA,1,0,0,0,0,1,1,4161,0,0,0,0,4161,4161,0,0,0,0,0,0,0
2019-02-18 00:00:00+00:00,2019,2,18,port1282,Tema,Ghana,GHA,1,2,0,0,1,3,4,0,46378,0,0,4085,46378,50463,1464,0,0,0,1903,1464,3368
2019-02-19 00:00:00+00:00,2019,2,19,port1282,Tema,Ghana,GHA,1,1,0,0,1,2,3,0,0,0,0,581,0,581,0,0,0,0,0,0,0
2019-02-20 00:00:00+00:00,2019,2,20,port1282,Tema,Ghana,GHA,2,0,0,0,1,2,3,1279,0,0,0,6155,1279,7435,0,0,0,0,3183,0,3183
2019-02-21 00:00:00+00:00,2019,2,21,port1282,Tema,Ghana,GHA,1,1,1,0,0,3,3,1969,0,0,0,0,1969,1969,0,0,231,0,0,231,231
2019-02-22 00:00:00+00:00,2019,2,22,port1282,Tema,Ghana,GHA,3,0,0,0,1,3,4,8890,0,0,0,25812,8890,34702,2005,0,0,0,0,2005,2005
2019-02-23 00:00:00+00:00,2019,2,23,port1282,Tema,Ghana,GHA,0,0,0,0,2,0,2,0,0,0,0,4085,0,4085,0,0,0,0,1903,0,1903
2019-02-24 00:00:00+00:00,2019,2,24,port1282,Tema,Ghana,GHA,3,0,0,0,0,3,3,29332,0,0,0,0,29332,29332,1440,0,0,0,0,1440,1440
2019-02-25 00:00:00+00:00,2019,2,25,port1282,Tema,Ghana,GHA,1,3,0,0,2,4,6,5060,27533,0,0,32617,32593,65211,0,789,0,0,0,789,789
2019-02-26 00:00:00+00:00,2019,2,26,port1282,Tema,Ghana,GHA,0,0,0,0,0,0,0,0,0,0,0,0,0,0,0,0,0,0,0,0,0
2019-02-27 00:00:00+00:00,2019,2,27,port1282,Tema,Ghana,GHA,1,1,0,0,2,2,4,3200,31840,0,0,470,35040,35511,0,0,0,0,5188,0,5188
2019-02-28 00:00:00+00:00,2019,2,28,port1282,Tema,Ghana,GHA,0,1,0,0,0,1,1,0,29594,0,0,0,29594,29594,0,0,0,0,0,0,0
2019-03-01 00:00:00+00:00,2019,3,1,port1282,Tema,Ghana,GHA,3,0,0,0,0,3,3,22506,0,0,0,0,22506,22506,27,0,0,0,0,27,27
2019-03-02 00:00:00+00:00,2019,3,2,port1282,Tema,Ghana,GHA,1,1,1,1,1,4,5,8207,27267,0,0,4085,35474,39560,1440,0,2416,0,1903,3857,5760
2019-03-03 00:00:00+00:00,2019,3,3,port1282,Tema,Ghana,GHA,1,0,0,1,0,2,2,0,0,0,0,0,0,0,1484,0,0,0,0,1484,1484
2019-03-04 00:00:00+00:00,2019,3,4,port1282,Tema,Ghana,GHA,1,2,1,0,0,4,4,2956,16716,2084,0,0,21758,21758,0,0,775,0,0,775,775
2019-03-05 00:00:00+00:00,2019,3,5,port1282,Tema,Ghana,GHA,1,3,0,0,1,4,5,13617,20323,0,0,4085,33940,38026,0,0,0,0,1903,0,1903
2019-03-06 00:00:00+00:00,2019,3,6,port1282,Tema,Ghana,GHA,1,0,0,0,1,1,2,10106,0,0,0,23713,10106,33819,0,0,0,0,0,0,0
2019-03-07 00:00:00+00:00,2019,3,7,port1282,Tema,Ghana,GHA,1,0,1,0,0,2,2,0,0,0,0,0,0,0,0,0,5928,0,0,5928,5928
2019-03-08 00:00:00+00:00,2019,3,8,port1282,Tema,Ghana,GHA,2,0,0,0,1,2,3,9501,0,0,0,4085,9501,13586,1440,0,0,0,1903,1440,3343
2019-03-09 00:00:00+00:00,2019,3,9,port1282,Tema,Ghana,GHA,2,0,1,0,1,3,4,5083,0,594,0,0,5677,5677,2535,0,0,0,0,2535,2535
2019-03-10 00:00:00+00:00,2019,3,10,port1282,Tema,Ghana,GHA,0,0,0,0,1,0,1,0,0,0,0,4085,0,4085,0,0,0,0,1903,0,1903
2019-03-11 00:00:00+00:00,2019,3,11,port1282,Tema,Ghana,GHA,1,0,0,0,1,1,2,8201,0,0,0,4085,8201,12286,0,0,0,0,1903,0,1903
2019-03-12 00:00:00+00:00,2019,3,12,port1282,Tema,Ghana,GHA,2,0,1,0,0,3,3,9486,0,1062,0,0,10549,10549,0,0,0,0,0,0,0
2019-03-13 00:00:00+00:00,2019,3,13,port1282,Tema,Ghana,GHA,1,0,0,1,0,2,2,2469,0,0,1146,0,3615,3615,0,0,0,25,0,25,25
2019-03-14 00:00:00+00:00,2019,3,14,port1282,Tema,Ghana,GHA,2,0,0,0,0,2,2,8128,0,0,0,0,8128,8128,27,0,0,0,0,27,27
2019-03-15 00:00:00+00:00,2019,3,15,port1282,Tema,Ghana,GHA,1,1,1,2,3,5,8,3879,13558,0,3392,18571,20830,39401,0,0,5172,25,6700,5198,11899
2019-03-16 00:00:00+00:00,2019,3,16,port1282,Tema,Ghana,GHA,2,3,0,0,1,5,6,8207,60059,0,0,695,68266,68962,2734,0,0,0,0,2734,2734
2019-03-17 00:00:00+00:00,2019,3,17,port1282,Tema,Ghana,GHA,2,1,0,1,0,4,4,9740,0,0,1146,0,10886,10886,0,0,0,25,0,25,25
2019-03-18 00:00:00+00:00,2019,3,18,port1282,Tema,Ghana,GHA,3,0,1,0,1,4,5,7450,0,2084,0,0,9535,9535,1288,0,775,0,2799,2063,4863
2019-03-19 00:00:00+00:00,2019,3,19,port1282,Tema,Ghana,GHA,1,0,1,0,1,2,3,0,0,0,0,4085,0,4085,13973,0,2035,0,1903,16009,17912
2019-03-20 00:00:00+00:00,2019,3,20,port1282,Tema,Ghana,GHA,1,2,0,0,0,3,3,2582,56310,0,0,0,58892,58892,0,0,0,0,0,0,0
2019-03-21 00:00:00+00:00,2019,3,21,port1282,Tema,Ghana,GHA,2,2,1,0,1,5,6,12111,36481,2084,0,0,50677,50677,1440,0,775,0,6023,2215,8238
2019-03-22 00:00:00+00:00,2019,3,22,port1282,Tema,Ghana,GHA,2,0,0,0,2,2,4,8765,0,0,0,20905,8765,29671,0,0,0,0,0,0,0
2019-03-23 00:00:00+00:00,2019,3,23,port1282,Tema,Ghana,GHA,1,1,0,0,0,2,2,8391,37692,0,0,0,46083,46083,0,0,0,0,0,0,0
2019-03-24 00:00:00+00:00,2019,3,24,port1282,Tema,Ghana,GHA,2,2,0,0,2,4,6,12444,28841,0,0,8171,41285,49456,0,789,0,0,3807,789,4596
2019-03-25 00:00:00+00:00,2019,3,25,port1282,Tema,Ghana,GHA,1,2,0,0,0,3,3,0,60846,0,0,0,60846,60846,1938,0,0,0,0,1938,1938
2019-03-26 00:00:00+00:00,2019,3,26,port1282,Tema,Ghana,GHA,2,2,0,0,1,4,5,4353,20399,0,0,11197,24752,35950,0,789,0,0,0,789,789
2019-03-27 00:00:00+00:00,2019,3,27,port1282,Tema,Ghana,GHA,0,1,0,0,2,1,3,0,26465,0,0,4085,26465,30550,0,0,0,0,13351,0,13351
2019-03-28 00:00:00+00:00,2019,3,28,port1282,Tema,Ghana,GHA,3,1,0,0,0,4,4,26357,42949,0,0,0,69307,69307,1440,0,0,0,0,1440,1440
2019-03-29 00:00:00+00:00,2019,3,29,port1282,Tema,Ghana,GHA,1,0,0,0,0,1,1,13764,0,0,0,0,13764,13764,0,0,0,0,0,0,0
2019-03-30 00:00:00+00:00,2019,3,30,port1282,Tema,Ghana,GHA,2,0,0,0,1,2,3,5128,0,0,0,4085,5128,9213,0,0,0,0,1903,0,1903
2019-03-31 00:00:00+00:00,2019,3,31,port1282,Tema,Ghana,GHA,1,1,0,0,0,2,2,0,24275,0,0,0,24275,24275,0,0,0,0,0,0,0
2019-04-01 00:00:00+00:00,2019,4,1,port1282,Tema,Ghana,GHA,0,1,0,0,2,1,3,0,0,0,0,0,0,0,0,0,0,0,229,0,229
2019-04-02 00:00:00+00:00,2019,4,2,port1282,Tema,Ghana,GHA,1,1,1,1,1,4,5,8207,20399,5193,0,3116,33799,36916,1440,789,0,0,0,2229,2229
2019-04-03 00:00:00+00:00,2019,4,3,port1282,Tema,Ghana,GHA,1,0,0,0,1,1,2,7264,0,0,0,0,7264,7264,0,0,0,0,0,0,0
2019-04-04 00:00:00+00:00,2019,4,4,port1282,Tema,Ghana,GHA,2,0,0,0,0,2,2,3238,0,0,0,0,3238,3238,0,0,0,0,0,0,0
2019-04-05 00:00:00+00:00,2019,4,5,port1282,Tema,Ghana,GHA,2,1,0,0,2,3,5,16281,0,0,0,4085,16281,20367,1440,47082,0,0,1903,48522,50426
2019-04-06 00:00:00+00:00,2019,4,6,port1282,Tema,Ghana,GHA,0,1,0,0,0,1,1,0,28509,0,0,0,28509,28509,0,0,0,0,0,0,0
2019-04-07 00:00:00+00:00,2019,4,7,port1282,Tema,Ghana,GHA,1,1,0,0,1,2,3,8219,31896,0,0,7119,40115,47234,0,0,0,0,839,0,839
2019-04-08 00:00:00+00:00,2019,4,8,port1282,Tema,Ghana,GHA,1,2,0,0,1,3,4,0,45250,0,0,0,45250,45250,3860,0,0,0,606,3860,4466
2019-04-09 00:00:00+00:00,2019,4,9,port1282,Tema,Ghana,GHA,3,0,0,0,0,3,3,17471,0,0,0,0,17471,17471,1440,0,0,0,0,1440,1440
2019-04-10 00:00:00+00:00,2019,4,10,port1282,Tema,Ghana,GHA,0,0,0,0,1,0,1,0,0,0,0,236,0,236,0,0,0,0,0,0,0
2019-04-11 00:00:00+00:00,2019,4,11,port1282,Tema,Ghana,GHA,1,1,1,0,1,3,4,738,28634,2885,0,0,32258,32258,0,0,0,0,0,0,0
2019-04-12 00:00:00+00:00,2019,4,12,port1282,Tema,Ghana,GHA,1,1,1,0,1,3,4,4498,38860,1958,0,7119,45317,52437,0,0,0,0,839,0,839
2019-04-13 00:00:00+00:00,2019,4,13,port1282,Tema,Ghana,GHA,2,0,0,0,2,2,4,12335,0,0,0,8171,12335,20506,0,0,0,0,3807,0,3807
2019-04-14 00:00:00+00:00,2019,4,14,port1282,Tema,Ghana,GHA,1,0,2,0,0,3,3,0,0,804,0,0,804,804,0,0,1048,0,0,1048,1048
2019-04-15 00:00:00+00:00,2019,4,15,port1282,Tema,Ghana,GHA,1,1,0,0,2,2,4,8207,0,0,0,5107,8207,13315,1440,546,0,0,1903,1986,3890
2019-04-16 00:00:00+00:00,2019,4,16,port1282,Tema,Ghana,GHA,1,2,0,0,0,3,3,10447,9353,0,0,0,19800,19800,0,0,0,0,0,0,0
2019-04-17 00:00:00+00:00,2019,4,17,port1282,Tema,Ghana,GHA,0,0,1,0,0,1,1,0,0,3430,0,0,3430,3430,0,0,0,0,0,0,0
2019-04-18 00:00:00+00:00,2019,4,18,port1282,Tema,Ghana,GHA,3,0,0,1,1,4,5,15221,0,0,1146,17301,16368,33669,1440,0,0,25,0,1465,1465
2019-04-19 00:00:00+00:00,2019,4,19,port1282,Tema,Ghana,GHA,0,0,0,0,0,0,0,0,0,0,0,0,0,0,0,0,0,0,0,0,0
2019-04-20 00:00:00+00:00,2019,4,20,port1282,Tema,Ghana,GHA,1,1,0,2,1,4,5,6393,28829,0,0,9380,35223,44603,0,0,0,0,0,0,0
2019-04-21 00:00:00+00:00,2019,4,21,port1282,Tema,Ghana,GHA,1,3,0,0,0,4,4,11554,84063,0,0,0,95617,95617,0,0,0,0,0,0,0
2019-04-22 00:00:00+00:00,2019,4,22,port1282,Tema,Ghana,GHA,1,0,0,1,2,2,4,6257,0,0,1541,4085,7799,11884,0,0,0,0,2612,0,2612
2019-04-23 00:00:00+00:00,2019,4,23,port1282,Tema,Ghana,GHA,2,0,0,0,0,2,2,434,0,0,0,0,434,434,4490,0,0,0,0,4490,4490
2019-04-24 00:00:00+00:00,2019,4,24,port1282,Tema,Ghana,GHA,3,1,0,0,0,4,4,10173,0,0,0,0,10173,10173,1440,0,0,0,0,1440,1440
2019-04-25 00:00:00+00:00,2019,4,25,port1282,Tema,Ghana,GHA,2,2,0,0,1,4,5,15032,40348,0,0,3992,55381,59374,0,0,0,0,0,0,0
2019-04-26 00:00:00+00:00,2019,4,26,port1282,Tema,Ghana,GHA,0,1,0,0,0,1,1,0,9099,0,0,0,9099,9099,0,0,0,0,0,0,0
2019-04-27 00:00:00+00:00,2019,4,27,port1282,Tema,Ghana,GHA,3,1,0,0,0,4,4,12136,28297,0,0,0,40434,40434,0,0,0,0,0,0,0
2019-04-28 00:00:00+00:00,2019,4,28,port1282,Tema,Ghana,GHA,1,1,2,0,1,4,5,1277,28647,4349,0,19907,34274,54182,0,0,0,0,0,0,0
2019-04-29 00:00:00+00:00,2019,4,29,port1282,Tema,Ghana,GHA,1,1,1,0,0,3,3,8207,5710,916,0,0,14833,14833,1440,0,0,0,0,1440,1440
2019-04-30 00:00:00+00:00,2019,4,30,port1282,Tema,Ghana,GHA,1,1,0,0,0,2,2,15550,20068,0,0,0,35618,35618,0,0,0,0,0,0,0
2019-05-01 00:00:00+00:00,2019,5,1,port1282,Tema,Ghana,GHA,1,0,1,0,1,2,3,9285,0,0,0,4085,9285,13371,0,0,0,0,1903,0,1903
2019-05-02 00:00:00+00:00,2019,5,2,port1282,Tema,Ghana,GHA,1,0,0,1,0,2,2,8207,0,0,2167,0,10374,10374,1440,0,0,0,0,1440,1440
2019-05-03 00:00:00+00:00,2019,5,3,port1282,Tema,Ghana,GHA,1,2,1,0,0,4,4,9573,22443,865,0,0,32882,32882,0,0,0,0,0,0,0
2019-05-04 00:00:00+00:00,2019,5,4,port1282,Tema,Ghana,GHA,1,0,0,0,2,1,3,9702,0,0,0,1311,9702,11014,0,0,0,0,0,0,0
2019-05-05 00:00:00+00:00,2019,5,5,port1282,Tema,Ghana,GHA,2,1,0,0,0,3,3,16382,0,0,0,0,16382,16382,0,0,0,0,0,0,0
2019-05-06 00:00:00+00:00,2019,5,6,port1282,Tema,Ghana,GHA,1,1,0,0,0,2,2,8794,31109,0,0,0,39903,39903,0,0,0,0,0,0,0
2019-05-07 00:00:00+00:00,2019,5,7,port1282,Tema,Ghana,GHA,1,1,0,0,1,2,3,0,39773,0,0,497,39773,40271,6076,0,0,0,0,6076,6076
2019-05-08 00:00:00+00:00,2019,5,8,port1282,Tema,Ghana,GHA,2,2,1,0,0,5,5,8207,0,2084,0,0,10292,10292,1440,0,775,0,0,2215,2215
2019-05-09 00:00:00+00:00,2019,5,9,port1282,Tema,Ghana,GHA,1,2,0,0,0,3,3,0,577,0,0,0,577,577,0,0,0,0,0,0,0
2019-05-10 00:00:00+00:00,2019,5,10,port1282,Tema,Ghana,GHA,2,1,0,1,1,4,5,6435,20399,0,585,0,27420,27420,0,789,0,0,0,789,789
2019-05-11 00:00:00+00:00,2019,5,11,port1282,Tema,Ghana,GHA,3,1,0,0,1,4,5,25988,5043,0,0,0,31031,31031,1440,0,0,0,0,1440,1440
2019-05-12 00:00:00+00:00,2019,5,12,port1282,Tema,Ghana,GHA,0,2,0,0,0,2,2,0,31652,0,0,0,31652,31652,0,0,0,0,0,0,0
2019-05-13 00:00:00+00:00,2019,5,13,port1282,Tema,Ghana,GHA,1,0,0,0,3,1,4,9604,0,0,0,13145,9604,22750,0,0,0,0,1517,0,1517
2019-05-14 00:00:00+00:00,2019,5,14,port1282,Tema,Ghana,GHA,1,1,0,1,1,3,4,0,20399,0,2554,2481,22953,25435,738,789,0,0,0,1527,1527
2019-05-15 00:00:00+00:00,2019,5,15,port1282,Tema,Ghana,GHA,1,2,1,0,1,4,5,0,11577,0,0,0,11577,11577,0,0,3341,0,0,3341,3341
2019-05-16 00:00:00+00:00,2019,5,16,port1282,Tema,Ghana,GHA,1,0,0,0,2,1,3,5147,0,0,0,33292,5147,38440,0,0,0,0,0,0,0
2019-05-17 00:00:00+00:00,2019,5,17,port1282,Tema,Ghana,GHA,0,0,1,2,0,3,3,0,0,2277,3866,0,6144,6144,0,0,0,0,0,0,0
2019-05-18 00:00:00+00:00,2019,5,18,port1282,Tema,Ghana,GHA,3,1,1,0,1,5,6,8207,30551,0,0,10956,38759,49715,5810,0,1128,0,0,6939,6939
2019-05-19 00:00:00+00:00,2019,5,19,port1282,Tema,Ghana,GHA,2,0,0,0,1,2,3,8269,0,0,0,4785,8269,13055,0,0,0,0,0,0,0
2019-05-20 00:00:00+00:00,2019,5,20,port1282,Tema,Ghana,GHA,1,0,0,0,0,1,1,16571,0,0,0,0,16571,16571,0,0,0,0,0,0,0
2019-05-21 00:00:00+00:00,2019,5,21,port1282,Tema,Ghana,GHA,2,1,2,0,2,5,7,13377,1234,7846,0,10789,22458,33248,1440,0,775,0,0,2215,2215
2019-05-22 00:00:00+00:00,2019,5,22,port1282,Tema,Ghana,GHA,0,2,0,0,0,2,2,0,18937,0,0,0,18937,18937,0,0,0,0,0,0,0
2019-05-23 00:00:00+00:00,2019,5,23,port1282,Tema,Ghana,GHA,2,1,0,0,2,3,5,954,12601,0,0,6155,13556,19712,1898,0,0,0,3183,1898,5082
2019-05-24 00:00:00+00:00,2019,5,24,port1282,Tema,Ghana,GHA,1,0,1,0,0,2,2,7047,0,156,0,0,7203,7203,0,0,0,0,0,0,0
2019-05-25 00:00:00+00:00,2019,5,25,port1282,Tema,Ghana,GHA,2,1,0,1,1,4,5,8701,21858,0,2037,4085,32598,36683,0,0,0,0,1903,0,1903
2019-05-26 00:00:00+00:00,2019,5,26,port1282,Tema,Ghana,GHA,1,2,0,1,1,4,5,9767,6577,0,0,17210,16344,33555,0,0,0,0,0,0,0
2019-05-27 00:00:00+00:00,2019,5,27,port1282,Tema,Ghana,GHA,0,1,0,0,0,1,1,0,2886,0,0,0,2886,2886,0,0,0,0,0,0,0
2019-05-28 00:00:00+00:00,2019,5,28,port1282,Tema,Ghana,GHA,2,0,0,0,0,2,2,5087,0,0,0,0,5087,5087,1745,0,0,0,0,1745,1745
2019-05-29 00:00:00+00:00,2019,5,29,port1282,Tema,Ghana,GHA,3,3,0,0,0,6,6,20124,18627,0,0,0,38752,38752,1440,0,0,0,0,1440,1440
2019-05-30 00:00:00+00:00,2019,5,30,port1282,Tema,Ghana,GHA,2,0,0,0,0,2,2,9985,0,0,0,0,9985,9985,0,0,0,0,0,0,0
2019-05-31 00:00:00+00:00,2019,5,31,port1282,Tema,Ghana,GHA,1,0,1,0,2,2,4,5355,0,2084,0,4085,7440,11526,0,0,775,0,1903,775,2679
2019-06-01 00:00:00+00:00,2019,6,1,port1282,Tema,Ghana,GHA,3,0,0,0,2,3,5,29310,0,0,0,0,29310,29310,1440,0,0,0,8620,1440,10060
2019-06-02 00:00:00+00:00,2019,6,2,port1282,Tema,Ghana,GHA,0,2,0,0,1,2,3,0,3696,0,0,4085,3696,7782,0,0,0,0,1903,0,1903
2019-06-03 00:00:00+00:00,2019,6,3,port1282,Tema,Ghana,GHA,1,0,0,0,0,1,1,0,0,0,0,0,0,0,0,0,0,0,0,0,0
2019-06-04 00:00:00+00:00,2019,6,4,port1282,Tema,Ghana,GHA,2,0,0,0,1,2,3,14204,0,0,0,4085,14204,18289,0,0,0,0,1903,0,1903
2019-06-05 00:00:00+00:00,2019,6,5,port1282,Tema,Ghana,GHA,3,0,0,1,1,4,5,8207,0,0,0,478,8207,8685,3844,0,0,0,0,3844,3844
2019-06-06 00:00:00+00:00,2019,6,6,port1282,Tema,Ghana,GHA,1,1,0,0,0,2,2,5785,7128,0,0,0,12914,12914,0,0,0,0,0,0,0
2019-06-07 00:00:00+00:00,2019,6,7,port1282,Tema,Ghana,GHA,2,2,0,0,0,4,4,21050,43161,0,0,0,64212,64212,1440,0,0,0,0,1440,1440
2019-06-08 00:00:00+00:00,2019,6,8,port1282,Tema,Ghana,GHA,0,0,0,0,1,0,1,0,0,0,0,3074,0,3074,0,0,0,0,0,0,0
2019-06-09 00:00:00+00:00,2019,6,9,port1282,Tema,Ghana,GHA,1,1,0,0,2,2,4,8428,0,0,0,2317,8428,10745,0,0,0,0,0,0,0
2019-06-10 00:00:00+00:00,2019,6,10,port1282,Tema,Ghana,GHA,2,0,1,0,0,3,3,24021,0,1140,0,0,25161,25161,0,0,0,0,0,0,0
2019-06-11 00:00:00+00:00,2019,6,11,port1282,Tema,Ghana,GHA,2,1,0,0,0,3,3,10639,20399,0,0,0,31038,31038,1440,789,0,0,0,2229,2229
2019-06-12 00:00:00+00:00,2019,6,12,port1282,Tema,Ghana,GHA,2,2,1,1,1,6,7,6328,28466,1989,0,2254,36784,39038,734,0,0,0,0,734,734
2019-06-13 00:00:00+00:00,2019,6,13,port1282,Tema,Ghana,GHA,1,0,0,0,0,1,1,0,0,0,0,0,0,0,3129,0,0,0,0,3129,3129
2019-06-14 00:00:00+00:00,2019,6,14,port1282,Tema,Ghana,GHA,3,0,0,0,0,3,3,21573,0,0,0,0,21573,21573,0,0,0,0,0,0,0
2019-06-15 00:00:00+00:00,2019,6,15,port1282,Tema,Ghana,GHA,2,0,0,1,1,3,4,5527,0,0,0,15031,5527,20559,0,0,0,515,0,515,515
2019-06-16 00:00:00+00:00,2019,6,16,port1282,Tema,Ghana,GHA,3,0,0,0,1,3,4,28023,0,0,0,4085,28023,32109,0,0,0,0,1903,0,1903
2019-06-17 00:00:00+00:00,2019,6,17,port1282,Tema,Ghana,GHA,1,1,1,0,1,3,4,10229,0,2084,0,0,12314,12314,0,570,775,0,0,1346,1346
2019-06-18 00:00:00+00:00,2019,6,18,port1282,Tema,Ghana,GHA,1,1,0,0,0,2,2,11748,38771,0,0,0,50519,50519,0,0,0,0,0,0,0
2019-06-19 00:00:00+00:00,2019,6,19,port1282,Tema,Ghana,GHA,0,0,0,0,1,0,1,0,0,0,0,1373,0,1373,0,0,0,0,0,0,0
2019-06-20 00:00:00+00:00,2019,6,20,port1282,Tema,Ghana,GHA,2,0,1,0,0,3,3,6507,0,0,0,0,6507,6507,0,0,2542,0,0,2542,2542
2019-06-21 00:00:00+00:00,2019,6,21,port1282,Tema,Ghana,GHA,3,0,0,1,1,4,5,25120,0,0,0,4085,25120,29206,0,0,0,0,1903,0,1903
2019-06-22 00:00:00+00:00,2019,6,22,port1282,Tema,Ghana,GHA,0,1,0,0,1,1,2,0,0,0,0,0,0,0,0,0,0,0,0,0,0
2019-06-23 00:00:00+00:00,2019,6,23,port1282,Tema,Ghana,GHA,2,2,0,0,0,4,4,13668,6343,0,0,0,20011,20011,0,0,0,0,0,0,0
2019-06-24 00:00:00+00:00,2019,6,24,port1282,Tema,Ghana,GHA,1,1,1,0,0,3,3,0,0,399,0,0,399,399,0,0,0,0,0,0,0
2019-06-25 00:00:00+00:00,2019,6,25,port1282,Tema,Ghana,GHA,1,1,0,0,3,2,5,0,12093,0,0,4540,12093,16634,0,0,0,0,1903,0,1903
2019-06-26 00:00:00+00:00,2019,6,26,port1282,Tema,Ghana,GHA,2,0,2,0,0,4,4,12210,0,9063,0,0,21274,21274,0,0,0,0,0,0,0
2019-06-27 00:00:00+00:00,2019,6,27,port1282,Tema,Ghana,GHA,3,1,1,0,0,5,5,8359,20357,4939,0,0,33656,33656,0,0,0,0,0,0,0
2019-06-28 00:00:00+00:00,2019,6,28,port1282,Tema,Ghana,GHA,2,0,1,0,0,3,3,15406,0,2084,0,0,17491,17491,0,0,775,0,0,775,775
2019-06-29 00:00:00+00:00,2019,6,29,port1282,Tema,Ghana,GHA,1,1,0,0,0,2,2,0,0,0,0,0,0,0,2603,0,0,0,0,2603,2603
2019-06-30 00:00:00+00:00,2019,6,30,port1282,Tema,Ghana,GHA,1,0,0,0,0,1,1,10155,0,0,0,0,10155,10155,0,0,0,0,0,0,0
2019-07-01 00:00:00+00:00,2019,7,1,port1282,Tema,Ghana,GHA,1,1,0,0,1,2,3,3496,28223,0,0,4085,31720,35805,0,0,0,0,1903,0,1903
2019-07-02 00:00:00+00:00,2019,7,2,port1282,Tema,Ghana,GHA,1,0,0,1,0,2,2,7340,0,0,2030,0,9370,9370,0,0,0,0,0,0,0
2019-07-03 00:00:00+00:00,2019,7,3,port1282,Tema,Ghana,GHA,3,2,0,1,1,6,7,40002,2065,0,3830,9378,45898,55277,0,0,0,0,0,0,0
2019-07-04 00:00:00+00:00,2019,7,4,port1282,Tema,Ghana,GHA,0,1,0,0,1,1,2,0,0,0,0,920,0,920,0,49871,0,0,0,49871,49871
2019-07-05 00:00:00+00:00,2019,7,5,port1282,Tema,Ghana,GHA,3,1,0,1,0,5,5,18778,50066,0,1146,0,69991,69991,0,0,0,25,0,25,25
2019-07-06 00:00:00+00:00,2019,7,6,port1282,Tema,Ghana,GHA,1,1,0,0,1,2,3,6350,8358,0,0,0,14709,14709,0,0,0,0,0,0,0
2019-07-07 00:00:00+00:00,2019,7,7,port1282,Tema,Ghana,GHA,2,3,0,0,1,5,6,0,25250,0,0,0,25250,25250,0,0,0,0,0,0,0
2019-07-08 00:00:00+00:00,2019,7,8,port1282,Tema,Ghana,GHA,2,0,0,0,1,2,3,4499,0,0,0,4085,4499,8585,0,0,0,0,1903,0,1903
2019-07-09 00:00:00+00:00,2019,7,9,port1282,Tema,Ghana,GHA,1,2,1,0,0,4,4,7618,48031,2084,0,0,57735,57735,0,789,775,0,0,1564,1564
2019-07-10 00:00:00+00:00,2019,7,10,port1282,Tema,Ghana,GHA,2,1,0,0,0,3,3,18685,15385,0,0,0,34070,34070,3938,0,0,0,0,3938,3938
2019-07-11 00:00:00+00:00,2019,7,11,port1282,Tema,Ghana,GHA,1,2,0,0,0,3,3,6404,4376,0,0,0,10780,10780,0,0,0,0,0,0,0
2019-07-12 00:00:00+00:00,2019,7,12,port1282,Tema,Ghana,GHA,1,0,0,0,0,1,1,2570,0,0,0,0,2570,2570,0,0,0,0,0,0,0
2019-07-13 00:00:00+00:00,2019,7,13,port1282,Tema,Ghana,GHA,2,1,0,0,0,3,3,17424,12076,0,0,0,29500,29500,0,0,0,0,0,0,0
2019-07-14 00:00:00+00:00,2019,7,14,port1282,Tema,Ghana,GHA,1,0,0,0,0,1,1,0,0,0,0,0,0,0,0,0,0,0,0,0,0
2019-07-15 00:00:00+00:00,2019,7,15,port1282,Tema,Ghana,GHA,1,2,0,0,0,3,3,8207,20399,0,0,0,28606,28606,1440,789,0,0,0,2229,2229
2019-07-16 00:00:00+00:00,2019,7,16,port1282,Tema,Ghana,GHA,1,0,0,1,0,2,2,20715,0,0,3644,0,24360,24360,0,0,0,0,0,0,0
2019-07-17 00:00:00+00:00,2019,7,17,port1282,Tema,Ghana,GHA,1,2,0,1,0,4,4,0,23561,0,0,0,23561,23561,0,0,0,0,0,0,0
2019-07-18 00:00:00+00:00,2019,7,18,port1282,Tema,Ghana,GHA,2,0,1,1,0,4,4,25109,0,0,1543,0,26653,26653,0,0,4218,0,0,4218,4218
2019-07-19 00:00:00+00:00,2019,7,19,port1282,Tema,Ghana,GHA,1,2,0,0,1,3,4,0,13765,0,0,15628,13765,29393,0,0,0,0,0,0,0
2019-07-20 00:00:00+00:00,2019,7,20,port1282,Tema,Ghana,GHA,2,0,0,0,0,2,2,10613,0,0,0,0,10613,10613,0,0,0,0,0,0,0
2019-07-21 00:00:00+00:00,2019,7,21,port1282,Tema,Ghana,GHA,1,0,0,0,0,1,1,7458,0,0,0,0,7458,7458,0,0,0,0,0,0,0
2019-07-22 00:00:00+00:00,2019,7,22,port1282,Tema,Ghana,GHA,1,2,0,0,1,3,4,17143,0,0,0,4085,17143,21228,0,17549,0,0,1903,17549,19452
2019-07-23 00:00:00+00:00,2019,7,23,port1282,Tema,Ghana,GHA,1,0,0,0,1,1,2,8207,0,0,0,2677,8207,10884,1440,0,0,0,0,1440,1440
2019-07-24 00:00:00+00:00,2019,7,24,port1282,Tema,Ghana,GHA,0,3,0,0,0,3,3,0,45510,0,0,0,45510,45510,0,0,0,0,0,0,0
2019-07-25 00:00:00+00:00,2019,7,25,port1282,Tema,Ghana,GHA,3,1,1,0,1,5,6,16414,26604,1881,0,0,44900,44900,2880,0,0,0,1217,2880,4097
2019-07-26 00:00:00+00:00,2019,7,26,port1282,Tema,Ghana,GHA,1,1,0,0,1,2,3,9607,16412,0,0,7119,26019,33138,0,0,0,0,839,0,839
2019-07-27 00:00:00+00:00,2019,7,27,port1282,Tema,Ghana,GHA,1,1,0,0,0,2,2,6645,0,0,0,0,6645,6645,0,0,0,0,0,0,0
2019-07-28 00:00:00+00:00,2019,7,28,port1282,Tema,Ghana,GHA,2,1,0,0,1,3,4,10379,24514,0,0,4085,34893,38979,0,0,0,0,1903,0,1903
2019-07-29 00:00:00+00:00,2019,7,29,port1282,Tema,Ghana,GHA,2,0,0,0,0,2,2,16846,0,0,0,0,16846,16846,0,0,0,0,0,0,0
2019-07-30 00:00:00+00:00,2019,7,30,port1282,Tema,Ghana,GHA,0,0,0,0,1,0,1,0,0,0,0,0,0,0,0,0,0,0,0,0,0
2019-07-31 00:00:00+00:00,2019,7,31,port1282,Tema,Ghana,GHA,2,0,0,0,0,2,2,11424,0,0,0,0,11424,11424,0,0,0,0,0,0,0
2019-08-01 00:00:00+00:00,2019,8,1,port1282,Tema,Ghana,GHA,2,0,1,0,1,3,4,9949,0,5930,0,16790,15879,32670,0,0,0,0,0,0,0
2019-08-02 00:00:00+00:00,2019,8,2,port1282,Tema,Ghana,GHA,1,2,0,0,1,3,4,15617,58736,0,0,4085,74353,78439,0,0,0,0,1903,0,1903
2019-08-03 00:00:00+00:00,2019,8,3,port1282,Tema,Ghana,GHA,3,1,0,1,1,5,6,19949,0,0,803,6155,20753,26908,7273,0,0,0,3183,7273,10457
2019-08-04 00:00:00+00:00,2019,8,4,port1282,Tema,Ghana,GHA,2,0,0,0,1,2,3,8207,0,0,0,4085,8207,12292,1440,0,0,0,1903,1440,3343
2019-08-05 00:00:00+00:00,2019,8,5,port1282,Tema,Ghana,GHA,2,0,1,0,1,3,4,23838,0,342,0,12409,24180,36590,0,0,361,0,0,361,361
2019-08-06 00:00:00+00:00,2019,8,6,port1282,Tema,Ghana,GHA,1,1,1,0,0,3,3,1753,3491,0,0,0,5244,5244,0,0,0,0,0,0,0
2019-08-07 00:00:00+00:00,2019,8,7,port1282,Tema,Ghana,GHA,0,0,1,0,0,1,1,0,0,2275,0,0,2275,2275,0,0,0,0,0,0,0
2019-08-08 00:00:00+00:00,2019,8,8,port1282,Tema,Ghana,GHA,3,0,0,0,1,3,4,13562,0,0,0,5664,13562,19227,1440,0,0,0,0,1440,1440
2019-08-09 00:00:00+00:00,2019,8,9,port1282,Tema,Ghana,GHA,1,0,0,0,1,1,2,14840,0,0,0,0,14840,14840,0,0,0,0,0,0,0
2019-08-10 00:00:00+00:00,2019,8,10,port1282,Tema,Ghana,GHA,2,0,0,0,1,2,3,13095,0,0,0,4085,13095,17181,0,0,0,0,1903,0,1903
2019-08-11 00:00:00+00:00,2019,8,11,port1282,Tema,Ghana,GHA,2,1,0,0,0,3,3,4126,29859,0,0,0,33986,33986,0,0,0,0,0,0,0
2019-08-12 00:00:00+00:00,2019,8,12,port1282,Tema,Ghana,GHA,1,0,1,2,1,4,5,24516,0,1461,0,0,25977,25977,0,0,0,0,0,0,0
2019-08-13 00:00:00+00:00,2019,8,13,port1282,Tema,Ghana,GHA,1,1,0,0,0,2,2,4717,6611,0,0,0,11328,11328,0,0,0,0,0,0,0
2019-08-14 00:00:00+00:00,2019,8,14,port1282,Tema,Ghana,GHA,3,0,1,0,0,4,4,7702,0,7798,0,0,15501,15501,8308,0,0,0,0,8308,8308
2019-08-15 00:00:00+00:00,2019,8,15,port1282,Tema,Ghana,GHA,3,1,0,0,1,4,5,14886,0,0,0,0,14886,14886,0,0,0,0,0,0,0
2019-08-16 00:00:00+00:00,2019,8,16,port1282,Tema,Ghana,GHA,0,1,0,0,1,1,2,0,41063,0,0,0,41063,41063,0,0,0,0,0,0,0
2019-08-17 00:00:00+00:00,2019,8,17,port1282,Tema,Ghana,GHA,0,1,0,1,1,2,3,0,5352,0,0,0,5352,5352,0,0,0,0,6817,0,6817
2019-08-18 00:00:00+00:00,2019,8,18,port1282,Tema,Ghana,GHA,0,0,0,0,0,0,0,0,0,0,0,0,0,0,0,0,0,0,0,0,0
2019-08-19 00:00:00+00:00,2019,8,19,port1282,Tema,Ghana,GHA,2,0,1,0,0,3,3,28767,0,0,0,0,28767,28767,0,0,246,0,0,246,246
2019-08-20 00:00:00+00:00,2019,8,20,port1282,Tema,Ghana,GHA,2,1,1,0,0,4,4,11164,5110,1277,0,0,17552,17552,0,0,0,0,0,0,0
2019-08-21 00:00:00+00:00,2019,8,21,port1282,Tema,Ghana,GHA,1,1,1,0,1,3,4,8207,22820,0,0,3929,31028,34957,1440,0,1617,0,0,3057,3057
2019-08-22 00:00:00+00:00,2019,8,22,port1282,Tema,Ghana,GHA,4,1,1,0,0,6,6,26552,28734,1901,0,0,57188,57188,27,0,0,0,0,27,27
2019-08-23 00:00:00+00:00,2019,8,23,port1282,Tema,Ghana,GHA,1,0,0,0,0,1,1,0,0,0,0,0,0,0,0,0,0,0,0,0,0
2019-08-24 00:00:00+00:00,2019,8,24,port1282,Tema,Ghana,GHA,2,2,0,1,1,5,6,18262,28819,0,1146,4085,48227,52313,0,0,0,25,1903,25,1929
2019-08-25 00:00:00+00:00,2019,8,25,port1282,Tema,Ghana,GHA,1,0,0,0,0,1,1,15694,0,0,0,0,15694,15694,0,0,0,0,0,0,0
2019-08-26 00:00:00+00:00,2019,8,26,port1282,Tema,Ghana,GHA,2,1,1,0,1,4,5,14775,29277,3913,0,7119,47966,55085,0,0,0,0,839,0,839
2019-08-27 00:00:00+00:00,2019,8,27,port1282,Tema,Ghana,GHA,2,2,0,0,2,4,6,10284,6022,0,0,4085,16306,20392,0,0,0,0,1903,0,1903
2019-08-28 00:00:00+00:00,2019,8,28,port1282,Tema,Ghana,GHA,2,1,0,0,0,3,3,17362,0,0,0,0,17362,17362,0,0,0,0,0,0,0
2019-08-29 00:00:00+00:00,2019,8,29,port1282,Tema,Ghana,GHA,2,0,2,0,0,4,4,9938,0,7670,0,0,17609,17609,0,0,0,0,0,0,0
2019-08-30 00:00:00+00:00,2019,8,30,port1282,Tema,Ghana,GHA,3,0,0,1,1,4,5,38207,0,0,1146,2629,39353,41982,0,0,0,25,0,25,25
2019-08-31 00:00:00+00:00,2019,8,31,port1282,Tema,Ghana,GHA,1,4,1,0,0,6,6,0,36239,3957,0,0,40196,40196,2905,0,0,0,0,2905,2905
2019-09-01 00:00:00+00:00,2019,9,1,port1282,Tema,Ghana,GHA,0,1,2,0,1,3,4,0,0,214,0,9547,214,9761,0,0,0,0,0,0,0
2019-09-02 00:00:00+00:00,2019,9,2,port1282,Tema,Ghana,GHA,0,0,0,0,0,0,0,0,0,0,0,0,0,0,0,0,0,0,0,0,0
2019-09-03 00:00:00+00:00,2019,9,3,port1282,Tema,Ghana,GHA,2,1,2,0,1,5,6,10142,47177,5872,0,0,63192,63192,0,0,775,0,0,775,775
2019-09-04 00:00:00+00:00,2019,9,4,port1282,Tema,Ghana,GHA,2,2,0,0,2,4,6,12487,2201,0,0,3342,14688,18031,0,0,0,0,0,0,0
2019-09-05 00:00:00+00:00,2019,9,5,port1282,Tema,Ghana,GHA,3,0,1,0,1,4,5,14664,0,2816,0,6155,17481,23636,0,0,0,0,3183,0,3183
2019-09-06 00:00:00+00:00,2019,9,6,port1282,Tema,Ghana,GHA,2,0,1,1,0,4,4,30767,0,2692,0,0,33459,33459,0,0,0,0,0,0,0
2019-09-07 00:00:00+00:00,2019,9,7,port1282,Tema,Ghana,GHA,1,1,0,0,1,2,3,520,19211,0,0,0,19731,19731,0,0,0,0,0,0,0
2019-09-08 00:00:00+00:00,2019,9,8,port1282,Tema,Ghana,GHA,1,1,0,0,0,2,2,863,20399,0,0,0,21262,21262,27,789,0,0,0,816,816
2019-09-09 00:00:00+00:00,2019,9,9,port1282,Tema,Ghana,GHA,4,0,0,0,1,4,5,16414,0,0,0,458,16414,16873,3317,0,0,0,0,3317,3317
2019-09-10 00:00:00+00:00,2019,9,10,port1282,Tema,Ghana,GHA,2,2,0,0,0,4,4,9577,9058,0,0,0,18635,18635,0,0,0,0,0,0,0
2019-09-11 00:00:00+00:00,2019,9,11,port1282,Tema,Ghana,GHA,3,1,0,0,0,4,4,50467,27064,0,0,0,77532,77532,0,0,0,0,0,0,0
2019-09-12 00:00:00+00:00,2019,9,12,port1282,Tema,Ghana,GHA,1,0,0,2,0,3,3,8391,0,0,2037,0,10429,10429,0,0,0,0,0,0,0
2019-09-13 00:00:00+00:00,2019,9,13,port1282,Tema,Ghana,GHA,2,0,0,0,1,2,3,15079,0,0,0,10963,15079,26042,0,0,0,0,0,0,0
2019-09-14 00:00:00+00:00,2019,9,14,port1282,Tema,Ghana,GHA,1,2,0,0,0,3,3,6274,29341,0,0,0,35615,35615,0,0,0,0,0,0,0
2019-09-15 00:00:00+00:00,2019,9,15,port1282,Tema,Ghana,GHA,1,1,0,0,0,2,2,17106,2330,0,0,0,19436,19436,0,0,0,0,0,0,0
2019-09-16 00:00:00+00:00,2019,9,16,port1282,Tema,Ghana,GHA,1,0,0,1,1,2,3,5719,0,0,0,0,5719,5719,0,0,0,0,0,0,0
2019-09-17 00:00:00+00:00,2019,9,17,port1282,Tema,Ghana,GHA,3,1,0,0,0,4,4,9635,31058,0,0,0,40694,40694,0,0,0,0,0,0,0
2019-09-18 00:00:00+00:00,2019,9,18,port1282,Tema,Ghana,GHA,0,0,0,0,0,0,0,0,0,0,0,0,0,0,0,0,0,0,0,0,0
2019-09-19 00:00:00+00:00,2019,9,19,port1282,Tema,Ghana,GHA,3,0,0,0,0,3,3,20765,0,0,0,0,20765,20765,2880,0,0,0,0,2880,2880
2019-09-20 00:00:00+00:00,2019,9,20,port1282,Tema,Ghana,GHA,3,1,2,0,0,6,6,32736,10481,2084,0,0,45303,45303,0,0,775,0,0,775,775
2019-09-21 00:00:00+00:00,2019,9,21,port1282,Tema,Ghana,GHA,1,2,1,0,1,4,5,0,8729,392,0,0,9121,9121,0,0,0,0,0,0,0
2019-09-22 00:00:00+00:00,2019,9,22,port1282,Tema,Ghana,GHA,1,1,0,0,1,2,3,0,8818,0,0,10093,8818,18911,0,0,0,0,0,0,0
2019-09-23 00:00:00+00:00,2019,9,23,port1282,Tema,Ghana,GHA,2,0,0,1,0,3,3,25056,0,0,3540,0,28597,28597,0,0,0,0,0,0,0
2019-09-24 00:00:00+00:00,2019,9,24,port1282,Tema,Ghana,GHA,2,1,0,0,0,3,3,8773,21487,0,0,0,30260,30260,0,0,0,0,0,0,0
2019-09-25 00:00:00+00:00,2019,9,25,port1282,Tema,Ghana,GHA,1,1,0,0,1,2,3,23820,10979,0,0,0,34800,34800,0,0,0,0,206,0,206
2019-09-26 00:00:00+00:00,2019,9,26,port1282,Tema,Ghana,GHA,1,1,1,1,1,4,5,12089,0,917,0,0,13006,13006,0,0,0,0,27578,0,27578
2019-09-27 00:00:00+00:00,2019,9,27,port1282,Tema,Ghana,GHA,2,2,0,0,0,4,4,29379,30919,0,0,0,60298,60298,1440,0,0,0,0,1440,1440
2019-09-28 00:00:00+00:00,2019,9,28,port1282,Tema,Ghana,GHA,0,1,0,0,0,1,1,0,19064,0,0,0,19064,19064,0,0,0,0,0,0,0
2019-09-29 00:00:00+00:00,2019,9,29,port1282,Tema,Ghana,GHA,0,0,0,0,0,0,0,0,0,0,0,0,0,0,0,0,0,0,0,0,0
2019-09-30 00:00:00+00:00,2019,9,30,port1282,Tema,Ghana,GHA,2,1,0,0,0,3,3,14056,5972,0,0,0,20029,20029,0,0,0,0,0,0,0
2019-10-01 00:00:00+00:00,2019,10,1,port1282,Tema,Ghana,GHA,2,2,0,1,1,5,6,11403,52781,0,1146,0,65331,65331,0,0,0,25,0,25,25
2019-10-02 00:00:00+00:00,2019,10,2,port1282,Tema,Ghana,GHA,3,0,1,0,0,4,4,30699,0,0,0,0,30699,30699,0,0,5918,0,0,5918,5918
2019-10-03 00:00:00+00:00,2019,10,3,port1282,Tema,Ghana,GHA,1,1,0,0,0,2,2,7615,0,0,0,0,7615,7615,0,0,0,0,0,0,0
2019-10-04 00:00:00+00:00,2019,10,4,port1282,Tema,Ghana,GHA,0,2,0,0,1,2,3,0,16725,0,0,0,16725,16725,0,0,0,0,518,0,518
2019-10-05 00:00:00+00:00,2019,10,5,port1282,Tema,Ghana,GHA,2,0,0,0,1,2,3,27389,0,0,0,0,27389,27389,1440,0,0,0,0,1440,1440
2019-10-06 00:00:00+00:00,2019,10,6,port1282,Tema,Ghana,GHA,2,0,0,0,1,2,3,6616,0,0,0,0,6616,6616,14980,0,0,0,0,14980,14980
2019-10-07 00:00:00+00:00,2019,10,7,port1282,Tema,Ghana,GHA,2,0,0,0,0,2,2,9283,0,0,0,0,9283,9283,0,0,0,0,0,0,0
2019-10-08 00:00:00+00:00,2019,10,8,port1282,Tema,Ghana,GHA,2,0,0,0,0,2,2,7668,0,0,0,0,7668,7668,0,0,0,0,0,0,0
2019-10-09 00:00:00+00:00,2019,10,9,port1282,Tema,Ghana,GHA,0,0,0,0,0,0,0,0,0,0,0,0,0,0,0,0,0,0,0,0,0
2019-10-10 00:00:00+00:00,2019,10,10,port1282,Tema,Ghana,GHA,3,1,0,1,1,5,6,12588,0,0,514,12423,13102,25525,0,0,0,0,0,0,0
2019-10-11 00:00:00+00:00,2019,10,11,port1282,Tema,Ghana,GHA,0,0,0,0,1,0,1,0,0,0,0,5859,0,5859,0,0,0,0,0,0,0
2019-10-12 00:00:00+00:00,2019,10,12,port1282,Tema,Ghana,GHA,0,1,1,0,0,2,2,0,31332,0,0,0,31332,31332,0,0,0,0,0,0,0
2019-10-13 00:00:00+00:00,2019,10,13,port1282,Tema,Ghana,GHA,1,1,0,1,1,3,4,0,30553,0,0,0,30553,30553,3559,0,0,0,0,3559,3559
2019-10-14 00:00:00+00:00,2019,10,14,port1282,Tema,Ghana,GHA,2,0,1,1,0,4,4,42456,0,0,0,0,42456,42456,0,0,262,0,0,262,262
2019-10-15 00:00:00+00:00,2019,10,15,port1282,Tema,Ghana,GHA,3,2,0,0,0,5,5,29313,39776,0,0,0,69089,69089,0,1711,0,0,0,1711,1711
2019-10-16 00:00:00+00:00,2019,10,16,port1282,Tema,Ghana,GHA,0,0,0,1,1,1,2,0,0,0,0,0,0,0,0,0,0,0,0,0,0
2019-10-17 00:00:00+00:00,2019,10,17,port1282,Tema,Ghana,GHA,2,0,0,0,0,2,2,28860,0,0,0,0,28860,28860,0,0,0,0,0,0,0
2019-10-18 00:00:00+00:00,2019,10,18,port1282,Tema,Ghana,GHA,0,1,0,0,0,1,1,0,14075,0,0,0,14075,14075,0,0,0,0,0,0,0
2019-10-19 00:00:00+00:00,2019,10,19,port1282,Tema,Ghana,GHA,2,0,0,0,1,2,3,11120,0,0,0,6155,11120,17276,27,0,0,0,3183,27,3211
2019-10-20 00:00:00+00:00,2019,10,20,port1282,Tema,Ghana,GHA,2,0,0,0,1,2,3,8207,0,0,0,0,8207,8207,1440,0,0,0,0,1440,1440
2019-10-21 00:00:00+00:00,2019,10,21,port1282,Tema,Ghana,GHA,2,1,0,0,1,3,4,8207,0,0,0,0,8207,8207,1440,0,0,0,0,1440,1440
2019-10-22 00:00:00+00:00,2019,10,22,port1282,Tema,Ghana,GHA,3,1,0,1,0,5,5,41307,26352,0,512,0,68172,68172,1440,0,0,0,0,1440,1440
2019-10-23 00:00:00+00:00,2019,10,23,port1282,Tema,Ghana,GHA,0,2,1,0,0,3,3,0,15057,591,0,0,15648,15648,0,0,0,0,0,0,0
2019-10-24 00:00:00+00:00,2019,10,24,port1282,Tema,Ghana,GHA,1,0,0,0,1,1,2,13948,0,0,0,18162,13948,32111,0,0,0,0,0,0,0
2019-10-25 00:00:00+00:00,2019,10,25,port1282,Tema,Ghana,GHA,2,3,0,1,0,6,6,15223,52090,0,2193,0,69508,69508,0,0,0,0,0,0,0
2019-10-26 00:00:00+00:00,2019,10,26,port1282,Tema,Ghana,GHA,3,1,0,0,0,4,4,11537,1888,0,0,0,13425,13425,0,0,0,0,0,0,0
2019-10-27 00:00:00+00:00,2019,10,27,port1282,Tema,Ghana,GHA,2,1,0,0,0,3,3,3211,4406,0,0,0,7618,7618,2138,0,0,0,0,2138,2138
2019-10-28 00:00:00+00:00,2019,10,28,port1282,Tema,Ghana,GHA,0,1,2,0,0,3,3,0,3182,2782,0,0,5964,5964,0,0,2475,0,0,2475,2475
2019-10-29 00:00:00+00:00,2019,10,29,port1282,Tema,Ghana,GHA,3,0,0,1,1,4,5,46630,0,0,0,1550,46630,48181,0,0,0,0,0,0,0
2019-10-30 00:00:00+00:00,2019,10,30,port1282,Tema,Ghana,GHA,1,2,0,0,1,3,4,7818,47072,0,0,0,54891,54891,0,0,0,0,0,0,0
2019-10-31 00:00:00+00:00,2019,10,31,port1282,Tema,Ghana,GHA,2,1,0,0,1,3,4,5171,0,0,0,0,5171,5171,0,0,0,0,25541,0,25541
2019-11-01 00:00:00+00:00,2019,11,1,port1282,Tema,Ghana,GHA,2,0,1,0,0,3,3,7542,0,999,0,0,8542,8542,0,0,0,0,0,0,0
2019-11-02 00:00:00+00:00,2019,11,2,port1282,Tema,Ghana,GHA,2,0,1,0,0,3,3,23336,0,1618,0,0,24955,24955,0,0,0,0,0,0,0
2019-11-03 00:00:00+00:00,2019,11,3,port1282,Tema,Ghana,GHA,0,1,0,0,1,1,2,0,18894,0,0,0,18894,18894,0,0,0,0,0,0,0
2019-11-04 00:00:00+00:00,2019,11,4,port1282,Tema,Ghana,GHA,3,0,0,0,0,3,3,12756,0,0,0,0,12756,12756,7325,0,0,0,0,7325,7325
2019-11-05 00:00:00+00:00,2019,11,5,port1282,Tema,Ghana,GHA,1,1,0,0,0,2,2,29334,28561,0,0,0,57895,57895,0,0,0,0,0,0,0
2019-11-06 00:00:00+00:00,2019,11,6,port1282,Tema,Ghana,GHA,1,0,0,0,0,1,1,4769,0,0,0,0,4769,4769,0,0,0,0,0,0,0
2019-11-07 00:00:00+00:00,2019,11,7,port1282,Tema,Ghana,GHA,3,1,0,0,0,4,4,24586,20399,0,0,0,44985,44985,0,789,0,0,0,789,789
2019-11-08 00:00:00+00:00,2019,11,8,port1282,Tema,Ghana,GHA,1,0,0,0,1,1,2,0,0,0,0,0,0,0,8917,0,0,0,0,8917,8917
2019-11-09 00:00:00+00:00,2019,11,9,port1282,Tema,Ghana,GHA,1,0,0,0,0,1,1,9833,0,0,0,0,9833,9833,0,0,0,0,0,0,0
2019-11-10 00:00:00+00:00,2019,11,10,port1282,Tema,Ghana,GHA,3,0,0,1,0,4,4,9023,0,0,0,0,9023,9023,0,0,0,0,0,0,0
2019-11-11 00:00:00+00:00,2019,11,11,port1282,Tema,Ghana,GHA,3,1,0,2,1,6,7,34098,28585,0,1107,7119,63792,70911,628,0,0,0,839,628,1467
2019-11-12 00:00:00+00:00,2019,11,12,port1282,Tema,Ghana,GHA,0,2,0,0,0,2,2,0,47640,0,0,0,47640,47640,0,0,0,0,0,0,0
2019-11-13 00:00:00+00:00,2019,11,13,port1282,Tema,Ghana,GHA,4,0,0,0,0,4,4,47296,0,0,0,0,47296,47296,0,0,0,0,0,0,0
2019-11-14 00:00:00+00:00,2019,11,14,port1282,Tema,Ghana,GHA,3,3,0,0,2,6,8,10902,45505,0,0,0,56408,56408,9464,0,0,0,0,9464,9464
2019-11-15 00:00:00+00:00,2019,11,15,port1282,Tema,Ghana,GHA,1,1,0,0,1,2,3,0,25563,0,0,0,25563,25563,1077,0,0,0,28755,1077,29832
2019-11-16 00:00:00+00:00,2019,11,16,port1282,Tema,Ghana,GHA,0,2,2,0,0,4,4,0,29814,486,0,0,30301,30301,0,789,1215,0,0,2004,2004
2019-11-17 00:00:00+00:00,2019,11,17,port1282,Tema,Ghana,GHA,3,0,0,0,0,3,3,25318,0,0,0,0,25318,25318,1440,0,0,0,0,1440,1440
2019-11-18 00:00:00+00:00,2019,11,18,port1282,Tema,Ghana,GHA,2,2,1,0,0,5,5,18423,9227,0,0,0,27650,27650,1501,0,0,0,0,1501,1501
2019-11-19 00:00:00+00:00,2019,11,19,port1282,Tema,Ghana,GHA,3,0,0,0,1,3,4,26064,0,0,0,16689,26064,42753,0,0,0,0,0,0,0
2019-11-20 00:00:00+00:00,2019,11,20,port1282,Tema,Ghana,GHA,0,1,0,0,0,1,1,0,38793,0,0,0,38793,38793,0,0,0,0,0,0,0
2019-11-21 00:00:00+00:00,2019,11,21,port1282,Tema,Ghana,GHA,2,0,0,0,2,2,4,10246,0,0,0,0,10246,10246,3626,0,0,0,0,3626,3626
2019-11-22 00:00:00+00:00,2019,11,22,port1282,Tema,Ghana,GHA,1,0,0,1,0,2,2,3448,0,0,1146,0,4594,4594,0,0,0,25,0,25,25
2019-11-23 00:00:00+00:00,2019,11,23,port1282,Tema,Ghana,GHA,1,0,1,0,0,2,2,5134,0,0,0,0,5134,5134,0,0,6178,0,0,6178,6178
2019-11-24 00:00:00+00:00,2019,11,24,port1282,Tema,Ghana,GHA,2,0,0,0,0,2,2,12373,0,0,0,0,12373,12373,0,0,0,0,0,0,0
2019-11-25 00:00:00+00:00,2019,11,25,port1282,Tema,Ghana,GHA,1,2,0,1,0,4,4,7040,29138,0,0,0,36178,36178,0,789,0,1464,0,2254,2254
2019-11-26 00:00:00+00:00,2019,11,26,port1282,Tema,Ghana,GHA,2,1,0,0,1,3,4,23845,31031,0,0,0,54877,54877,0,0,0,0,0,0,0
2019-11-27 00:00:00+00:00,2019,11,27,port1282,Tema,Ghana,GHA,1,1,1,0,0,3,3,0,4446,0,0,0,4446,4446,0,0,0,0,0,0,0
2019-11-28 00:00:00+00:00,2019,11,28,port1282,Tema,Ghana,GHA,3,0,0,2,0,5,5,43696,0,0,2429,0,46125,46125,0,0,0,0,0,0,0
2019-11-29 00:00:00+00:00,2019,11,29,port1282,Tema,Ghana,GHA,0,1,0,0,0,1,1,0,20399,0,0,0,20399,20399,0,789,0,0,0,789,789
2019-11-30 00:00:00+00:00,2019,11,30,port1282,Tema,Ghana,GHA,3,0,0,0,1,3,4,42757,0,0,0,0,42757,42757,0,0,0,0,0,0,0
2019-12-01 00:00:00+00:00,2019,12,1,port1282,Tema,Ghana,GHA,1,1,0,0,0,2,2,4047,6973,0,0,0,11020,11020,0,0,0,0,0,0,0
2019-12-02 00:00:00+00:00,2019,12,2,port1282,Tema,Ghana,GHA,2,0,0,0,0,2,2,8207,0,0,0,0,8207,8207,4304,0,0,0,0,4304,4304
2019-12-03 00:00:00+00:00,2019,12,3,port1282,Tema,Ghana,GHA,4,0,1,0,0,5,5,46825,0,1949,0,0,48774,48774,0,0,0,0,0,0,0
2019-12-04 00:00:00+00:00,2019,12,4,port1282,Tema,Ghana,GHA,0,0,0,0,0,0,0,0,0,0,0,0,0,0,0,0,0,0,0,0,0
2019-12-05 00:00:00+00:00,2019,12,5,port1282,Tema,Ghana,GHA,0,1,0,0,1,1,2,0,0,0,0,0,0,0,0,0,0,0,0,0,0
2019-12-06 00:00:00+00:00,2019,12,6,port1282,Tema,Ghana,GHA,2,2,0,0,0,4,4,19167,47828,0,0,0,66995,66995,0,789,0,0,0,789,789
2019-12-07 00:00:00+00:00,2019,12,7,port1282,Tema,Ghana,GHA,2,1,0,0,1,3,4,41371,24634,0,0,0,66005,66005,1440,0,0,0,10093,1440,11533
2019-12-08 00:00:00+00:00,2019,12,8,port1282,Tema,Ghana,GHA,0,0,0,0,0,0,0,0,0,0,0,0,0,0,0,0,0,0,0,0,0
2019-12-09 00:00:00+00:00,2019,12,9,port1282,Tema,Ghana,GHA,2,1,0,0,1,3,4,8643,38185,0,0,0,46828,46828,0,0,0,0,0,0,0
2019-12-10 00:00:00+00:00,2019,12,10,port1282,Tema,Ghana,GHA,1,0,0,0,0,1,1,8207,0,0,0,0,8207,8207,1440,0,0,0,0,1440,1440
2019-12-11 00:00:00+00:00,2019,12,11,port1282,Tema,Ghana,GHA,2,0,0,0,1,2,3,20021,0,0,0,0,20021,20021,1440,0,0,0,0,1440,1440
2019-12-12 00:00:00+00:00,2019,12,12,port1282,Tema,Ghana,GHA,0,1,0,0,1,1,2,0,27150,0,0,0,27150,27150,0,0,0,0,0,0,0
2019-12-13 00:00:00+00:00,2019,12,13,port1282,Tema,Ghana,GHA,1,1,0,0,0,2,2,8207,20399,0,0,0,28606,28606,1440,789,0,0,0,2229,2229
2019-12-14 00:00:00+00:00,2019,12,14,port1282,Tema,Ghana,GHA,1,0,0,1,0,2,2,8207,0,0,1146,0,9353,9353,1440,0,0,25,0,1465,1465
2019-12-15 00:00:00+00:00,2019,12,15,port1282,Tema,Ghana,GHA,4,1,0,0,0,5,5,21716,20399,0,0,0,42115,42115,2880,789,0,0,0,3669,3669
2019-12-16 00:00:00+00:00,2019,12,16,port1282,Tema,Ghana,GHA,0,1,1,2,0,4,4,0,30320,0,4603,0,34924,34924,0,0,0,25,0,25,25
2019-12-17 00:00:00+00:00,2019,12,17,port1282,Tema,Ghana,GHA,2,1,0,0,0,3,3,16414,0,0,0,0,16414,16414,2880,0,0,0,0,2880,2880
2019-12-18 00:00:00+00:00,2019,12,18,port1282,Tema,Ghana,GHA,1,1,0,0,0,2,2,506,27914,0,0,0,28421,28421,0,0,0,0,0,0,0
2019-12-19 00:00:00+00:00,2019,12,19,port1282,Tema,Ghana,GHA,4,1,0,0,0,5,5,32828,0,0,0,0,32828,32828,5760,0,0,0,0,5760,5760
2019-12-20 00:00:00+00:00,2019,12,20,port1282,Tema,Ghana,GHA,2,0,0,0,0,2,2,9234,0,0,0,0,9234,9234,1440,0,0,0,0,1440,1440
2019-12-21 00:00:00+00:00,2019,12,21,port1282,Tema,Ghana,GHA,3,1,0,0,1,4,5,8207,29810,0,0,6155,38017,44173,1440,0,0,0,3183,1440,4623
2019-12-22 00:00:00+00:00,2019,12,22,port1282,Tema,Ghana,GHA,3,1,0,0,1,4,5,18309,20399,0,0,6155,38708,44864,1467,789,0,0,3183,2257,5440
2019-12-23 00:00:00+00:00,2019,12,23,port1282,Tema,Ghana,GHA,2,0,0,0,1,2,3,16414,0,0,0,12862,16414,29276,2880,0,0,0,0,2880,2880
2019-12-24 00:00:00+00:00,2019,12,24,port1282,Tema,Ghana,GHA,3,0,1,1,1,5,6,8207,0,0,561,7119,8768,15887,3769,0,2096,0,839,5866,6705
2019-12-25 00:00:00+00:00,2019,12,25,port1282,Tema,Ghana,GHA,1,0,0,0,0,1,1,3252,0,0,0,0,3252,3252,0,0,0,0,0,0,0
2019-12-26 00:00:00+00:00,2019,12,26,port1282,Tema,Ghana,GHA,1,1,0,0,1,2,3,0,0,0,0,0,0,0,1755,57482,0,0,0,59238,59238
2019-12-27 00:00:00+00:00,2019,12,27,port1282,Tema,Ghana,GHA,1,1,0,0,1,2,3,8207,42305,0,0,0,50512,50512,1440,0,0,0,0,1440,1440
2019-12-28 00:00:00+00:00,2019,12,28,port1282,Tema,Ghana,GHA,3,0,0,1,0,4,4,14380,0,0,1146,0,15526,15526,1467,0,0,25,0,1493,1493
2019-12-29 00:00:00+00:00,2019,12,29,port1282,Tema,Ghana,GHA,1,1,0,0,0,2,2,8207,28762,0,0,0,36969,36969,1440,0,0,0,0,1440,1440
2019-12-30 00:00:00+00:00,2019,12,30,port1282,Tema,Ghana,GHA,1,0,0,1,0,2,2,8207,0,0,1123,0,9330,9330,1440,0,0,28,0,1468,1468
2019-12-31 00:00:00+00:00,2019,12,31,port1282,Tema,Ghana,GHA,2,0,1,0,0,3,3,16539,0,0,0,0,16539,16539,1440,0,0,0,0,1440,1440
2020-01-01 00:00:00+00:00,2020,1,1,port1282,Tema,Ghana,GHA,2,2,0,0,1,4,5,0,22932,0,0,10093,22932,33025,3764,0,0,0,0,3764,3764
2020-01-02 00:00:00+00:00,2020,1,2,port1282,Tema,Ghana,GHA,2,0,0,0,1,2,3,9897,0,0,0,0,9897,9897,0,0,0,0,0,0,0
2020-01-03 00:00:00+00:00,2020,1,3,port1282,Tema,Ghana,GHA,1,0,0,1,1,2,3,14791,0,0,0,0,14791,14791,0,0,0,0,0,0,0
2020-01-04 00:00:00+00:00,2020,1,4,port1282,Tema,Ghana,GHA,2,1,0,0,0,3,3,14881,22810,0,0,0,37691,37691,0,0,0,0,0,0,0
2020-01-05 00:00:00+00:00,2020,1,5,port1282,Tema,Ghana,GHA,3,0,1,1,0,5,5,27654,0,0,0,0,27654,27654,0,0,2354,0,0,2354,2354
2020-01-06 00:00:00+00:00,2020,1,6,port1282,Tema,Ghana,GHA,3,2,0,0,0,5,5,27074,10271,0,0,0,37345,37345,0,0,0,0,0,0,0
2020-01-07 00:00:00+00:00,2020,1,7,port1282,Tema,Ghana,GHA,3,0,0,0,0,3,3,21331,0,0,0,0,21331,21331,0,0,0,0,0,0,0
2020-01-08 00:00:00+00:00,2020,1,8,port1282,Tema,Ghana,GHA,1,0,0,0,2,1,3,0,0,0,0,10442,0,10442,670,0,0,0,3183,670,3853
2020-01-09 00:00:00+00:00,2020,1,9,port1282,Tema,Ghana,GHA,3,0,0,0,1,3,4,8207,0,0,0,0,8207,8207,6990,0,0,0,0,6990,6990
2020-01-10 00:00:00+00:00,2020,1,10,port1282,Tema,Ghana,GHA,1,0,0,0,0,1,1,14808,0,0,0,0,14808,14808,0,0,0,0,0,0,0
2020-01-11 00:00:00+00:00,2020,1,11,port1282,Tema,Ghana,GHA,2,0,0,1,0,3,3,39391,0,0,1146,0,40538,40538,0,0,0,25,0,25,25
2020-01-12 00:00:00+00:00,2020,1,12,port1282,Tema,Ghana,GHA,3,2,1,0,0,6,6,12433,39428,3948,0,0,55810,55810,2397,0,0,0,0,2397,2397
2020-01-13 00:00:00+00:00,2020,1,13,port1282,Tema,Ghana,GHA,2,2,0,0,0,4,4,3135,36449,0,0,0,39585,39585,0,789,0,0,0,789,789
2020-01-14 00:00:00+00:00,2020,1,14,port1282,Tema,Ghana,GHA,1,2,0,0,1,3,4,0,70278,0,0,7119,70278,77397,5063,789,0,0,839,5852,6691
2020-01-15 00:00:00+00:00,2020,1,15,port1282,Tema,Ghana,GHA,1,0,0,2,0,3,3,12374,0,0,1146,0,13521,13521,0,0,0,25,0,25,25
2020-01-16 00:00:00+00:00,2020,1,16,port1282,Tema,Ghana,GHA,0,1,0,0,0,1,1,0,0,0,0,0,0,0,0,0,0,0,0,0,0
2020-01-17 00:00:00+00:00,2020,1,17,port1282,Tema,Ghana,GHA,3,3,0,0,1,6,7,31194,54186,0,0,0,85380,85380,2880,789,0,0,0,3669,3669
2020-01-18 00:00:00+00:00,2020,1,18,port1282,Tema,Ghana,GHA,1,2,0,0,0,3,3,15044,20291,0,0,0,35335,35335,0,0,0,0,0,0,0
2020-01-19 00:00:00+00:00,2020,1,19,port1282,Tema,Ghana,GHA,1,1,0,0,0,2,2,8207,34265,0,0,0,42472,42472,1440,0,0,0,0,1440,1440
2020-01-20 00:00:00+00:00,2020,1,20,port1282,Tema,Ghana,GHA,0,1,2,1,0,4,4,0,20399,1226,1146,0,22772,22772,0,789,0,25,0,815,815
2020-01-21 00:00:00+00:00,2020,1,21,port1282,Tema,Ghana,GHA,4,0,0,0,2,4,6,34837,0,0,0,18561,34837,53399,1440,0,0,0,3183,1440,4623
2020-01-22 00:00:00+00:00,2020,1,22,port1282,Tema,Ghana,GHA,1,1,0,0,1,2,3,0,0,0,0,7119,0,7119,0,0,0,0,839,0,839
2020-01-23 00:00:00+00:00,2020,1,23,port1282,Tema,Ghana,GHA,3,0,1,0,0,4,4,8853,0,2084,0,0,10938,10938,15078,0,775,0,0,15853,15853
2020-01-24 00:00:00+00:00,2020,1,24,port1282,Tema,Ghana,GHA,1,1,0,0,3,2,5,4209,1638,0,0,0,5847,5847,0,0,0,0,0,0,0
2020-01-25 00:00:00+00:00,2020,1,25,port1282,Tema,Ghana,GHA,2,2,0,0,0,4,4,19408,18306,0,0,0,37715,37715,1440,0,0,0,0,1440,1440
2020-01-26 00:00:00+00:00,2020,1,26,port1282,Tema,Ghana,GHA,2,1,1,1,0,5,5,9070,2782,2084,1146,0,15084,15084,1467,0,775,25,0,2269,2269
2020-01-27 00:00:00+00:00,2020,1,27,port1282,Tema,Ghana,GHA,2,1,1,0,0,4,4,16414,20399,2084,0,0,38898,38898,2880,789,775,0,0,4445,4445
2020-01-28 00:00:00+00:00,2020,1,28,port1282,Tema,Ghana,GHA,4,2,0,0,1,6,7,34852,40798,0,0,4085,75651,79736,5067,1578,0,0,1903,6645,8549
2020-01-29 00:00:00+00:00,2020,1,29,port1282,Tema,Ghana,GHA,1,2,0,1,0,4,4,1518,42568,0,1146,0,45232,45232,0,789,0,25,0,815,815
2020-01-30 00:00:00+00:00,2020,1,30,port1282,Tema,Ghana,GHA,2,0,0,0,0,2,2,14802,0,0,0,0,14802,14802,0,0,0,0,0,0,0
2020-01-31 00:00:00+00:00,2020,1,31,port1282,Tema,Ghana,GHA,1,0,1,0,1,2,3,10369,0,0,0,6155,10369,16525,0,0,0,0,3183,0,3183
2020-02-01 00:00:00+00:00,2020,2,1,port1282,Tema,Ghana,GHA,1,0,0,0,0,1,1,12976,0,0,0,0,12976,12976,0,0,0,0,0,0,0
2020-02-02 00:00:00+00:00,2020,2,2,port1282,Tema,Ghana,GHA,2,0,0,0,0,2,2,10433,0,0,0,0,10433,10433,0,0,0,0,0,0,0
2020-02-03 00:00:00+00:00,2020,2,3,port1282,Tema,Ghana,GHA,2,1,0,0,1,3,4,13345,0,0,0,7119,13345,20464,0,61,0,0,839,61,900
2020-02-04 00:00:00+00:00,2020,2,4,port1282,Tema,Ghana,GHA,3,1,0,1,0,5,5,5314,38741,0,0,0,44056,44056,0,0,0,0,0,0,0
2020-02-05 00:00:00+00:00,2020,2,5,port1282,Tema,Ghana,GHA,1,1,0,0,0,2,2,0,15914,0,0,0,15914,15914,7199,0,0,0,0,7199,7199
2020-02-06 00:00:00+00:00,2020,2,6,port1282,Tema,Ghana,GHA,2,0,1,0,0,3,3,6138,0,0,0,0,6138,6138,1515,0,4768,0,0,6284,6284
2020-02-07 00:00:00+00:00,2020,2,7,port1282,Tema,Ghana,GHA,3,1,0,1,1,5,6,863,33268,0,1019,2844,35152,37997,6259,0,0,0,0,6259,6259
2020-02-08 00:00:00+00:00,2020,2,8,port1282,Tema,Ghana,GHA,2,1,0,0,0,3,3,22005,19936,0,0,0,41941,41941,0,0,0,0,0,0,0
2020-02-09 00:00:00+00:00,2020,2,9,port1282,Tema,Ghana,GHA,2,1,0,0,1,3,4,12610,9320,0,0,0,21931,21931,1440,0,0,0,31481,1440,32921
2020-02-10 00:00:00+00:00,2020,2,10,port1282,Tema,Ghana,GHA,2,1,0,0,0,3,3,15931,0,0,0,0,15931,15931,2264,0,0,0,0,2264,2264
2020-02-11 00:00:00+00:00,2020,2,11,port1282,Tema,Ghana,GHA,1,0,0,0,0,1,1,871,0,0,0,0,871,871,0,0,0,0,0,0,0
2020-02-12 00:00:00+00:00,2020,2,12,port1282,Tema,Ghana,GHA,0,1,0,1,0,2,2,0,40979,0,0,0,40979,40979,0,0,0,0,0,0,0
2020-02-13 00:00:00+00:00,2020,2,13,port1282,Tema,Ghana,GHA,2,2,0,1,0,5,5,8970,10423,0,0,0,19393,19393,0,15552,0,0,0,15552,15552
2020-02-14 00:00:00+00:00,2020,2,14,port1282,Tema,Ghana,GHA,1,1,0,0,0,2,2,1303,30654,0,0,0,31957,31957,0,0,0,0,0,0,0
2020-02-15 00:00:00+00:00,2020,2,15,port1282,Tema,Ghana,GHA,3,1,0,1,1,5,6,0,0,0,0,0,0,0,2976,0,0,0,0,2976,2976
2020-02-16 00:00:00+00:00,2020,2,16,port1282,Tema,Ghana,GHA,2,0,0,0,1,2,3,14482,0,0,0,0,14482,14482,27,0,0,0,0,27,27
2020-02-17 00:00:00+00:00,2020,2,17,port1282,Tema,Ghana,GHA,2,0,0,0,1,2,3,5944,0,0,0,0,5944,5944,755,0,0,0,0,755,755
2020-02-18 00:00:00+00:00,2020,2,18,port1282,Tema,Ghana,GHA,2,1,2,0,0,5,5,49298,20399,5173,0,0,74871,74871,0,789,1711,0,0,2500,2500
2020-02-19 00:00:00+00:00,2020,2,19,port1282,Tema,Ghana,GHA,1,3,1,0,0,5,5,0,20399,3050,0,0,23449,23449,0,789,0,0,0,789,789
2020-02-20 00:00:00+00:00,2020,2,20,port1282,Tema,Ghana,GHA,1,0,0,0,0,1,1,0,0,0,0,0,0,0,650,0,0,0,0,650,650
2020-02-21 00:00:00+00:00,2020,2,21,port1282,Tema,Ghana,GHA,2,1,0,1,1,4,5,1021,0,0,0,12891,1021,13913,0,0,0,0,0,0,0
2020-02-22 00:00:00+00:00,2020,2,22,port1282,Tema,Ghana,GHA,2,1,0,0,0,3,3,2068,40731,0,0,0,42799,42799,8040,0,0,0,0,8040,8040
2020-02-23 00:00:00+00:00,2020,2,23,port1282,Tema,Ghana,GHA,3,1,0,0,1,4,5,15746,47112,0,0,0,62859,62859,1440,0,0,0,768,1440,2208
2020-02-24 00:00:00+00:00,2020,2,24,port1282,Tema,Ghana,GHA,2,2,0,0,1,4,5,3799,60315,0,0,0,64115,64115,2925,0,0,0,27615,2925,30541
2020-02-25 00:00:00+00:00,2020,2,25,port1282,Tema,Ghana,GHA,1,1,0,1,0,3,3,4089,11524,0,1146,0,16760,16760,0,0,0,25,0,25,25
2020-02-26 00:00:00+00:00,2020,2,26,port1282,Tema,Ghana,GHA,1,0,1,0,0,2,2,12898,0,1992,0,0,14890,14890,0,0,0,0,0,0,0
2020-02-27 00:00:00+00:00,2020,2,27,port1282,Tema,Ghana,GHA,0,2,0,0,0,2,2,0,43194,0,0,0,43194,43194,0,0,0,0,0,0,0
2020-02-28 00:00:00+00:00,2020,2,28,port1282,Tema,Ghana,GHA,0,0,1,1,2,2,4,0,0,835,3129,865,3964,4830,0,0,0,0,0,0,0
2020-02-29 00:00:00+00:00,2020,2,29,port1282,Tema,Ghana,GHA,3,1,0,1,0,5,5,21682,38685,0,3657,0,64025,64025,0,0,0,0,0,0,0
2020-03-01 00:00:00+00:00,2020,3,1,port1282,Tema,Ghana,GHA,1,1,0,0,0,2,2,1700,0,0,0,0,1700,1700,0,0,0,0,0,0,0
2020-03-02 00:00:00+00:00,2020,3,2,port1282,Tema,Ghana,GHA,3,0,0,1,0,4,4,14336,0,0,1146,0,15482,15482,1308,0,0,25,0,1334,1334
2020-03-03 00:00:00+00:00,2020,3,3,port1282,Tema,Ghana,GHA,4,0,1,0,1,5,6,10654,0,0,0,16845,10654,27500,16420,0,2069,0,0,18489,18489
2020-03-04 00:00:00+00:00,2020,3,4,port1282,Tema,Ghana,GHA,1,2,0,0,1,3,4,22172,31884,0,0,0,54057,54057,0,0,0,0,0,0,0
2020-03-05 00:00:00+00:00,2020,3,5,port1282,Tema,Ghana,GHA,3,1,0,0,1,4,5,11424,23505,0,0,0,34929,34929,5347,0,0,0,0,5347,5347
2020-03-06 00:00:00+00:00,2020,3,6,port1282,Tema,Ghana,GHA,1,0,0,0,2,1,3,0,0,0,0,2250,0,2250,520,0,0,0,0,520,520
2020-03-07 00:00:00+00:00,2020,3,7,port1282,Tema,Ghana,GHA,2,2,0,0,0,4,4,10174,53745,0,0,0,63920,63920,1440,0,0,0,0,1440,1440
2020-03-08 00:00:00+00:00,2020,3,8,port1282,Tema,Ghana,GHA,3,2,0,0,0,5,5,12306,0,0,0,0,12306,12306,1440,57909,0,0,0,59349,59349
2020-03-09 00:00:00+00:00,2020,3,9,port1282,Tema,Ghana,GHA,3,0,1,0,1,4,5,18438,0,0,0,0,18438,18438,0,0,0,0,0,0,0
2020-03-10 00:00:00+00:00,2020,3,10,port1282,Tema,Ghana,GHA,2,1,0,1,0,4,4,0,34029,0,0,0,34029,34029,20647,0,0,0,0,20647,20647
2020-03-11 00:00:00+00:00,2020,3,11,port1282,Tema,Ghana,GHA,1,1,0,0,0,2,2,9519,11141,0,0,0,20660,20660,0,0,0,0,0,0,0
2020-03-12 00:00:00+00:00,2020,3,12,port1282,Tema,Ghana,GHA,2,1,1,1,0,5,5,16183,16583,1591,0,0,34358,34358,518,0,0,0,0,518,518
2020-03-13 00:00:00+00:00,2020,3,13,port1282,Tema,Ghana,GHA,1,2,0,1,2,4,6,6664,0,0,0,0,6664,6664,0,0,0,0,0,0,0
2020-03-14 00:00:00+00:00,2020,3,14,port1282,Tema,Ghana,GHA,2,0,0,1,1,3,4,7997,0,0,4679,6155,12676,18831,0,0,0,0,3183,0,3183
2020-03-15 00:00:00+00:00,2020,3,15,port1282,Tema,Ghana,GHA,0,1,0,0,0,1,1,0,29069,0,0,0,29069,29069,0,0,0,0,0,0,0
2020-03-16 00:00:00+00:00,2020,3,16,port1282,Tema,Ghana,GHA,3,2,1,0,0,6,6,35908,47688,0,0,0,83596,83596,1440,0,161,0,0,1601,1601
2020-03-17 00:00:00+00:00,2020,3,17,port1282,Tema,Ghana,GHA,1,1,1,0,1,3,4,0,0,0,0,0,0,0,0,0,0,0,0,0,0
2020-03-18 00:00:00+00:00,2020,3,18,port1282,Tema,Ghana,GHA,1,0,0,0,0,1,1,11299,0,0,0,0,11299,11299,0,0,0,0,0,0,0
2020-03-19 00:00:00+00:00,2020,3,19,port1282,Tema,Ghana,GHA,3,0,2,1,1,6,7,11654,0,18837,1768,4085,32261,36346,0,0,0,0,1903,0,1903
2020-03-20 00:00:00+00:00,2020,3,20,port1282,Tema,Ghana,GHA,0,1,1,0,0,2,2,0,28975,6357,0,0,35332,35332,0,0,0,0,0,0,0
2020-03-21 00:00:00+00:00,2020,3,21,port1282,Tema,Ghana,GHA,0,0,0,0,0,0,0,0,0,0,0,0,0,0,0,0,0,0,0,0,0
2020-03-22 00:00:00+00:00,2020,3,22,port1282,Tema,Ghana,GHA,1,1,1,0,1,3,4,1520,41768,878,0,4085,44168,48253,0,0,0,0,1903,0,1903
2020-03-23 00:00:00+00:00,2020,3,23,port1282,Tema,Ghana,GHA,1,0,0,0,0,1,1,8207,0,0,0,0,8207,8207,1440,0,0,0,0,1440,1440
2020-03-24 00:00:00+00:00,2020,3,24,port1282,Tema,Ghana,GHA,1,2,1,0,1,4,5,11394,59021,1093,0,0,71509,71509,0,0,0,0,0,0,0
2020-03-25 00:00:00+00:00,2020,3,25,port1282,Tema,Ghana,GHA,1,0,0,0,0,1,1,16836,0,0,0,0,16836,16836,0,0,0,0,0,0,0
2020-03-26 00:00:00+00:00,2020,3,26,port1282,Tema,Ghana,GHA,1,1,0,0,0,2,2,0,42053,0,0,0,42053,42053,0,0,0,0,0,0,0
2020-03-27 00:00:00+00:00,2020,3,27,port1282,Tema,Ghana,GHA,2,0,0,0,0,2,2,28380,0,0,0,0,28380,28380,0,0,0,0,0,0,0
2020-03-28 00:00:00+00:00,2020,3,28,port1282,Tema,Ghana,GHA,3,0,0,0,1,3,4,7782,0,0,0,20820,7782,28603,11233,0,0,0,0,11233,11233
2020-03-29 00:00:00+00:00,2020,3,29,port1282,Tema,Ghana,GHA,2,2,1,0,0,5,5,8207,42993,0,0,0,51200,51200,2202,0,9483,0,0,11685,11685
2020-03-30 00:00:00+00:00,2020,3,30,port1282,Tema,Ghana,GHA,1,0,0,1,1,2,3,7302,0,0,0,0,7302,7302,0,0,0,0,869,0,869
2020-03-31 00:00:00+00:00,2020,3,31,port1282,Tema,Ghana,GHA,1,1,0,0,0,2,2,11470,6525,0,0,0,17995,17995,0,0,0,0,0,0,0
2020-04-01 00:00:00+00:00,2020,4,1,port1282,Tema,Ghana,GHA,1,2,0,0,0,3,3,12133,7175,0,0,0,19309,19309,0,0,0,0,0,0,0
2020-04-02 00:00:00+00:00,2020,4,2,port1282,Tema,Ghana,GHA,0,0,0,0,0,0,0,0,0,0,0,0,0,0,0,0,0,0,0,0,0
2020-04-03 00:00:00+00:00,2020,4,3,port1282,Tema,Ghana,GHA,1,2,0,0,0,3,3,8207,42637,0,0,0,50844,50844,1440,0,0,0,0,1440,1440
2020-04-04 00:00:00+00:00,2020,4,4,port1282,Tema,Ghana,GHA,0,0,0,0,1,0,1,0,0,0,0,3313,0,3313,0,0,0,0,0,0,0
2020-04-05 00:00:00+00:00,2020,4,5,port1282,Tema,Ghana,GHA,1,1,1,0,0,3,3,7477,12090,0,0,0,19567,19567,0,0,1717,0,0,1717,1717
2020-04-06 00:00:00+00:00,2020,4,6,port1282,Tema,Ghana,GHA,3,0,0,0,1,3,4,12117,0,0,0,6155,12117,18273,1440,0,0,0,3183,1440,4623
2020-04-07 00:00:00+00:00,2020,4,7,port1282,Tema,Ghana,GHA,3,0,0,0,1,3,4,10586,0,0,0,0,10586,10586,0,0,0,0,4297,0,4297
2020-04-08 00:00:00+00:00,2020,4,8,port1282,Tema,Ghana,GHA,2,1,0,0,1,3,4,4572,29498,0,0,7119,34071,41190,0,0,0,0,839,0,839
2020-04-09 00:00:00+00:00,2020,4,9,port1282,Tema,Ghana,GHA,2,2,1,0,0,5,5,21613,0,2084,0,0,23698,23698,0,0,775,0,0,775,775
2020-04-10 00:00:00+00:00,2020,4,10,port1282,Tema,Ghana,GHA,1,0,0,0,1,1,2,5330,0,0,0,15527,5330,20858,0,0,0,0,0,0,0
2020-04-11 00:00:00+00:00,2020,4,11,port1282,Tema,Ghana,GHA,1,1,0,1,0,3,3,8207,29419,0,0,0,37626,37626,1440,0,0,0,0,1440,1440
2020-04-12 00:00:00+00:00,2020,4,12,port1282,Tema,Ghana,GHA,1,0,0,0,1,1,2,3699,0,0,0,0,3699,3699,0,0,0,0,0,0,0
2020-04-13 00:00:00+00:00,2020,4,13,port1282,Tema,Ghana,GHA,2,1,0,0,0,3,3,15700,0,0,0,0,15700,15700,0,0,0,0,0,0,0
2020-04-14 00:00:00+00:00,2020,4,14,port1282,Tema,Ghana,GHA,2,1,0,1,0,4,4,11313,13179,0,0,0,24493,24493,1194,0,0,509,0,1704,1704
2020-04-15 00:00:00+00:00,2020,4,15,port1282,Tema,Ghana,GHA,2,0,0,0,0,2,2,46821,0,0,0,0,46821,46821,0,0,0,0,0,0,0
2020-04-16 00:00:00+00:00,2020,4,16,port1282,Tema,Ghana,GHA,2,2,0,0,0,4,4,14525,37436,0,0,0,51961,51961,0,789,0,0,0,789,789
2020-04-17 00:00:00+00:00,2020,4,17,port1282,Tema,Ghana,GHA,1,1,0,0,0,2,2,8459,26510,0,0,0,34970,34970,0,0,0,0,0,0,0
2020-04-18 00:00:00+00:00,2020,4,18,port1282,Tema,Ghana,GHA,2,1,0,0,0,3,3,10291,0,0,0,0,10291,10291,0,0,0,0,0,0,0
2020-04-19 00:00:00+00:00,2020,4,19,port1282,Tema,Ghana,GHA,2,1,1,0,0,4,4,19516,0,2211,0,0,21727,21727,1440,0,0,0,0,1440,1440
2020-04-20 00:00:00+00:00,2020,4,20,port1282,Tema,Ghana,GHA,2,1,1,0,0,4,4,10782,14269,4871,0,0,29923,29923,0,0,0,0,0,0,0
2020-04-21 00:00:00+00:00,2020,4,21,port1282,Tema,Ghana,GHA,1,0,0,0,0,1,1,9676,0,0,0,0,9676,9676,0,0,0,0,0,0,0
2020-04-22 00:00:00+00:00,2020,4,22,port1282,Tema,Ghana,GHA,3,0,1,1,0,5,5,39133,0,3742,0,0,42875,42875,1266,0,0,0,0,1266,1266
2020-04-23 00:00:00+00:00,2020,4,23,port1282,Tema,Ghana,GHA,2,1,0,0,1,3,4,9640,20374,0,0,6155,30015,36171,0,0,0,0,3183,0,3183
2020-04-24 00:00:00+00:00,2020,4,24,port1282,Tema,Ghana,GHA,2,2,0,0,0,4,4,23148,37772,0,0,0,60920,60920,0,0,0,0,0,0,0
2020-04-25 00:00:00+00:00,2020,4,25,port1282,Tema,Ghana,GHA,0,2,0,0,1,2,3,0,33198,0,0,21292,33198,54491,0,0,0,0,0,0,0
2020-04-26 00:00:00+00:00,2020,4,26,port1282,Tema,Ghana,GHA,1,0,0,0,0,1,1,0,0,0,0,0,0,0,0,0,0,0,0,0,0
2020-04-27 00:00:00+00:00,2020,4,27,port1282,Tema,Ghana,GHA,2,0,0,0,0,2,2,26797,0,0,0,0,26797,26797,0,0,0,0,0,0,0
2020-04-28 00:00:00+00:00,2020,4,28,port1282,Tema,Ghana,GHA,2,0,0,0,0,2,2,10136,0,0,0,0,10136,10136,0,0,0,0,0,0,0
2020-04-29 00:00:00+00:00,2020,4,29,port1282,Tema,Ghana,GHA,3,1,0,0,1,4,5,22169,10963,0,0,0,33133,33133,5211,0,0,0,0,5211,5211
2020-04-30 00:00:00+00:00,2020,4,30,port1282,Tema,Ghana,GHA,2,1,0,0,2,3,5,7346,39776,0,0,10241,47122,57363,0,0,0,0,5087,0,5087
2020-05-01 00:00:00+00:00,2020,5,1,port1282,Tema,Ghana,GHA,1,2,0,0,1,3,4,1553,47732,0,0,0,49286,49286,0,789,0,0,0,789,789
2020-05-02 00:00:00+00:00,2020,5,2,port1282,Tema,Ghana,GHA,2,1,0,1,0,4,4,19797,31646,0,0,0,51444,51444,1440,0,0,0,0,1440,1440
2020-05-03 00:00:00+00:00,2020,5,3,port1282,Tema,Ghana,GHA,2,2,3,0,0,7,7,8607,33230,2058,0,0,43896,43896,0,0,1923,0,0,1923,1923
2020-05-04 00:00:00+00:00,2020,5,4,port1282,Tema,Ghana,GHA,1,0,0,0,0,1,1,8207,0,0,0,0,8207,8207,1440,0,0,0,0,1440,1440
2020-05-05 00:00:00+00:00,2020,5,5,port1282,Tema,Ghana,GHA,2,0,1,0,1,3,4,12153,0,894,0,693,13047,13741,0,0,1634,0,0,1634,1634
2020-05-06 00:00:00+00:00,2020,5,6,port1282,Tema,Ghana,GHA,2,2,0,0,0,4,4,24736,76619,0,0,0,101355,101355,0,0,0,0,0,0,0
2020-05-07 00:00:00+00:00,2020,5,7,port1282,Tema,Ghana,GHA,1,1,1,0,0,3,3,16183,1635,2084,0,0,19903,19903,0,0,775,0,0,775,775
2020-05-08 00:00:00+00:00,2020,5,8,port1282,Tema,Ghana,GHA,1,1,2,0,1,4,5,8207,16976,8468,0,0,33652,33652,1440,0,0,0,0,1440,1440
2020-05-09 00:00:00+00:00,2020,5,9,port1282,Tema,Ghana,GHA,3,0,0,0,0,3,3,8114,0,0,0,0,8114,8114,1451,0,0,0,0,1451,1451
2020-05-10 00:00:00+00:00,2020,5,10,port1282,Tema,Ghana,GHA,1,0,0,1,0,2,2,0,0,0,9612,0,9612,9612,1545,0,0,0,0,1545,1545
2020-05-11 00:00:00+00:00,2020,5,11,port1282,Tema,Ghana,GHA,3,1,1,1,0,6,6,16692,9285,1200,4236,0,31415,31415,0,0,53,0,0,53,53
2020-05-12 00:00:00+00:00,2020,5,12,port1282,Tema,Ghana,GHA,2,3,0,0,0,5,5,6147,44719,0,0,0,50866,50866,3061,0,0,0,0,3061,3061
2020-05-13 00:00:00+00:00,2020,5,13,port1282,Tema,Ghana,GHA,3,1,2,1,1,7,8,19123,27770,8939,0,7119,55833,62952,0,0,775,0,839,775,1614
2020-05-14 00:00:00+00:00,2020,5,14,port1282,Tema,Ghana,GHA,0,1,1,0,2,2,4,0,15385,2084,0,6155,17469,23625,0,0,775,0,3183,775,3959
2020-05-15 00:00:00+00:00,2020,5,15,port1282,Tema,Ghana,GHA,2,0,0,0,0,2,2,6577,0,0,0,0,6577,6577,0,0,0,0,0,0,0
2020-05-16 00:00:00+00:00,2020,5,16,port1282,Tema,Ghana,GHA,0,0,0,0,0,0,0,0,0,0,0,0,0,0,0,0,0,0,0,0,0
2020-05-17 00:00:00+00:00,2020,5,17,port1282,Tema,Ghana,GHA,1,1,0,0,0,2,2,4593,21863,0,0,0,26456,26456,0,0,0,0,0,0,0
2020-05-18 00:00:00+00:00,2020,5,18,port1282,Tema,Ghana,GHA,1,1,0,0,1,2,3,0,20399,0,0,19586,20399,39985,489,789,0,0,0,1278,1278
2020-05-19 00:00:00+00:00,2020,5,19,port1282,Tema,Ghana,GHA,1,1,0,0,0,2,2,1738,0,0,0,0,1738,1738,0,0,0,0,0,0,0
2020-05-20 00:00:00+00:00,2020,5,20,port1282,Tema,Ghana,GHA,2,0,0,0,1,2,3,22511,0,0,0,439,22511,22950,0,0,0,0,0,0,0
2020-05-21 00:00:00+00:00,2020,5,21,port1282,Tema,Ghana,GHA,0,1,0,0,0,1,1,0,120,0,0,0,120,120,0,0,0,0,0,0,0
2020-05-22 00:00:00+00:00,2020,5,22,port1282,Tema,Ghana,GHA,3,1,1,0,1,5,6,21540,0,7793,0,11235,29333,40569,27,0,0,0,0,27,27
2020-05-23 00:00:00+00:00,2020,5,23,port1282,Tema,Ghana,GHA,2,1,0,1,1,4,5,2956,4181,0,2545,6155,9683,15839,1454,0,0,0,3183,1454,4638
2020-05-24 00:00:00+00:00,2020,5,24,port1282,Tema,Ghana,GHA,1,1,0,1,0,3,3,9807,30332,0,0,0,40139,40139,0,0,0,0,0,0,0
2020-05-25 00:00:00+00:00,2020,5,25,port1282,Tema,Ghana,GHA,1,0,0,1,0,2,2,24125,0,0,1146,0,25271,25271,0,0,0,25,0,25,25
2020-05-26 00:00:00+00:00,2020,5,26,port1282,Tema,Ghana,GHA,4,1,0,0,0,5,5,28712,0,0,0,0,28712,28712,709,11628,0,0,0,12337,12337
2020-05-27 00:00:00+00:00,2020,5,27,port1282,Tema,Ghana,GHA,1,1,2,0,0,4,4,8207,41185,2288,0,0,51680,51680,1440,0,4101,0,0,5541,5541
2020-05-28 00:00:00+00:00,2020,5,28,port1282,Tema,Ghana,GHA,1,0,0,0,0,1,1,3787,0,0,0,0,3787,3787,0,0,0,0,0,0,0
2020-05-29 00:00:00+00:00,2020,5,29,port1282,Tema,Ghana,GHA,1,0,0,1,0,2,2,0,0,0,2984,0,2984,2984,4290,0,0,0,0,4290,4290
2020-05-30 00:00:00+00:00,2020,5,30,port1282,Tema,Ghana,GHA,2,0,0,0,0,2,2,20397,0,0,0,0,20397,20397,1440,0,0,0,0,1440,1440
2020-05-31 00:00:00+00:00,2020,5,31,port1282,Tema,Ghana,GHA,1,1,0,0,0,2,2,8207,34374,0,0,0,42581,42581,1440,0,0,0,0,1440,1440
2020-06-01 00:00:00+00:00,2020,6,1,port1282,Tema,Ghana,GHA,2,0,1,0,1,3,4,9364,0,604,0,22482,9968,32450,3004,0,0,0,0,3004,3004
2020-06-02 00:00:00+00:00,2020,6,2,port1282,Tema,Ghana,GHA,2,0,0,0,0,2,2,16921,0,0,0,0,16921,16921,0,0,0,0,0,0,0
2020-06-03 00:00:00+00:00,2020,6,3,port1282,Tema,Ghana,GHA,2,1,2,1,1,6,7,1493,37897,4301,0,0,43692,43692,4299,0,775,0,819,5075,5894
2020-06-04 00:00:00+00:00,2020,6,4,port1282,Tema,Ghana,GHA,1,0,0,1,0,2,2,19490,0,0,508,0,19999,19999,0,0,0,0,0,0,0
2020-06-05 00:00:00+00:00,2020,6,5,port1282,Tema,Ghana,GHA,2,0,1,0,0,3,3,8207,0,7840,0,0,16048,16048,1440,0,0,0,0,1440,1440
2020-06-06 00:00:00+00:00,2020,6,6,port1282,Tema,Ghana,GHA,4,0,0,0,0,4,4,13688,0,0,0,0,13688,13688,7455,0,0,0,0,7455,7455
2020-06-07 00:00:00+00:00,2020,6,7,port1282,Tema,Ghana,GHA,3,0,0,0,0,3,3,18934,0,0,0,0,18934,18934,0,0,0,0,0,0,0
2020-06-08 00:00:00+00:00,2020,6,8,port1282,Tema,Ghana,GHA,1,1,1,0,0,3,3,6722,40432,2084,0,0,49240,49240,0,0,775,0,0,775,775
2020-06-09 00:00:00+00:00,2020,6,9,port1282,Tema,Ghana,GHA,1,1,0,0,0,2,2,0,0,0,0,0,0,0,1766,0,0,0,0,1766,1766
2020-06-10 00:00:00+00:00,2020,6,10,port1282,Tema,Ghana,GHA,0,0,0,0,0,0,0,0,0,0,0,0,0,0,0,0,0,0,0,0,0
2020-06-11 00:00:00+00:00,2020,6,11,port1282,Tema,Ghana,GHA,3,0,0,0,1,3,4,5121,0,0,0,0,5121,5121,0,0,0,0,0,0,0
2020-06-12 00:00:00+00:00,2020,6,12,port1282,Tema,Ghana,GHA,1,0,1,0,0,2,2,600,0,1169,0,0,1770,1770,0,0,0,0,0,0,0
2020-06-13 00:00:00+00:00,2020,6,13,port1282,Tema,Ghana,GHA,3,2,0,0,0,5,5,30712,22768,0,0,0,53480,53480,0,0,0,0,0,0,0
2020-06-14 00:00:00+00:00,2020,6,14,port1282,Tema,Ghana,GHA,2,1,0,0,1,3,4,5566,30981,0,0,0,36548,36548,0,0,0,0,3925,0,3925
2020-06-15 00:00:00+00:00,2020,6,15,port1282,Tema,Ghana,GHA,2,2,0,0,0,4,4,7809,10743,0,0,0,18553,18553,954,0,0,0,0,954,954
2020-06-16 00:00:00+00:00,2020,6,16,port1282,Tema,Ghana,GHA,0,0,0,0,0,0,0,0,0,0,0,0,0,0,0,0,0,0,0,0,0
2020-06-17 00:00:00+00:00,2020,6,17,port1282,Tema,Ghana,GHA,1,1,0,0,0,2,2,876,41783,0,0,0,42660,42660,0,0,0,0,0,0,0
2020-06-18 00:00:00+00:00,2020,6,18,port1282,Tema,Ghana,GHA,3,1,0,0,0,4,4,20010,3492,0,0,0,23503,23503,1440,0,0,0,0,1440,1440
2020-06-19 00:00:00+00:00,2020,6,19,port1282,Tema,Ghana,GHA,1,0,1,0,0,2,2,5101,0,1200,0,0,6301,6301,0,0,53,0,0,53,53
2020-06-20 00:00:00+00:00,2020,6,20,port1282,Tema,Ghana,GHA,2,1,0,0,0,3,3,1227,27863,0,0,0,29091,29091,1962,0,0,0,0,1962,1962
2020-06-21 00:00:00+00:00,2020,6,21,port1282,Tema,Ghana,GHA,1,0,1,0,1,2,3,19106,0,1398,0,0,20504,20504,0,0,0,0,0,0,0
2020-06-22 00:00:00+00:00,2020,6,22,port1282,Tema,Ghana,GHA,2,1,0,0,1,3,4,34153,7002,0,0,0,41156,41156,0,0,0,0,0,0,0
2020-06-23 00:00:00+00:00,2020,6,23,port1282,Tema,Ghana,GHA,2,2,0,0,0,4,4,10479,21249,0,0,0,31729,31729,27,0,0,0,0,27,27
2020-06-24 00:00:00+00:00,2020,6,24,port1282,Tema,Ghana,GHA,2,1,1,0,1,4,5,4805,26139,1842,0,0,32788,32788,0,0,0,0,30631,0,30631
2020-06-25 00:00:00+00:00,2020,6,25,port1282,Tema,Ghana,GHA,2,1,1,1,0,5,5,0,39781,0,1146,0,40927,40927,11890,0,624,25,0,12540,12540
2020-06-26 00:00:00+00:00,2020,6,26,port1282,Tema,Ghana,GHA,0,0,0,1,0,1,1,0,0,0,1529,0,1529,1529,0,0,0,0,0,0,0
2020-06-27 00:00:00+00:00,2020,6,27,port1282,Tema,Ghana,GHA,2,0,0,0,0,2,2,10236,0,0,0,0,10236,10236,0,0,0,0,0,0,0
2020-06-28 00:00:00+00:00,2020,6,28,port1282,Tema,Ghana,GHA,1,1,1,0,0,3,3,15500,41164,1200,0,0,57866,57866,0,0,53,0,0,53,53
2020-06-29 00:00:00+00:00,2020,6,29,port1282,Tema,Ghana,GHA,2,2,0,0,1,4,5,0,21899,0,0,5229,21899,27129,4677,0,0,0,0,4677,4677
2020-06-30 00:00:00+00:00,2020,6,30,port1282,Tema,Ghana,GHA,2,1,0,0,0,3,3,18274,27305,0,0,0,45580,45580,0,0,0,0,0,0,0
2020-07-01 00:00:00+00:00,2020,7,1,port1282,Tema,Ghana,GHA,0,1,0,0,1,1,2,0,35243,0,0,0,35243,35243,0,0,0,0,0,0,0
2020-07-02 00:00:00+00:00,2020,7,2,port1282,Tema,Ghana,GHA,2,1,1,0,1,4,5,8207,40824,5507,0,0,54539,54539,10490,0,0,0,0,10490,10490
2020-07-03 00:00:00+00:00,2020,7,3,port1282,Tema,Ghana,GHA,1,1,0,0,0,2,2,14939,1480,0,0,0,16420,16420,0,0,0,0,0,0,0
2020-07-04 00:00:00+00:00,2020,7,4,port1282,Tema,Ghana,GHA,3,0,0,0,0,3,3,20249,0,0,0,0,20249,20249,27,0,0,0,0,27,27
2020-07-05 00:00:00+00:00,2020,7,5,port1282,Tema,Ghana,GHA,2,1,0,0,0,3,3,13357,9766,0,0,0,23124,23124,0,0,0,0,0,0,0
2020-07-06 00:00:00+00:00,2020,7,6,port1282,Tema,Ghana,GHA,2,0,0,0,1,2,3,9618,0,0,0,2381,9618,11999,8819,0,0,0,1811,8819,10631
2020-07-07 00:00:00+00:00,2020,7,7,port1282,Tema,Ghana,GHA,2,0,0,0,1,2,3,0,0,0,0,1724,0,1724,4342,0,0,0,0,4342,4342
2020-07-08 00:00:00+00:00,2020,7,8,port1282,Tema,Ghana,GHA,1,0,0,1,1,2,3,10705,0,0,1766,0,12471,12471,0,0,0,0,522,0,522
2020-07-09 00:00:00+00:00,2020,7,9,port1282,Tema,Ghana,GHA,0,0,0,0,1,0,1,0,0,0,0,0,0,0,0,0,0,0,0,0,0
2020-07-10 00:00:00+00:00,2020,7,10,port1282,Tema,Ghana,GHA,1,2,0,1,0,4,4,7442,13728,0,1146,0,22317,22317,0,0,0,25,0,25,25
2020-07-11 00:00:00+00:00,2020,7,11,port1282,Tema,Ghana,GHA,2,0,0,0,0,2,2,17026,0,0,0,0,17026,17026,0,0,0,0,0,0,0
2020-07-12 00:00:00+00:00,2020,7,12,port1282,Tema,Ghana,GHA,4,1,1,0,1,6,7,5562,40910,3626,0,0,50099,50099,5630,0,0,0,0,5630,5630
2020-07-13 00:00:00+00:00,2020,7,13,port1282,Tema,Ghana,GHA,1,1,1,0,1,3,4,6759,0,583,0,0,7342,7342,0,0,0,0,0,0,0
2020-07-14 00:00:00+00:00,2020,7,14,port1282,Tema,Ghana,GHA,2,1,0,0,1,3,4,2294,39089,0,0,1985,41383,43369,27,0,0,0,0,27,27
2020-07-15 00:00:00+00:00,2020,7,15,port1282,Tema,Ghana,GHA,2,0,0,0,0,2,2,18498,0,0,0,0,18498,18498,0,0,0,0,0,0,0
2020-07-16 00:00:00+00:00,2020,7,16,port1282,Tema,Ghana,GHA,3,1,0,1,0,5,5,36812,43377,0,0,0,80189,80189,0,0,0,0,0,0,0
2020-07-17 00:00:00+00:00,2020,7,17,port1282,Tema,Ghana,GHA,0,1,0,0,0,1,1,0,0,0,0,0,0,0,0,0,0,0,0,0,0
2020-07-18 00:00:00+00:00,2020,7,18,port1282,Tema,Ghana,GHA,2,2,0,0,0,4,4,8975,40896,0,0,0,49872,49872,0,0,0,0,0,0,0
2020-07-19 00:00:00+00:00,2020,7,19,port1282,Tema,Ghana,GHA,1,1,0,0,0,2,2,17427,0,0,0,0,17427,17427,0,0,0,0,0,0,0
2020-07-20 00:00:00+00:00,2020,7,20,port1282,Tema,Ghana,GHA,1,1,0,0,1,2,3,8207,0,0,0,33292,8207,41500,1440,0,0,0,0,1440,1440
2020-07-21 00:00:00+00:00,2020,7,21,port1282,Tema,Ghana,GHA,5,3,0,0,1,8,9,43359,29587,0,0,5042,72947,77989,2880,0,0,0,0,2880,2880
2020-07-22 00:00:00+00:00,2020,7,22,port1282,Tema,Ghana,GHA,2,0,1,1,0,4,4,13667,0,5698,0,0,19366,19366,0,0,0,0,0,0,0
2020-07-23 00:00:00+00:00,2020,7,23,port1282,Tema,Ghana,GHA,4,0,0,1,0,5,5,15361,0,0,0,0,15361,15361,13681,0,0,0,0,13681,13681
2020-07-24 00:00:00+00:00,2020,7,24,port1282,Tema,Ghana,GHA,2,1,0,0,0,3,3,9845,27892,0,0,0,37737,37737,0,0,0,0,0,0,0
2020-07-25 00:00:00+00:00,2020,7,25,port1282,Tema,Ghana,GHA,3,0,0,0,0,3,3,50713,0,0,0,0,50713,50713,712,0,0,0,0,712,712
2020-07-26 00:00:00+00:00,2020,7,26,port1282,Tema,Ghana,GHA,0,0,0,0,0,0,0,0,0,0,0,0,0,0,0,0,0,0,0,0,0
2020-07-27 00:00:00+00:00,2020,7,27,port1282,Tema,Ghana,GHA,2,1,0,0,0,3,3,9087,29663,0,0,0,38751,38751,1321,0,0,0,0,1321,1321
2020-07-28 00:00:00+00:00,2020,7,28,port1282,Tema,Ghana,GHA,4,1,1,0,1,6,7,29781,39950,3262,0,0,72994,72994,8617,0,0,0,0,8617,8617
2020-07-29 00:00:00+00:00,2020,7,29,port1282,Tema,Ghana,GHA,2,1,0,0,0,3,3,16392,20399,0,0,0,36791,36791,1440,789,0,0,0,2229,2229
2020-07-30 00:00:00+00:00,2020,7,30,port1282,Tema,Ghana,GHA,3,0,0,0,1,3,4,29578,0,0,0,871,29578,30450,0,0,0,0,0,0,0
2020-07-31 00:00:00+00:00,2020,7,31,port1282,Tema,Ghana,GHA,4,2,2,1,0,9,9,17332,9211,4169,5211,0,35925,35925,1440,16286,1551,0,0,19277,19277
2020-08-01 00:00:00+00:00,2020,8,1,port1282,Tema,Ghana,GHA,4,1,0,0,0,5,5,26266,583,0,0,0,26850,26850,0,0,0,0,0,0,0
2020-08-02 00:00:00+00:00,2020,8,2,port1282,Tema,Ghana,GHA,0,1,0,0,0,1,1,0,549,0,0,0,549,549,0,0,0,0,0,0,0
2020-08-03 00:00:00+00:00,2020,8,3,port1282,Tema,Ghana,GHA,1,2,1,0,1,4,5,9625,46965,1537,0,0,58129,58129,0,0,0,0,23360,0,23360
2020-08-04 00:00:00+00:00,2020,8,4,port1282,Tema,Ghana,GHA,4,0,1,0,0,5,5,34634,0,2877,0,0,37512,37512,938,0,0,0,0,938,938
2020-08-05 00:00:00+00:00,2020,8,5,port1282,Tema,Ghana,GHA,2,2,1,0,1,5,6,17223,46813,404,0,0,64441,64441,0,0,0,0,0,0,0
2020-08-06 00:00:00+00:00,2020,8,6,port1282,Tema,Ghana,GHA,3,0,0,0,0,3,3,23998,0,0,0,0,23998,23998,0,0,0,0,0,0,0
2020-08-07 00:00:00+00:00,2020,8,7,port1282,Tema,Ghana,GHA,1,1,0,0,1,2,3,16969,35779,0,0,4085,52749,56834,0,0,0,0,1903,0,1903
2020-08-08 00:00:00+00:00,2020,8,8,port1282,Tema,Ghana,GHA,4,0,0,1,0,5,5,34713,0,0,0,0,34713,34713,0,0,0,514,0,514,514
2020-08-09 00:00:00+00:00,2020,8,9,port1282,Tema,Ghana,GHA,2,2,0,0,0,4,4,11978,14489,0,0,0,26468,26468,0,0,0,0,0,0,0
2020-08-10 00:00:00+00:00,2020,8,10,port1282,Tema,Ghana,GHA,4,0,0,0,1,4,5,43032,0,0,0,0,43032,43032,0,0,0,0,0,0,0
2020-08-11 00:00:00+00:00,2020,8,11,port1282,Tema,Ghana,GHA,2,0,2,0,0,4,4,4866,0,12690,0,0,17557,17557,0,0,0,0,0,0,0
2020-08-12 00:00:00+00:00,2020,8,12,port1282,Tema,Ghana,GHA,2,1,0,1,0,4,4,17647,49006,0,1146,0,67800,67800,0,0,0,25,0,25,25
2020-08-13 00:00:00+00:00,2020,8,13,port1282,Tema,Ghana,GHA,2,0,0,0,1,2,3,12351,0,0,0,7119,12351,19470,0,0,0,0,839,0,839
2020-08-14 00:00:00+00:00,2020,8,14,port1282,Tema,Ghana,GHA,2,1,1,0,0,4,4,20417,0,2700,0,0,23118,23118,0,0,0,0,0,0,0
2020-08-15 00:00:00+00:00,2020,8,15,port1282,Tema,Ghana,GHA,2,0,1,0,0,3,3,967,0,1418,0,0,2385,2385,0,0,0,0,0,0,0
2020-08-16 00:00:00+00:00,2020,8,16,port1282,Tema,Ghana,GHA,2,1,0,0,1,3,4,21771,39553,0,0,3490,61325,64815,0,0,0,0,0,0,0
2020-08-17 00:00:00+00:00,2020,8,17,port1282,Tema,Ghana,GHA,2,1,0,0,0,3,3,26203,39396,0,0,0,65600,65600,0,0,0,0,0,0,0
2020-08-18 00:00:00+00:00,2020,8,18,port1282,Tema,Ghana,GHA,1,0,1,0,0,2,2,16664,0,1200,0,0,17864,17864,0,0,53,0,0,53,53
2020-08-19 00:00:00+00:00,2020,8,19,port1282,Tema,Ghana,GHA,2,2,0,1,0,5,5,13651,17028,0,1536,0,32216,32216,15308,0,0,0,0,15308,15308
2020-08-20 00:00:00+00:00,2020,8,20,port1282,Tema,Ghana,GHA,2,0,0,0,0,2,2,21326,0,0,0,0,21326,21326,1440,0,0,0,0,1440,1440
2020-08-21 00:00:00+00:00,2020,8,21,port1282,Tema,Ghana,GHA,1,0,1,1,1,3,4,6461,0,472,0,0,6933,6933,0,0,0,1016,20727,1016,21744
2020-08-22 00:00:00+00:00,2020,8,22,port1282,Tema,Ghana,GHA,4,0,0,0,1,4,5,6597,0,0,0,0,6597,6597,1477,0,0,0,0,1477,1477
2020-08-23 00:00:00+00:00,2020,8,23,port1282,Tema,Ghana,GHA,0,1,0,0,0,1,1,0,14931,0,0,0,14931,14931,0,0,0,0,0,0,0
2020-08-24 00:00:00+00:00,2020,8,24,port1282,Tema,Ghana,GHA,4,0,0,0,1,4,5,28673,0,0,0,0,28673,28673,7137,0,0,0,34299,7137,41436
2020-08-25 00:00:00+00:00,2020,8,25,port1282,Tema,Ghana,GHA,5,1,1,0,0,7,7,37042,17679,0,0,0,54722,54722,27,0,484,0,0,512,512
2020-08-26 00:00:00+00:00,2020,8,26,port1282,Tema,Ghana,GHA,2,1,0,1,0,4,4,24607,7328,0,1146,0,33081,33081,0,0,0,25,0,25,25
2020-08-27 00:00:00+00:00,2020,8,27,port1282,Tema,Ghana,GHA,3,1,0,0,1,4,5,20670,44217,0,0,16062,64888,80951,1440,0,0,0,0,1440,1440
2020-08-28 00:00:00+00:00,2020,8,28,port1282,Tema,Ghana,GHA,2,1,0,0,1,3,4,23151,37916,0,0,0,61068,61068,0,0,0,0,0,0,0
2020-08-29 00:00:00+00:00,2020,8,29,port1282,Tema,Ghana,GHA,2,1,0,0,0,3,3,11357,41341,0,0,0,52699,52699,0,0,0,0,0,0,0
2020-08-30 00:00:00+00:00,2020,8,30,port1282,Tema,Ghana,GHA,1,0,0,0,0,1,1,0,0,0,0,0,0,0,3707,0,0,0,0,3707,3707
2020-08-31 00:00:00+00:00,2020,8,31,port1282,Tema,Ghana,GHA,2,1,0,2,0,5,5,5392,6961,0,3738,0,16092,16092,0,0,0,25,0,25,25
2020-09-01 00:00:00+00:00,2020,9,1,port1282,Tema,Ghana,GHA,2,0,0,0,0,2,2,23836,0,0,0,0,23836,23836,0,0,0,0,0,0,0
2020-09-02 00:00:00+00:00,2020,9,2,port1282,Tema,Ghana,GHA,3,0,0,0,1,3,4,23010,0,0,0,0,23010,23010,0,0,0,0,0,0,0
2020-09-03 00:00:00+00:00,2020,9,3,port1282,Tema,Ghana,GHA,1,1,0,0,0,2,2,7530,19177,0,0,0,26708,26708,0,0,0,0,0,0,0
2020-09-04 00:00:00+00:00,2020,9,4,port1282,Tema,Ghana,GHA,3,0,0,1,0,4,4,14925,0,0,0,0,14925,14925,1440,0,0,0,0,1440,1440
2020-09-05 00:00:00+00:00,2020,9,5,port1282,Tema,Ghana,GHA,2,0,0,0,0,2,2,9070,0,0,0,0,9070,9070,1467,0,0,0,0,1467,1467
2020-09-06 00:00:00+00:00,2020,9,6,port1282,Tema,Ghana,GHA,1,3,0,0,0,4,4,5096,60558,0,0,0,65654,65654,0,0,0,0,0,0,0
2020-09-07 00:00:00+00:00,2020,9,7,port1282,Tema,Ghana,GHA,4,1,0,0,0,5,5,16303,0,0,0,0,16303,16303,0,0,0,0,0,0,0
2020-09-08 00:00:00+00:00,2020,9,8,port1282,Tema,Ghana,GHA,3,1,0,0,1,4,5,23188,38643,0,0,0,61832,61832,5870,0,0,0,0,5870,5870
2020-09-09 00:00:00+00:00,2020,9,9,port1282,Tema,Ghana,GHA,2,0,0,1,0,3,3,25568,0,0,0,0,25568,25568,0,0,0,0,0,0,0
2020-09-10 00:00:00+00:00,2020,9,10,port1282,Tema,Ghana,GHA,3,1,0,0,1,4,5,9529,10125,0,0,7119,19655,26774,0,0,0,0,839,0,839
2020-09-11 00:00:00+00:00,2020,9,11,port1282,Tema,Ghana,GHA,6,0,0,0,0,6,6,31357,0,0,0,0,31357,31357,6250,0,0,0,0,6250,6250
2020-09-12 00:00:00+00:00,2020,9,12,port1282,Tema,Ghana,GHA,1,0,0,2,0,3,3,8207,0,0,1017,0,9224,9224,1440,0,0,0,0,1440,1440
2020-09-13 00:00:00+00:00,2020,9,13,port1282,Tema,Ghana,GHA,3,0,0,0,0,3,3,17188,0,0,0,0,17188,17188,0,0,0,0,0,0,0
2020-09-14 00:00:00+00:00,2020,9,14,port1282,Tema,Ghana,GHA,1,1,1,1,0,4,4,4363,29819,3617,0,0,37800,37800,0,0,0,0,0,0,0
2020-09-15 00:00:00+00:00,2020,9,15,port1282,Tema,Ghana,GHA,2,0,0,0,0,2,2,27335,0,0,0,0,27335,27335,0,0,0,0,0,0,0
2020-09-16 00:00:00+00:00,2020,9,16,port1282,Tema,Ghana,GHA,1,0,1,0,1,2,3,11098,0,1134,0,0,12232,12232,0,0,0,0,1748,0,1748
2020-09-17 00:00:00+00:00,2020,9,17,port1282,Tema,Ghana,GHA,2,0,0,0,0,2,2,8207,0,0,0,0,8207,8207,1440,0,0,0,0,1440,1440
2020-09-18 00:00:00+00:00,2020,9,18,port1282,Tema,Ghana,GHA,3,0,0,0,0,3,3,8207,0,0,0,0,8207,8207,9342,0,0,0,0,9342,9342
2020-09-19 00:00:00+00:00,2020,9,19,port1282,Tema,Ghana,GHA,2,1,1,1,2,5,7,24623,41682,732,2046,11204,69084,80289,9549,0,0,0,2742,9549,12292
2020-09-20 00:00:00+00:00,2020,9,20,port1282,Tema,Ghana,GHA,1,0,0,0,0,1,1,8496,0,0,0,0,8496,8496,0,0,0,0,0,0,0
2020-09-21 00:00:00+00:00,2020,9,21,port1282,Tema,Ghana,GHA,3,1,1,0,0,5,5,25441,9244,0,0,0,34686,34686,0,0,1067,0,0,1067,1067
2020-09-22 00:00:00+00:00,2020,9,22,port1282,Tema,Ghana,GHA,2,0,0,0,0,2,2,23536,0,0,0,0,23536,23536,0,0,0,0,0,0,0
2020-09-23 00:00:00+00:00,2020,9,23,port1282,Tema,Ghana,GHA,4,1,0,1,1,6,7,30226,578,0,1173,7445,31979,39424,0,0,0,0,0,0,0
2020-09-24 00:00:00+00:00,2020,9,24,port1282,Tema,Ghana,GHA,4,1,0,1,0,6,6,18744,25387,0,2236,0,46368,46368,8463,0,0,0,0,8463,8463
2020-09-25 00:00:00+00:00,2020,9,25,port1282,Tema,Ghana,GHA,4,0,0,0,2,4,6,47180,0,0,0,6269,47180,53450,1440,0,0,0,1903,1440,3343
2020-09-26 00:00:00+00:00,2020,9,26,port1282,Tema,Ghana,GHA,2,0,0,0,1,2,3,11948,0,0,0,0,11948,11948,0,0,0,0,0,0,0
2020-09-27 00:00:00+00:00,2020,9,27,port1282,Tema,Ghana,GHA,2,0,0,0,0,2,2,18072,0,0,0,0,18072,18072,1440,0,0,0,0,1440,1440
2020-09-28 00:00:00+00:00,2020,9,28,port1282,Tema,Ghana,GHA,2,1,0,0,1,3,4,16765,24930,0,0,0,41696,41696,1440,0,0,0,0,1440,1440
2020-09-29 00:00:00+00:00,2020,9,29,port1282,Tema,Ghana,GHA,4,1,0,0,1,5,6,31674,0,0,0,4085,31674,35760,4003,0,0,0,1903,4003,5906
2020-09-30 00:00:00+00:00,2020,9,30,port1282,Tema,Ghana,GHA,2,0,0,1,0,3,3,19876,0,0,2025,0,21901,21901,0,0,0,0,0,0,0
2020-10-01 00:00:00+00:00,2020,10,1,port1282,Tema,Ghana,GHA,0,0,0,0,0,0,0,0,0,0,0,0,0,0,0,0,0,0,0,0,0
2020-10-02 00:00:00+00:00,2020,10,2,port1282,Tema,Ghana,GHA,4,0,2,0,1,6,7,35870,0,2966,0,0,38837,38837,1467,0,0,0,9448,1467,10916
2020-10-03 00:00:00+00:00,2020,10,3,port1282,Tema,Ghana,GHA,3,0,0,0,0,3,3,18042,0,0,0,0,18042,18042,1440,0,0,0,0,1440,1440
2020-10-04 00:00:00+00:00,2020,10,4,port1282,Tema,Ghana,GHA,2,3,0,0,1,5,6,10558,63400,0,0,7119,73959,81078,0,789,0,0,839,789,1628
2020-10-05 00:00:00+00:00,2020,10,5,port1282,Tema,Ghana,GHA,1,0,1,0,0,2,2,0,0,2084,0,0,2084,2084,3196,0,775,0,0,3971,3971
2020-10-06 00:00:00+00:00,2020,10,6,port1282,Tema,Ghana,GHA,1,1,0,1,1,3,4,20897,23132,0,0,0,44030,44030,0,0,0,0,0,0,0
2020-10-07 00:00:00+00:00,2020,10,7,port1282,Tema,Ghana,GHA,3,1,0,1,1,5,6,47538,38493,0,0,437,86032,86469,1440,0,0,0,0,1440,1440
2020-10-08 00:00:00+00:00,2020,10,8,port1282,Tema,Ghana,GHA,2,2,0,0,1,4,5,17090,22190,0,0,4085,39280,43366,0,0,0,0,1903,0,1903
2020-10-09 00:00:00+00:00,2020,10,9,port1282,Tema,Ghana,GHA,4,1,0,0,1,5,6,14012,0,0,0,4085,14012,18097,4725,0,0,0,1903,4725,6628
2020-10-10 00:00:00+00:00,2020,10,10,port1282,Tema,Ghana,GHA,2,0,1,0,1,3,4,15343,0,1200,0,0,16543,16543,0,0,53,0,0,53,53
2020-10-11 00:00:00+00:00,2020,10,11,port1282,Tema,Ghana,GHA,0,1,0,0,0,1,1,0,13770,0,0,0,13770,13770,0,0,0,0,0,0,0
2020-10-12 00:00:00+00:00,2020,10,12,port1282,Tema,Ghana,GHA,4,1,1,0,0,6,6,42111,41381,2430,0,0,85922,85922,0,0,0,0,0,0,0
2020-10-13 00:00:00+00:00,2020,10,13,port1282,Tema,Ghana,GHA,0,0,0,1,1,1,2,0,0,0,2969,2614,2969,5584,0,0,0,0,0,0,0
2020-10-14 00:00:00+00:00,2020,10,14,port1282,Tema,Ghana,GHA,3,1,0,0,1,4,5,45308,10961,0,0,4085,56270,60355,0,0,0,0,1903,0,1903
2020-10-15 00:00:00+00:00,2020,10,15,port1282,Tema,Ghana,GHA,3,0,0,1,1,4,5,22903,0,0,2524,0,25428,25428,0,0,0,0,2072,0,2072
2020-10-16 00:00:00+00:00,2020,10,16,port1282,Tema,Ghana,GHA,3,1,0,0,0,4,4,22722,0,0,0,0,22722,22722,0,0,0,0,0,0,0
2020-10-17 00:00:00+00:00,2020,10,17,port1282,Tema,Ghana,GHA,2,3,0,0,0,5,5,34655,15793,0,0,0,50449,50449,1440,0,0,0,0,1440,1440
2020-10-18 00:00:00+00:00,2020,10,18,port1282,Tema,Ghana,GHA,1,0,0,0,0,1,1,10585,0,0,0,0,10585,10585,0,0,0,0,0,0,0
2020-10-19 00:00:00+00:00,2020,10,19,port1282,Tema,Ghana,GHA,1,1,0,0,1,2,3,9566,39781,0,0,0,49348,49348,0,0,0,0,12178,0,12178
2020-10-20 00:00:00+00:00,2020,10,20,port1282,Tema,Ghana,GHA,1,0,0,0,0,1,1,3896,0,0,0,0,3896,3896,0,0,0,0,0,0,0
2020-10-21 00:00:00+00:00,2020,10,21,port1282,Tema,Ghana,GHA,1,0,1,0,0,2,2,13953,0,5759,0,0,19712,19712,0,0,0,0,0,0,0
2020-10-22 00:00:00+00:00,2020,10,22,port1282,Tema,Ghana,GHA,2,2,0,1,1,5,6,7978,24422,0,0,3917,32401,36318,0,0,0,0,0,0,0
2020-10-23 00:00:00+00:00,2020,10,23,port1282,Tema,Ghana,GHA,3,0,1,0,0,4,4,27650,0,0,0,0,27650,27650,0,0,0,0,0,0,0
2020-10-24 00:00:00+00:00,2020,10,24,port1282,Tema,Ghana,GHA,3,3,0,0,0,6,6,51388,71357,0,0,0,122746,122746,0,789,0,0,0,789,789
2020-10-25 00:00:00+00:00,2020,10,25,port1282,Tema,Ghana,GHA,1,0,1,0,0,2,2,3320,0,0,0,0,3320,3320,0,0,0,0,0,0,0
2020-10-26 00:00:00+00:00,2020,10,26,port1282,Tema,Ghana,GHA,3,0,0,1,0,4,4,27233,0,0,2984,0,30218,30218,1440,0,0,0,0,1440,1440
2020-10-27 00:00:00+00:00,2020,10,27,port1282,Tema,Ghana,GHA,2,1,0,0,0,3,3,22407,0,0,0,0,22407,22407,0,0,0,0,0,0,0
2020-10-28 00:00:00+00:00,2020,10,28,port1282,Tema,Ghana,GHA,3,1,1,0,2,5,7,19880,20399,0,0,0,40279,40279,0,789,1883,0,18671,2673,21344
2020-10-29 00:00:00+00:00,2020,10,29,port1282,Tema,Ghana,GHA,1,0,0,0,0,1,1,639,0,0,0,0,639,639,0,0,0,0,0,0,0
2020-10-30 00:00:00+00:00,2020,10,30,port1282,Tema,Ghana,GHA,4,0,0,0,0,4,4,70549,0,0,0,0,70549,70549,0,0,0,0,0,0,0
2020-10-31 00:00:00+00:00,2020,10,31,port1282,Tema,Ghana,GHA,2,2,1,0,0,5,5,8751,42372,779,0,0,51903,51903,0,789,0,0,0,789,789
2020-11-01 00:00:00+00:00,2020,11,1,port1282,Tema,Ghana,GHA,2,1,0,0,0,3,3,20628,0,0,0,0,20628,20628,0,0,0,0,0,0,0
2020-11-02 00:00:00+00:00,2020,11,2,port1282,Tema,Ghana,GHA,1,0,1,0,1,2,3,13491,0,1077,0,0,14568,14568,0,0,0,0,0,0,0
2020-11-03 00:00:00+00:00,2020,11,3,port1282,Tema,Ghana,GHA,6,1,0,0,0,7,7,33662,0,0,0,0,33662,33662,3318,0,0,0,0,3318,3318
2020-11-04 00:00:00+00:00,2020,11,4,port1282,Tema,Ghana,GHA,3,0,1,0,0,4,4,15221,0,2084,0,0,17306,17306,1440,0,775,0,0,2215,2215
2020-11-05 00:00:00+00:00,2020,11,5,port1282,Tema,Ghana,GHA,2,0,0,0,0,2,2,0,0,0,0,0,0,0,31437,0,0,0,0,31437,31437
2020-11-06 00:00:00+00:00,2020,11,6,port1282,Tema,Ghana,GHA,5,1,0,1,1,7,8,36952,13725,0,1671,7119,52349,59468,7953,0,0,0,839,7953,8792
2020-11-07 00:00:00+00:00,2020,11,7,port1282,Tema,Ghana,GHA,3,0,0,1,0,4,4,17254,0,0,1772,0,19027,19027,8799,0,0,0,0,8799,8799
2020-11-08 00:00:00+00:00,2020,11,8,port1282,Tema,Ghana,GHA,2,0,1,0,1,3,4,0,0,13256,0,4085,13256,17342,2156,0,0,0,1903,2156,4059
2020-11-09 00:00:00+00:00,2020,11,9,port1282,Tema,Ghana,GHA,3,1,1,0,0,5,5,20041,7423,0,0,0,27464,27464,1467,0,2317,0,0,3785,3785
2020-11-10 00:00:00+00:00,2020,11,10,port1282,Tema,Ghana,GHA,1,0,0,1,0,2,2,0,0,0,1018,0,1018,1018,1276,0,0,0,0,1276,1276
2020-11-11 00:00:00+00:00,2020,11,11,port1282,Tema,Ghana,GHA,2,2,0,0,1,4,5,17353,75312,0,0,3496,92665,96161,0,0,0,0,0,0,0
2020-11-12 00:00:00+00:00,2020,11,12,port1282,Tema,Ghana,GHA,3,0,0,0,0,3,3,37645,0,0,0,0,37645,37645,0,0,0,0,0,0,0
2020-11-13 00:00:00+00:00,2020,11,13,port1282,Tema,Ghana,GHA,3,0,0,1,0,4,4,43373,0,0,2356,0,45729,45729,0,0,0,0,0,0,0
2020-11-14 00:00:00+00:00,2020,11,14,port1282,Tema,Ghana,GHA,3,0,1,0,0,4,4,18006,0,1200,0,0,19206,19206,679,0,53,0,0,733,733
2020-11-15 00:00:00+00:00,2020,11,15,port1282,Tema,Ghana,GHA,2,1,0,0,1,3,4,29043,27689,0,0,3494,56732,60227,0,0,0,0,0,0,0
2020-11-16 00:00:00+00:00,2020,11,16,port1282,Tema,Ghana,GHA,3,0,0,0,0,3,3,11854,0,0,0,0,11854,11854,0,0,0,0,0,0,0
2020-11-17 00:00:00+00:00,2020,11,17,port1282,Tema,Ghana,GHA,0,0,1,0,0,1,1,0,0,384,0,0,384,384,0,0,0,0,0,0,0
2020-11-18 00:00:00+00:00,2020,11,18,port1282,Tema,Ghana,GHA,5,0,1,1,1,7,8,49215,0,2713,0,1095,51928,53024,4320,0,0,0,0,4320,4320
2020-11-19 00:00:00+00:00,2020,11,19,port1282,Tema,Ghana,GHA,3,1,1,0,1,5,6,33087,40188,0,0,4085,73275,77361,0,0,189,0,1903,189,2093
2020-11-20 00:00:00+00:00,2020,11,20,port1282,Tema,Ghana,GHA,1,1,0,0,1,2,3,3167,0,0,0,0,3167,3167,0,0,0,0,0,0,0
2020-11-21 00:00:00+00:00,2020,11,21,port1282,Tema,Ghana,GHA,4,1,0,2,1,7,8,28402,10210,0,0,0,38613,38613,27,0,0,0,0,27,27
2020-11-22 00:00:00+00:00,2020,11,22,port1282,Tema,Ghana,GHA,1,0,0,0,1,1,2,0,0,0,0,7119,0,7119,10764,0,0,0,839,10764,11603
2020-11-23 00:00:00+00:00,2020,11,23,port1282,Tema,Ghana,GHA,1,0,0,0,0,1,1,0,0,0,0,0,0,0,19093,0,0,0,0,19093,19093
2020-11-24 00:00:00+00:00,2020,11,24,port1282,Tema,Ghana,GHA,2,1,0,0,0,3,3,28944,39187,0,0,0,68131,68131,0,0,0,0,0,0,0
2020-11-25 00:00:00+00:00,2020,11,25,port1282,Tema,Ghana,GHA,1,0,1,0,1,2,3,0,0,3302,0,1535,3302,4838,3832,0,0,0,0,3832,3832
2020-11-26 00:00:00+00:00,2020,11,26,port1282,Tema,Ghana,GHA,2,0,0,0,0,2,2,13560,0,0,0,0,13560,13560,0,0,0,0,0,0,0
2020-11-27 00:00:00+00:00,2020,11,27,port1282,Tema,Ghana,GHA,4,1,0,0,0,5,5,1296,37411,0,0,0,38708,38708,8774,0,0,0,0,8774,8774
2020-11-28 00:00:00+00:00,2020,11,28,port1282,Tema,Ghana,GHA,4,0,0,0,0,4,4,13444,0,0,0,0,13444,13444,2509,0,0,0,0,2509,2509
2020-11-29 00:00:00+00:00,2020,11,29,port1282,Tema,Ghana,GHA,2,1,1,1,0,5,5,15174,0,7329,0,0,22504,22504,0,0,0,0,0,0,0
2020-11-30 00:00:00+00:00,2020,11,30,port1282,Tema,Ghana,GHA,2,0,1,0,0,3,3,8326,0,660,0,0,8987,8987,13764,0,0,0,0,13764,13764
2020-12-01 00:00:00+00:00,2020,12,1,port1282,Tema,Ghana,GHA,4,0,2,0,1,6,7,28001,0,5790,0,4085,33791,37877,0,0,2144,0,1903,2144,4047
2020-12-02 00:00:00+00:00,2020,12,2,port1282,Tema,Ghana,GHA,3,1,1,0,0,5,5,35251,9769,15561,0,0,60582,60582,0,0,0,0,0,0,0
2020-12-03 00:00:00+00:00,2020,12,3,port1282,Tema,Ghana,GHA,2,0,0,0,0,2,2,18355,0,0,0,0,18355,18355,1987,0,0,0,0,1987,1987
2020-12-04 00:00:00+00:00,2020,12,4,port1282,Tema,Ghana,GHA,2,2,1,0,0,5,5,57699,15791,2084,0,0,75575,75575,0,0,775,0,0,775,775
2020-12-05 00:00:00+00:00,2020,12,5,port1282,Tema,Ghana,GHA,3,2,0,0,0,5,5,6886,53830,0,0,0,60716,60716,0,789,0,0,0,789,789
2020-12-06 00:00:00+00:00,2020,12,6,port1282,Tema,Ghana,GHA,2,0,0,0,0,2,2,8207,0,0,0,0,8207,8207,1440,0,0,0,0,1440,1440
2020-12-07 00:00:00+00:00,2020,12,7,port1282,Tema,Ghana,GHA,3,0,0,1,0,4,4,8571,0,0,0,0,8571,8571,0,0,0,0,0,0,0
2020-12-08 00:00:00+00:00,2020,12,8,port1282,Tema,Ghana,GHA,3,1,0,1,1,5,6,8643,2872,0,1179,16931,12695,29627,4701,0,0,0,0,4701,4701
2020-12-09 00:00:00+00:00,2020,12,9,port1282,Tema,Ghana,GHA,2,2,0,0,0,4,4,18943,61554,0,0,0,80498,80498,0,0,0,0,0,0,0
2020-12-10 00:00:00+00:00,2020,12,10,port1282,Tema,Ghana,GHA,3,0,0,0,1,3,4,9776,0,0,0,4085,9776,13861,11897,0,0,0,1903,11897,13801
2020-12-11 00:00:00+00:00,2020,12,11,port1282,Tema,Ghana,GHA,3,1,0,1,0,5,5,21781,16205,0,1146,0,39133,39133,0,0,0,25,0,25,25
2020-12-12 00:00:00+00:00,2020,12,12,port1282,Tema,Ghana,GHA,3,2,0,1,0,6,6,45942,62833,0,1146,0,109921,109921,0,0,0,25,0,25,25
2020-12-13 00:00:00+00:00,2020,12,13,port1282,Tema,Ghana,GHA,2,1,0,0,1,3,4,16474,40055,0,0,0,56529,56529,1440,0,0,0,0,1440,1440
2020-12-14 00:00:00+00:00,2020,12,14,port1282,Tema,Ghana,GHA,3,0,1,0,0,4,4,28887,0,0,0,0,28887,28887,2880,0,22315,0,0,25195,25195
2020-12-15 00:00:00+00:00,2020,12,15,port1282,Tema,Ghana,GHA,4,0,0,0,1,4,5,21285,0,0,0,0,21285,21285,9819,0,0,0,12417,9819,22236
2020-12-16 00:00:00+00:00,2020,12,16,port1282,Tema,Ghana,GHA,4,1,0,0,0,5,5,13588,27693,0,0,0,41281,41281,1440,0,0,0,0,1440,1440
2020-12-17 00:00:00+00:00,2020,12,17,port1282,Tema,Ghana,GHA,4,1,1,0,0,6,6,44103,20399,1712,0,0,66216,66216,4065,789,0,0,0,4854,4854
2020-12-18 00:00:00+00:00,2020,12,18,port1282,Tema,Ghana,GHA,2,3,0,1,1,6,7,19152,40936,0,0,0,60089,60089,0,9971,0,0,0,9971,9971
2020-12-19 00:00:00+00:00,2020,12,19,port1282,Tema,Ghana,GHA,2,0,0,1,0,3,3,21337,0,0,1543,0,22880,22880,0,0,0,0,0,0,0
2020-12-20 00:00:00+00:00,2020,12,20,port1282,Tema,Ghana,GHA,1,1,0,0,0,2,2,8207,0,0,0,0,8207,8207,1440,0,0,0,0,1440,1440
2020-12-21 00:00:00+00:00,2020,12,21,port1282,Tema,Ghana,GHA,2,0,0,0,0,2,2,19894,0,0,0,0,19894,19894,0,0,0,0,0,0,0
2020-12-22 00:00:00+00:00,2020,12,22,port1282,Tema,Ghana,GHA,3,3,0,0,2,6,8,18733,38007,0,0,0,56740,56740,0,0,0,0,1915,0,1915
2020-12-23 00:00:00+00:00,2020,12,23,port1282,Tema,Ghana,GHA,3,0,0,0,0,3,3,31615,0,0,0,0,31615,31615,0,0,0,0,0,0,0
2020-12-24 00:00:00+00:00,2020,12,24,port1282,Tema,Ghana,GHA,1,0,1,1,0,3,3,0,0,397,2916,0,3313,3313,0,0,0,0,0,0,0
2020-12-25 00:00:00+00:00,2020,12,25,port1282,Tema,Ghana,GHA,0,0,0,0,0,0,0,0,0,0,0,0,0,0,0,0,0,0,0,0,0
2020-12-26 00:00:00+00:00,2020,12,26,port1282,Tema,Ghana,GHA,3,1,1,1,0,6,6,22122,2895,244,0,0,25261,25261,1440,0,0,459,0,1899,1899
2020-12-27 00:00:00+00:00,2020,12,27,port1282,Tema,Ghana,GHA,1,1,0,0,0,2,2,0,38105,0,0,0,38105,38105,0,0,0,0,0,0,0
2020-12-28 00:00:00+00:00,2020,12,28,port1282,Tema,Ghana,GHA,2,0,0,0,0,2,2,12829,0,0,0,0,12829,12829,1440,0,0,0,0,1440,1440
2020-12-29 00:00:00+00:00,2020,12,29,port1282,Tema,Ghana,GHA,1,0,0,0,1,1,2,1436,0,0,0,7119,1436,8555,0,0,0,0,839,0,839
2020-12-30 00:00:00+00:00,2020,12,30,port1282,Tema,Ghana,GHA,3,0,0,0,1,3,4,45310,0,0,0,18162,45310,63473,1305,0,0,0,0,1305,1305
2020-12-31 00:00:00+00:00,2020,12,31,port1282,Tema,Ghana,GHA,2,0,0,0,1,2,3,18032,0,0,0,0,18032,18032,25779,0,0,0,0,25779,25779
2021-01-01 00:00:00+00:00,2021,1,1,port1282,Tema,Ghana,GHA,2,0,1,0,0,3,3,9375,0,0,0,0,9375,9375,0,0,2452,0,0,2452,2452
2021-01-02 00:00:00+00:00,2021,1,2,port1282,Tema,Ghana,GHA,3,0,0,0,1,3,4,40376,0,0,0,6155,40376,46532,0,0,0,0,3183,0,3183
2021-01-03 00:00:00+00:00,2021,1,3,port1282,Tema,Ghana,GHA,1,1,1,0,0,3,3,3255,20399,0,0,0,23654,23654,0,789,3228,0,0,4017,4017
2021-01-04 00:00:00+00:00,2021,1,4,port1282,Tema,Ghana,GHA,2,0,0,0,1,2,3,28593,0,0,0,0,28593,28593,0,0,0,0,10364,0,10364
2021-01-05 00:00:00+00:00,2021,1,5,port1282,Tema,Ghana,GHA,1,0,0,0,0,1,1,0,0,0,0,0,0,0,861,0,0,0,0,861,861
2021-01-06 00:00:00+00:00,2021,1,6,port1282,Tema,Ghana,GHA,2,2,2,0,0,6,6,14539,40148,2306,0,0,56994,56994,0,0,0,0,0,0,0
2021-01-07 00:00:00+00:00,2021,1,7,port1282,Tema,Ghana,GHA,3,0,0,0,0,3,3,32136,0,0,0,0,32136,32136,0,0,0,0,0,0,0
2021-01-08 00:00:00+00:00,2021,1,8,port1282,Tema,Ghana,GHA,1,1,0,1,0,3,3,0,0,0,1015,0,1015,1015,0,0,0,0,0,0,0
2021-01-09 00:00:00+00:00,2021,1,9,port1282,Tema,Ghana,GHA,2,0,1,0,0,3,3,97184,0,2236,0,0,99420,99420,0,0,0,0,0,0,0
2021-01-10 00:00:00+00:00,2021,1,10,port1282,Tema,Ghana,GHA,0,2,1,0,0,3,3,0,90554,0,0,0,90554,90554,0,0,396,0,0,396,396
2021-01-11 00:00:00+00:00,2021,1,11,port1282,Tema,Ghana,GHA,3,0,0,1,1,4,5,21195,0,0,0,19471,21195,40666,0,0,0,0,0,0,0
2021-01-12 00:00:00+00:00,2021,1,12,port1282,Tema,Ghana,GHA,1,1,1,0,0,3,3,0,0,1667,0,0,1667,1667,437,0,0,0,0,437,437
2021-01-13 00:00:00+00:00,2021,1,13,port1282,Tema,Ghana,GHA,2,1,1,0,0,4,4,38263,0,1312,0,0,39575,39575,0,0,0,0,0,0,0
2021-01-14 00:00:00+00:00,2021,1,14,port1282,Tema,Ghana,GHA,4,0,0,0,0,4,4,24969,0,0,0,0,24969,24969,1962,0,0,0,0,1962,1962
2021-01-15 00:00:00+00:00,2021,1,15,port1282,Tema,Ghana,GHA,2,1,0,0,0,3,3,5049,38801,0,0,0,43851,43851,0,0,0,0,0,0,0
2021-01-16 00:00:00+00:00,2021,1,16,port1282,Tema,Ghana,GHA,3,1,0,0,1,4,5,29212,1718,0,0,234,30930,31164,0,0,0,0,0,0,0
2021-01-17 00:00:00+00:00,2021,1,17,port1282,Tema,Ghana,GHA,3,0,0,1,0,4,4,33357,0,0,1146,0,34503,34503,0,0,0,25,0,25,25
2021-01-18 00:00:00+00:00,2021,1,18,port1282,Tema,Ghana,GHA,3,0,1,1,0,5,5,0,0,1200,3229,0,4429,4429,35041,0,53,0,0,35095,35095
2021-01-19 00:00:00+00:00,2021,1,19,port1282,Tema,Ghana,GHA,0,1,1,1,0,3,3,0,0,0,1538,0,1538,1538,0,22640,848,0,0,23488,23488
2021-01-20 00:00:00+00:00,2021,1,20,port1282,Tema,Ghana,GHA,4,0,0,0,0,4,4,22474,0,0,0,0,22474,22474,0,0,0,0,0,0,0
2021-01-21 00:00:00+00:00,2021,1,21,port1282,Tema,Ghana,GHA,1,0,0,0,1,1,2,8385,0,0,0,1718,8385,10104,0,0,0,0,0,0,0
2021-01-22 00:00:00+00:00,2021,1,22,port1282,Tema,Ghana,GHA,3,1,1,0,1,5,6,21568,41675,2084,0,1838,65328,67167,0,0,775,0,4072,775,4848
2021-01-23 00:00:00+00:00,2021,1,23,port1282,Tema,Ghana,GHA,1,0,0,0,1,1,2,17378,0,0,0,1372,17378,18751,0,0,0,0,0,0,0
2021-01-24 00:00:00+00:00,2021,1,24,port1282,Tema,Ghana,GHA,4,1,0,0,0,5,5,2850,0,0,0,0,2850,2850,11287,0,0,0,0,11287,11287
2021-01-25 00:00:00+00:00,2021,1,25,port1282,Tema,Ghana,GHA,2,1,0,0,0,3,3,8207,0,0,0,0,8207,8207,6732,0,0,0,0,6732,6732
2021-01-26 00:00:00+00:00,2021,1,26,port1282,Tema,Ghana,GHA,4,0,0,0,1,4,5,46081,0,0,0,2618,46081,48700,0,0,0,0,0,0,0
2021-01-27 00:00:00+00:00,2021,1,27,port1282,Tema,Ghana,GHA,2,3,0,0,0,5,5,19382,59271,0,0,0,78654,78654,0,30347,0,0,0,30347,30347
2021-01-28 00:00:00+00:00,2021,1,28,port1282,Tema,Ghana,GHA,4,0,0,0,0,4,4,11693,0,0,0,0,11693,11693,6571,0,0,0,0,6571,6571
2021-01-29 00:00:00+00:00,2021,1,29,port1282,Tema,Ghana,GHA,2,1,1,1,0,5,5,63962,40775,11863,1114,0,117715,117715,0,0,0,0,0,0,0
2021-01-30 00:00:00+00:00,2021,1,30,port1282,Tema,Ghana,GHA,0,1,0,0,0,1,1,0,8800,0,0,0,8800,8800,0,0,0,0,0,0,0
2021-01-31 00:00:00+00:00,2021,1,31,port1282,Tema,Ghana,GHA,1,2,0,0,1,3,4,21335,29743,0,0,6155,51078,57234,0,789,0,0,3183,789,3973
2021-02-01 00:00:00+00:00,2021,2,1,port1282,Tema,Ghana,GHA,1,1,0,0,0,2,2,0,0,0,0,0,0,0,6064,0,0,0,0,6064,6064
2021-02-02 00:00:00+00:00,2021,2,2,port1282,Tema,Ghana,GHA,3,0,0,0,2,3,5,7209,0,0,0,4085,7209,11295,0,0,0,0,37412,0,37412
2021-02-03 00:00:00+00:00,2021,2,3,port1282,Tema,Ghana,GHA,2,2,0,0,0,4,4,17708,8619,0,0,0,26327,26327,8897,0,0,0,0,8897,8897
2021-02-04 00:00:00+00:00,2021,2,4,port1282,Tema,Ghana,GHA,4,0,0,0,0,4,4,10096,0,0,0,0,10096,10096,1467,0,0,0,0,1467,1467
2021-02-05 00:00:00+00:00,2021,2,5,port1282,Tema,Ghana,GHA,3,4,0,0,2,7,9,15006,53137,0,0,2153,68143,70297,1440,0,0,0,0,1440,1440
2021-02-06 00:00:00+00:00,2021,2,6,port1282,Tema,Ghana,GHA,4,1,0,0,0,5,5,36116,13578,0,0,0,49695,49695,10592,0,0,0,0,10592,10592
2021-02-07 00:00:00+00:00,2021,2,7,port1282,Tema,Ghana,GHA,0,4,0,0,0,4,4,0,44388,0,0,0,44388,44388,0,0,0,0,0,0,0
2021-02-08 00:00:00+00:00,2021,2,8,port1282,Tema,Ghana,GHA,3,0,1,0,0,4,4,16193,0,2084,0,0,18278,18278,7809,0,775,0,0,8585,8585
2021-02-09 00:00:00+00:00,2021,2,9,port1282,Tema,Ghana,GHA,4,0,0,0,0,4,4,27397,0,0,0,0,27397,27397,11626,0,0,0,0,11626,11626
2021-02-10 00:00:00+00:00,2021,2,10,port1282,Tema,Ghana,GHA,1,1,0,0,0,2,2,4572,0,0,0,0,4572,4572,0,10519,0,0,0,10519,10519
2021-02-11 00:00:00+00:00,2021,2,11,port1282,Tema,Ghana,GHA,3,0,0,0,0,3,3,26116,0,0,0,0,26116,26116,14771,0,0,0,0,14771,14771
2021-02-12 00:00:00+00:00,2021,2,12,port1282,Tema,Ghana,GHA,2,2,0,0,0,4,4,32662,72398,0,0,0,105060,105060,0,0,0,0,0,0,0
2021-02-13 00:00:00+00:00,2021,2,13,port1282,Tema,Ghana,GHA,2,0,2,0,0,4,4,13362,0,4169,0,0,17532,17532,0,0,1551,0,0,1551,1551
2021-02-14 00:00:00+00:00,2021,2,14,port1282,Tema,Ghana,GHA,3,0,0,0,1,3,4,1959,0,0,0,0,1959,1959,11165,0,0,0,1058,11165,12223
2021-02-15 00:00:00+00:00,2021,2,15,port1282,Tema,Ghana,GHA,2,0,0,0,0,2,2,15891,0,0,0,0,15891,15891,2823,0,0,0,0,2823,2823
2021-02-16 00:00:00+00:00,2021,2,16,port1282,Tema,Ghana,GHA,5,1,0,0,0,6,6,13791,41608,0,0,0,55400,55400,6296,0,0,0,0,6296,6296
2021-02-17 00:00:00+00:00,2021,2,17,port1282,Tema,Ghana,GHA,1,0,2,1,0,4,4,27263,0,0,555,0,27819,27819,0,0,1631,0,0,1631,1631
2021-02-18 00:00:00+00:00,2021,2,18,port1282,Tema,Ghana,GHA,3,0,0,0,0,3,3,25986,0,0,0,0,25986,25986,3687,0,0,0,0,3687,3687
2021-02-19 00:00:00+00:00,2021,2,19,port1282,Tema,Ghana,GHA,3,1,0,0,0,4,4,11700,41024,0,0,0,52724,52724,22021,0,0,0,0,22021,22021
2021-02-20 00:00:00+00:00,2021,2,20,port1282,Tema,Ghana,GHA,3,2,0,0,0,5,5,19615,30395,0,0,0,50010,50010,5025,0,0,0,0,5025,5025
2021-02-21 00:00:00+00:00,2021,2,21,port1282,Tema,Ghana,GHA,4,0,0,1,0,5,5,20095,0,0,1146,0,21241,21241,7441,0,0,25,0,7467,7467
2021-02-22 00:00:00+00:00,2021,2,22,port1282,Tema,Ghana,GHA,2,1,1,0,0,4,4,19490,7684,3920,0,0,31095,31095,0,0,0,0,0,0,0
2021-02-23 00:00:00+00:00,2021,2,23,port1282,Tema,Ghana,GHA,0,0,1,1,1,2,3,0,0,0,2232,0,2232,2232,0,0,4280,0,0,4280,4280
2021-02-24 00:00:00+00:00,2021,2,24,port1282,Tema,Ghana,GHA,4,1,0,0,0,5,5,15498,9937,0,0,0,25435,25435,9585,0,0,0,0,9585,9585
2021-02-25 00:00:00+00:00,2021,2,25,port1282,Tema,Ghana,GHA,3,0,0,0,1,3,4,16414,0,0,0,0,16414,16414,2880,0,0,0,4956,2880,7836
2021-02-26 00:00:00+00:00,2021,2,26,port1282,Tema,Ghana,GHA,3,0,0,0,0,3,3,17825,0,0,0,0,17825,17825,0,0,0,0,0,0,0
2021-02-27 00:00:00+00:00,2021,2,27,port1282,Tema,Ghana,GHA,3,1,0,1,1,5,6,11225,47989,0,0,2890,59214,62104,0,0,0,0,0,0,0
2021-02-28 00:00:00+00:00,2021,2,28,port1282,Tema,Ghana,GHA,4,2,0,0,0,6,6,20772,45077,0,0,0,65849,65849,5717,0,0,0,0,5717,5717
2021-03-01 00:00:00+00:00,2021,3,1,port1282,Tema,Ghana,GHA,1,0,0,1,0,2,2,8207,0,0,0,0,8207,8207,1440,0,0,0,0,1440,1440
2021-03-02 00:00:00+00:00,2021,3,2,port1282,Tema,Ghana,GHA,1,1,0,0,0,2,2,7577,0,0,0,0,7577,7577,0,0,0,0,0,0,0
2021-03-03 00:00:00+00:00,2021,3,3,port1282,Tema,Ghana,GHA,3,0,0,1,0,4,4,30439,0,0,2548,0,32987,32987,1440,0,0,0,0,1440,1440
2021-03-04 00:00:00+00:00,2021,3,4,port1282,Tema,Ghana,GHA,3,2,0,0,0,5,5,17870,72300,0,0,0,90171,90171,2853,0,0,0,0,2853,2853
2021-03-05 00:00:00+00:00,2021,3,5,port1282,Tema,Ghana,GHA,2,0,0,0,0,2,2,8207,0,0,0,0,8207,8207,2394,0,0,0,0,2394,2394
2021-03-06 00:00:00+00:00,2021,3,6,port1282,Tema,Ghana,GHA,2,2,0,0,0,4,4,8957,40543,0,0,0,49501,49501,1440,0,0,0,0,1440,1440
2021-03-07 00:00:00+00:00,2021,3,7,port1282,Tema,Ghana,GHA,1,0,0,0,1,1,2,0,0,0,0,13386,0,13386,1000,0,0,0,0,1000,1000
2021-03-08 00:00:00+00:00,2021,3,8,port1282,Tema,Ghana,GHA,0,0,0,0,0,0,0,0,0,0,0,0,0,0,0,0,0,0,0,0,0
2021-03-09 00:00:00+00:00,2021,3,9,port1282,Tema,Ghana,GHA,4,0,1,1,0,6,6,16414,0,253,0,0,16668,16668,15226,0,0,1535,0,16762,16762
2021-03-10 00:00:00+00:00,2021,3,10,port1282,Tema,Ghana,GHA,1,0,0,1,0,2,2,7584,0,0,1980,0,9564,9564,0,0,0,0,0,0,0
2021-03-11 00:00:00+00:00,2021,3,11,port1282,Tema,Ghana,GHA,3,0,0,1,0,4,4,20030,0,0,1541,0,21572,21572,1272,0,0,0,0,1272,1272
2021-03-12 00:00:00+00:00,2021,3,12,port1282,Tema,Ghana,GHA,3,1,1,0,1,5,6,31154,40567,0,0,0,71721,71721,0,0,1609,0,0,1609,1609
2021-03-13 00:00:00+00:00,2021,3,13,port1282,Tema,Ghana,GHA,1,1,0,0,0,2,2,0,36136,0,0,0,36136,36136,0,0,0,0,0,0,0
2021-03-14 00:00:00+00:00,2021,3,14,port1282,Tema,Ghana,GHA,3,1,0,1,0,5,5,10476,0,0,4150,0,14626,14626,1467,0,0,0,0,1467,1467
2021-03-15 00:00:00+00:00,2021,3,15,port1282,Tema,Ghana,GHA,5,1,2,0,1,8,9,28281,40195,3545,0,0,72022,72022,2783,0,775,0,0,3558,3558
2021-03-16 00:00:00+00:00,2021,3,16,port1282,Tema,Ghana,GHA,1,1,2,0,0,4,4,22097,0,3373,0,0,25470,25470,0,0,53,0,0,53,53
2021-03-17 00:00:00+00:00,2021,3,17,port1282,Tema,Ghana,GHA,2,4,0,1,1,7,8,6398,92416,0,0,6155,98815,104971,0,0,0,0,3183,0,3183
2021-03-18 00:00:00+00:00,2021,3,18,port1282,Tema,Ghana,GHA,3,0,0,0,1,3,4,44904,0,0,0,4085,44904,48989,1440,0,0,0,1903,1440,3343
2021-03-19 00:00:00+00:00,2021,3,19,port1282,Tema,Ghana,GHA,4,0,1,0,1,5,6,39877,0,0,0,0,39877,39877,1440,0,583,0,3633,2023,5657
2021-03-20 00:00:00+00:00,2021,3,20,port1282,Tema,Ghana,GHA,3,2,0,0,0,5,5,23381,0,0,0,0,23381,23381,0,0,0,0,0,0,0
2021-03-21 00:00:00+00:00,2021,3,21,port1282,Tema,Ghana,GHA,2,0,0,0,1,2,3,8207,0,0,0,3048,8207,11255,14136,0,0,0,0,14136,14136
2021-03-22 00:00:00+00:00,2021,3,22,port1282,Tema,Ghana,GHA,3,3,0,0,0,6,6,4643,31664,0,0,0,36308,36308,18275,15404,0,0,0,33680,33680
2021-03-23 00:00:00+00:00,2021,3,23,port1282,Tema,Ghana,GHA,4,0,0,0,1,4,5,23238,0,0,0,0,23238,23238,2408,0,0,0,0,2408,2408
2021-03-24 00:00:00+00:00,2021,3,24,port1282,Tema,Ghana,GHA,4,1,0,0,1,5,6,33069,20132,0,0,0,53201,53201,0,0,0,0,0,0,0
2021-03-25 00:00:00+00:00,2021,3,25,port1282,Tema,Ghana,GHA,3,0,0,0,1,3,4,23127,0,0,0,0,23127,23127,2534,0,0,0,0,2534,2534
2021-03-26 00:00:00+00:00,2021,3,26,port1282,Tema,Ghana,GHA,2,1,1,0,0,4,4,0,41040,1200,0,0,42240,42240,30231,0,53,0,0,30285,30285
2021-03-27 00:00:00+00:00,2021,3,27,port1282,Tema,Ghana,GHA,1,0,0,0,3,1,4,6287,0,0,0,6155,6287,12443,0,0,0,0,4563,0,4563
2021-03-28 00:00:00+00:00,2021,3,28,port1282,Tema,Ghana,GHA,2,1,1,0,0,4,4,8676,34915,2084,0,0,45677,45677,11194,0,775,0,0,11969,11969
2021-03-29 00:00:00+00:00,2021,3,29,port1282,Tema,Ghana,GHA,2,0,1,1,0,4,4,9441,0,0,1146,0,10587,10587,0,0,1994,25,0,2020,2020
2021-03-30 00:00:00+00:00,2021,3,30,port1282,Tema,Ghana,GHA,3,1,0,0,1,4,5,25309,20910,0,0,2381,46219,48600,0,0,0,0,1811,0,1811
2021-03-31 00:00:00+00:00,2021,3,31,port1282,Tema,Ghana,GHA,2,1,0,0,0,3,3,21248,40432,0,0,0,61681,61681,0,0,0,0,0,0,0
2021-04-01 00:00:00+00:00,2021,4,1,port1282,Tema,Ghana,GHA,3,1,0,0,1,4,5,15277,0,0,0,2890,15277,18167,14694,0,0,0,0,14694,14694
2021-04-02 00:00:00+00:00,2021,4,2,port1282,Tema,Ghana,GHA,0,0,0,0,0,0,0,0,0,0,0,0,0,0,0,0,0,0,0,0,0
2021-04-03 00:00:00+00:00,2021,4,3,port1282,Tema,Ghana,GHA,0,3,1,1,0,5,5,0,40075,2084,0,0,42160,42160,0,0,775,0,0,775,775
2021-04-04 00:00:00+00:00,2021,4,4,port1282,Tema,Ghana,GHA,1,0,1,1,1,3,4,0,0,0,5653,2426,5653,8080,755,0,1450,0,0,2206,2206
2021-04-05 00:00:00+00:00,2021,4,5,port1282,Tema,Ghana,GHA,4,2,0,0,0,6,6,52158,74998,0,0,0,127156,127156,2880,0,0,0,0,2880,2880
2021-04-06 00:00:00+00:00,2021,4,6,port1282,Tema,Ghana,GHA,3,1,0,0,0,4,4,4426,0,0,0,0,4426,4426,11205,0,0,0,0,11205,11205
2021-04-07 00:00:00+00:00,2021,4,7,port1282,Tema,Ghana,GHA,2,1,0,0,1,3,4,3396,9944,0,0,4638,13341,17980,14980,0,0,0,0,14980,14980
2021-04-08 00:00:00+00:00,2021,4,8,port1282,Tema,Ghana,GHA,4,0,0,0,0,4,4,10119,0,0,0,0,10119,10119,17683,0,0,0,0,17683,17683
2021-04-09 00:00:00+00:00,2021,4,9,port1282,Tema,Ghana,GHA,1,0,0,1,1,2,3,8941,0,0,0,4085,8941,13026,0,0,0,0,1903,0,1903
2021-04-10 00:00:00+00:00,2021,4,10,port1282,Tema,Ghana,GHA,2,1,0,0,0,3,3,13423,39414,0,0,0,52837,52837,1440,0,0,0,0,1440,1440
2021-04-11 00:00:00+00:00,2021,4,11,port1282,Tema,Ghana,GHA,3,1,0,0,1,4,5,16414,0,0,0,0,16414,16414,11754,20712,0,0,37245,32467,69712
2021-04-12 00:00:00+00:00,2021,4,12,port1282,Tema,Ghana,GHA,4,1,1,2,0,8,8,40304,41039,1221,3332,0,85898,85898,28373,0,0,0,0,28373,28373
2021-04-13 00:00:00+00:00,2021,4,13,port1282,Tema,Ghana,GHA,3,2,0,0,1,5,6,11506,40557,0,0,0,52063,52063,27,0,0,0,0,27,27
2021-04-14 00:00:00+00:00,2021,4,14,port1282,Tema,Ghana,GHA,2,0,0,0,0,2,2,30304,0,0,0,0,30304,30304,1440,0,0,0,0,1440,1440
2021-04-15 00:00:00+00:00,2021,4,15,port1282,Tema,Ghana,GHA,3,2,0,0,0,5,5,2828,49332,0,0,0,52161,52161,19072,0,0,0,0,19072,19072
2021-04-16 00:00:00+00:00,2021,4,16,port1282,Tema,Ghana,GHA,1,2,0,0,1,3,4,2420,70009,0,0,13082,72429,85512,0,0,0,0,0,0,0
2021-04-17 00:00:00+00:00,2021,4,17,port1282,Tema,Ghana,GHA,3,0,1,0,2,4,6,32822,0,130,0,7209,32952,40162,1440,0,0,0,3183,1440,4623
2021-04-18 00:00:00+00:00,2021,4,18,port1282,Tema,Ghana,GHA,3,0,0,0,0,3,3,38191,0,0,0,0,38191,38191,547,0,0,0,0,547,547
2021-04-19 00:00:00+00:00,2021,4,19,port1282,Tema,Ghana,GHA,2,2,2,0,0,6,6,8207,67268,4169,0,0,79645,79645,1440,0,1551,0,0,2991,2991
2021-04-20 00:00:00+00:00,2021,4,20,port1282,Tema,Ghana,GHA,1,0,0,0,2,1,3,651,0,0,0,9263,651,9914,0,0,0,0,0,0,0
2021-04-21 00:00:00+00:00,2021,4,21,port1282,Tema,Ghana,GHA,4,2,0,0,0,6,6,34418,79470,0,0,0,113888,113888,1440,0,0,0,0,1440,1440
2021-04-22 00:00:00+00:00,2021,4,22,port1282,Tema,Ghana,GHA,2,0,1,0,0,3,3,28363,0,1028,0,0,29391,29391,1440,0,0,0,0,1440,1440
2021-04-23 00:00:00+00:00,2021,4,23,port1282,Tema,Ghana,GHA,6,1,1,0,0,8,8,24658,42463,2084,0,0,69206,69206,19115,0,775,0,0,19890,19890
2021-04-24 00:00:00+00:00,2021,4,24,port1282,Tema,Ghana,GHA,1,0,0,1,0,2,2,9350,0,0,507,0,9858,9858,0,0,0,0,0,0,0
2021-04-25 00:00:00+00:00,2021,4,25,port1282,Tema,Ghana,GHA,3,1,1,0,0,5,5,35394,27924,2084,0,0,65403,65403,9876,0,775,0,0,10652,10652
2021-04-26 00:00:00+00:00,2021,4,26,port1282,Tema,Ghana,GHA,4,1,0,1,0,6,6,17818,40146,0,2229,0,60193,60193,8938,0,0,0,0,8938,8938
2021-04-27 00:00:00+00:00,2021,4,27,port1282,Tema,Ghana,GHA,0,1,0,0,0,1,1,0,0,0,0,0,0,0,0,0,0,0,0,0,0
2021-04-28 00:00:00+00:00,2021,4,28,port1282,Tema,Ghana,GHA,4,0,2,0,1,6,7,27054,0,2084,0,174,29138,29313,13619,0,1673,0,0,15292,15292
2021-04-29 00:00:00+00:00,2021,4,29,port1282,Tema,Ghana,GHA,2,1,0,0,1,3,4,5144,34367,0,0,31196,39511,70708,0,0,0,0,0,0,0
2021-04-30 00:00:00+00:00,2021,4,30,port1282,Tema,Ghana,GHA,3,0,1,0,1,4,5,969,0,0,0,17802,969,18771,1942,0,154,0,0,2097,2097
2021-05-01 00:00:00+00:00,2021,5,1,port1282,Tema,Ghana,GHA,3,2,0,0,0,5,5,18448,54874,0,0,0,73322,73322,1440,0,0,0,0,1440,1440
2021-05-02 00:00:00+00:00,2021,5,2,port1282,Tema,Ghana,GHA,0,1,1,0,1,2,3,0,0,0,0,0,0,0,0,36873,2977,0,0,39851,39851
2021-05-03 00:00:00+00:00,2021,5,3,port1282,Tema,Ghana,GHA,2,1,0,0,1,3,4,0,8239,0,0,0,8239,8239,759,0,0,0,0,759,759
2021-05-04 00:00:00+00:00,2021,5,4,port1282,Tema,Ghana,GHA,3,1,0,1,0,5,5,29929,3796,0,3495,0,37222,37222,1440,0,0,0,0,1440,1440
2021-05-05 00:00:00+00:00,2021,5,5,port1282,Tema,Ghana,GHA,2,0,2,0,0,4,4,12163,0,1200,0,0,13363,13363,2208,0,7702,0,0,9910,9910
2021-05-06 00:00:00+00:00,2021,5,6,port1282,Tema,Ghana,GHA,1,0,0,0,1,1,2,8207,0,0,0,0,8207,8207,1440,0,0,0,6773,1440,8214
2021-05-07 00:00:00+00:00,2021,5,7,port1282,Tema,Ghana,GHA,4,2,0,0,1,6,7,16409,38117,0,0,0,54526,54526,6523,0,0,0,0,6523,6523
2021-05-08 00:00:00+00:00,2021,5,8,port1282,Tema,Ghana,GHA,2,0,2,0,1,4,5,18556,0,2138,0,0,20695,20695,1440,0,775,0,20344,2215,22560
2021-05-09 00:00:00+00:00,2021,5,9,port1282,Tema,Ghana,GHA,1,0,0,0,0,1,1,24922,0,0,0,0,24922,24922,0,0,0,0,0,0,0
2021-05-10 00:00:00+00:00,2021,5,10,port1282,Tema,Ghana,GHA,2,1,0,0,0,3,3,25196,41704,0,0,0,66901,66901,1440,0,0,0,0,1440,1440
2021-05-11 00:00:00+00:00,2021,5,11,port1282,Tema,Ghana,GHA,4,0,0,0,1,4,5,21007,0,0,0,8382,21007,29389,1440,0,0,0,0,1440,1440
2021-05-12 00:00:00+00:00,2021,5,12,port1282,Tema,Ghana,GHA,4,1,0,1,0,6,6,22061,8192,0,2781,0,33035,33035,0,0,0,0,0,0,0
2021-05-13 00:00:00+00:00,2021,5,13,port1282,Tema,Ghana,GHA,4,1,0,0,0,5,5,3021,40961,0,0,0,43982,43982,4208,0,0,0,0,4208,4208
2021-05-14 00:00:00+00:00,2021,5,14,port1282,Tema,Ghana,GHA,2,1,1,0,1,4,5,31727,29731,2084,0,0,63544,63544,0,0,775,0,0,775,775
2021-05-15 00:00:00+00:00,2021,5,15,port1282,Tema,Ghana,GHA,4,1,0,0,0,5,5,35495,20399,0,0,0,55895,55895,1440,789,0,0,0,2229,2229
2021-05-16 00:00:00+00:00,2021,5,16,port1282,Tema,Ghana,GHA,2,0,1,0,1,3,4,55254,0,2084,0,1343,57338,58682,0,0,775,0,0,775,775
2021-05-17 00:00:00+00:00,2021,5,17,port1282,Tema,Ghana,GHA,2,2,0,0,0,4,4,9035,12082,0,0,0,21118,21118,8945,0,0,0,0,8945,8945
2021-05-18 00:00:00+00:00,2021,5,18,port1282,Tema,Ghana,GHA,2,0,0,1,1,3,4,22824,0,0,0,0,22824,22824,5644,0,0,0,0,5644,5644
2021-05-19 00:00:00+00:00,2021,5,19,port1282,Tema,Ghana,GHA,1,2,0,1,0,4,4,11558,1669,0,1165,0,14393,14393,0,0,0,0,0,0,0
2021-05-20 00:00:00+00:00,2021,5,20,port1282,Tema,Ghana,GHA,2,1,0,0,0,3,3,17919,13258,0,0,0,31178,31178,1440,0,0,0,0,1440,1440
2021-05-21 00:00:00+00:00,2021,5,21,port1282,Tema,Ghana,GHA,3,2,0,0,1,5,6,4021,3820,0,0,1121,7842,8963,4129,0,0,0,0,4129,4129
2021-05-22 00:00:00+00:00,2021,5,22,port1282,Tema,Ghana,GHA,3,0,0,1,0,4,4,39860,0,0,2050,0,41910,41910,1440,0,0,0,0,1440,1440
2021-05-23 00:00:00+00:00,2021,5,23,port1282,Tema,Ghana,GHA,2,1,0,0,0,3,3,10211,12744,0,0,0,22955,22955,1440,0,0,0,0,1440,1440
2021-05-24 00:00:00+00:00,2021,5,24,port1282,Tema,Ghana,GHA,2,1,1,2,0,6,6,9070,30317,2366,4996,0,46752,46752,1467,0,0,25,0,1493,1493
2021-05-25 00:00:00+00:00,2021,5,25,port1282,Tema,Ghana,GHA,3,1,1,1,1,6,7,38708,41256,1276,2043,0,83284,83284,1440,0,0,0,2174,1440,3615
2021-05-26 00:00:00+00:00,2021,5,26,port1282,Tema,Ghana,GHA,1,1,0,1,0,3,3,3134,5475,0,4085,0,12695,12695,0,0,0,0,0,0,0
2021-05-27 00:00:00+00:00,2021,5,27,port1282,Tema,Ghana,GHA,1,2,0,0,1,3,4,1349,55358,0,0,541,56707,57249,0,0,0,0,0,0,0
2021-05-28 00:00:00+00:00,2021,5,28,port1282,Tema,Ghana,GHA,2,1,0,0,0,3,3,3510,29034,0,0,0,32545,32545,875,0,0,0,0,875,875
2021-05-29 00:00:00+00:00,2021,5,29,port1282,Tema,Ghana,GHA,3,0,0,0,1,3,4,24309,0,0,0,0,24309,24309,0,0,0,0,0,0,0
2021-05-30 00:00:00+00:00,2021,5,30,port1282,Tema,Ghana,GHA,2,1,0,0,0,3,3,863,29210,0,0,0,30073,30073,10635,0,0,0,0,10635,10635
2021-05-31 00:00:00+00:00,2021,5,31,port1282,Tema,Ghana,GHA,2,2,0,0,2,4,6,6733,29801,0,0,1096,36535,37631,0,0,0,0,0,0,0
2021-06-01 00:00:00+00:00,2021,6,1,port1282,Tema,Ghana,GHA,3,0,0,0,0,3,3,19054,0,0,0,0,19054,19054,1440,0,0,0,0,1440,1440
2021-06-02 00:00:00+00:00,2021,6,2,port1282,Tema,Ghana,GHA,2,0,0,0,0,2,2,5344,0,0,0,0,5344,5344,0,0,0,0,0,0,0
2021-06-03 00:00:00+00:00,2021,6,3,port1282,Tema,Ghana,GHA,4,2,0,1,0,7,7,30390,48879,0,1146,0,80416,80416,0,0,0,25,0,25,25
2021-06-04 00:00:00+00:00,2021,6,4,port1282,Tema,Ghana,GHA,3,1,0,0,0,4,4,13878,39951,0,0,0,53830,53830,10969,0,0,0,0,10969,10969
2021-06-05 00:00:00+00:00,2021,6,5,port1282,Tema,Ghana,GHA,2,1,2,0,1,5,6,20785,20399,4324,0,0,45510,45510,0,789,775,0,0,1564,1564
2021-06-06 00:00:00+00:00,2021,6,6,port1282,Tema,Ghana,GHA,2,2,0,1,0,5,5,11689,56921,0,1526,0,70137,70137,0,0,0,0,0,0,0
2021-06-07 00:00:00+00:00,2021,6,7,port1282,Tema,Ghana,GHA,4,1,0,1,0,6,6,19334,24006,0,0,0,43341,43341,1440,0,0,0,0,1440,1440
2021-06-08 00:00:00+00:00,2021,6,8,port1282,Tema,Ghana,GHA,3,2,2,0,1,7,8,14234,44527,5172,0,0,63935,63935,9503,0,53,0,2841,9557,12398
2021-06-09 00:00:00+00:00,2021,6,9,port1282,Tema,Ghana,GHA,2,1,0,1,0,4,4,10966,28587,0,4297,0,43851,43851,0,0,0,0,0,0,0
2021-06-10 00:00:00+00:00,2021,6,10,port1282,Tema,Ghana,GHA,1,1,0,0,2,2,4,10543,15901,0,0,3740,26445,30186,0,0,0,0,0,0,0
2021-06-11 00:00:00+00:00,2021,6,11,port1282,Tema,Ghana,GHA,2,0,1,0,0,3,3,6254,0,6526,0,0,12781,12781,6320,0,0,0,0,6320,6320
2021-06-12 00:00:00+00:00,2021,6,12,port1282,Tema,Ghana,GHA,1,1,0,0,0,2,2,22097,41454,0,0,0,63551,63551,0,0,0,0,0,0,0
2021-06-13 00:00:00+00:00,2021,6,13,port1282,Tema,Ghana,GHA,2,0,0,0,0,2,2,26977,0,0,0,0,26977,26977,0,0,0,0,0,0,0
2021-06-14 00:00:00+00:00,2021,6,14,port1282,Tema,Ghana,GHA,4,1,1,1,1,7,8,13657,6616,0,0,0,20274,20274,0,0,2449,0,0,2449,2449
2021-06-15 00:00:00+00:00,2021,6,15,port1282,Tema,Ghana,GHA,3,0,1,0,0,4,4,30187,0,0,0,0,30187,30187,0,0,130,0,0,130,130
2021-06-16 00:00:00+00:00,2021,6,16,port1282,Tema,Ghana,GHA,3,0,0,0,0,3,3,24509,0,0,0,0,24509,24509,0,0,0,0,0,0,0
2021-06-17 00:00:00+00:00,2021,6,17,port1282,Tema,Ghana,GHA,2,0,2,2,0,6,6,11104,0,228,2663,0,13996,13996,0,0,4349,0,0,4349,4349
2021-06-18 00:00:00+00:00,2021,6,18,port1282,Tema,Ghana,GHA,2,2,0,0,0,4,4,1468,0,0,0,0,1468,1468,0,0,0,0,0,0,0
2021-06-19 00:00:00+00:00,2021,6,19,port1282,Tema,Ghana,GHA,5,0,0,0,0,5,5,26584,0,0,0,0,26584,26584,0,0,0,0,0,0,0
2021-06-20 00:00:00+00:00,2021,6,20,port1282,Tema,Ghana,GHA,1,0,0,2,0,3,3,14773,0,0,0,0,14773,14773,0,0,0,0,0,0,0
2021-06-21 00:00:00+00:00,2021,6,21,port1282,Tema,Ghana,GHA,3,2,0,1,0,6,6,36931,39367,0,3831,0,80129,80129,1721,0,0,0,0,1721,1721
2021-06-22 00:00:00+00:00,2021,6,22,port1282,Tema,Ghana,GHA,4,0,0,0,0,4,4,5768,0,0,0,0,5768,5768,4470,0,0,0,0,4470,4470
2021-06-23 00:00:00+00:00,2021,6,23,port1282,Tema,Ghana,GHA,2,2,0,1,0,5,5,18835,36000,0,0,0,54836,54836,5214,0,0,511,0,5726,5726
2021-06-24 00:00:00+00:00,2021,6,24,port1282,Tema,Ghana,GHA,4,2,1,0,2,7,9,54950,22339,0,0,4085,77290,81375,1440,789,7550,0,11429,9780,21209
2021-06-25 00:00:00+00:00,2021,6,25,port1282,Tema,Ghana,GHA,2,1,0,0,0,3,3,15736,41172,0,0,0,56908,56908,1440,0,0,0,0,1440,1440
2021-06-26 00:00:00+00:00,2021,6,26,port1282,Tema,Ghana,GHA,3,0,2,0,1,5,6,6043,0,4169,0,27578,10213,37791,5123,0,1551,0,0,6674,6674
2021-06-27 00:00:00+00:00,2021,6,27,port1282,Tema,Ghana,GHA,2,0,0,0,0,2,2,4682,0,0,0,0,4682,4682,0,0,0,0,0,0,0
2021-06-28 00:00:00+00:00,2021,6,28,port1282,Tema,Ghana,GHA,2,2,0,0,0,4,4,16414,26655,0,0,0,43069,43069,2880,1044,0,0,0,3924,3924
2021-06-29 00:00:00+00:00,2021,6,29,port1282,Tema,Ghana,GHA,3,1,1,0,0,5,5,27099,29122,2435,0,0,58657,58657,0,0,0,0,0,0,0
2021-06-30 00:00:00+00:00,2021,6,30,port1282,Tema,Ghana,GHA,2,1,0,0,1,3,4,14680,30391,0,0,0,45071,45071,0,0,0,0,0,0,0
2021-07-01 00:00:00+00:00,2021,7,1,port1282,Tema,Ghana,GHA,2,2,0,0,1,4,5,20687,2269,0,0,7119,22956,30075,1440,0,0,0,839,1440,2279
2021-07-02 00:00:00+00:00,2021,7,2,port1282,Tema,Ghana,GHA,0,3,1,0,1,4,5,0,34984,936,0,173,35920,36094,0,0,0,0,0,0,0
2021-07-03 00:00:00+00:00,2021,7,3,port1282,Tema,Ghana,GHA,3,1,0,0,0,4,4,22324,0,0,0,0,22324,22324,0,0,0,0,0,0,0
2021-07-04 00:00:00+00:00,2021,7,4,port1282,Tema,Ghana,GHA,1,0,0,0,0,1,1,30610,0,0,0,0,30610,30610,0,0,0,0,0,0,0
2021-07-05 00:00:00+00:00,2021,7,5,port1282,Tema,Ghana,GHA,3,2,0,0,1,5,6,15339,18769,0,0,0,34108,34108,1440,0,0,0,2623,1440,4063
2021-07-06 00:00:00+00:00,2021,7,6,port1282,Tema,Ghana,GHA,1,1,0,0,1,2,3,37653,0,0,0,6155,37653,43809,0,0,0,0,3183,0,3183
2021-07-07 00:00:00+00:00,2021,7,7,port1282,Tema,Ghana,GHA,2,1,0,1,1,4,5,8207,17319,0,2293,0,27820,27820,1440,0,0,0,0,1440,1440
2021-07-08 00:00:00+00:00,2021,7,8,port1282,Tema,Ghana,GHA,4,2,0,0,1,6,7,19263,14204,0,0,0,33467,33467,6071,0,0,0,0,6071,6071
2021-07-09 00:00:00+00:00,2021,7,9,port1282,Tema,Ghana,GHA,4,1,1,0,1,6,7,26239,0,0,0,0,26239,26239,2880,35086,1386,0,0,39353,39353
2021-07-10 00:00:00+00:00,2021,7,10,port1282,Tema,Ghana,GHA,3,0,1,0,1,4,5,19593,0,2084,0,659,21678,22338,0,0,775,0,0,775,775
2021-07-11 00:00:00+00:00,2021,7,11,port1282,Tema,Ghana,GHA,3,0,0,0,0,3,3,8681,0,0,0,0,8681,8681,0,0,0,0,0,0,0
2021-07-12 00:00:00+00:00,2021,7,12,port1282,Tema,Ghana,GHA,2,2,0,1,1,5,6,1749,40877,0,2333,0,44960,44960,0,0,0,0,13001,0,13001
2021-07-13 00:00:00+00:00,2021,7,13,port1282,Tema,Ghana,GHA,3,0,1,0,1,4,5,34697,0,1200,0,5238,35897,41136,1440,0,53,0,0,1494,1494
2021-07-14 00:00:00+00:00,2021,7,14,port1282,Tema,Ghana,GHA,1,0,2,0,0,3,3,4650,0,124,0,0,4775,4775,0,0,803,0,0,803,803
2021-07-15 00:00:00+00:00,2021,7,15,port1282,Tema,Ghana,GHA,3,2,0,1,0,6,6,16147,74026,0,1778,0,91953,91953,16919,0,0,0,0,16919,16919
2021-07-16 00:00:00+00:00,2021,7,16,port1282,Tema,Ghana,GHA,3,1,0,0,1,4,5,14288,10436,0,0,869,24724,25594,0,0,0,0,0,0,0
2021-07-17 00:00:00+00:00,2021,7,17,port1282,Tema,Ghana,GHA,1,1,0,1,0,3,3,8122,14391,0,0,0,22513,22513,0,0,0,0,0,0,0
2021-07-18 00:00:00+00:00,2021,7,18,port1282,Tema,Ghana,GHA,2,0,0,0,0,2,2,9508,0,0,0,0,9508,9508,0,0,0,0,0,0,0
2021-07-19 00:00:00+00:00,2021,7,19,port1282,Tema,Ghana,GHA,4,1,0,1,0,6,6,49087,0,0,0,0,49087,49087,6072,22606,0,0,0,28679,28679
2021-07-20 00:00:00+00:00,2021,7,20,port1282,Tema,Ghana,GHA,1,2,1,1,1,5,6,650,60500,2084,0,0,63235,63235,0,0,775,0,0,775,775
2021-07-21 00:00:00+00:00,2021,7,21,port1282,Tema,Ghana,GHA,3,0,0,1,0,4,4,10951,0,0,1767,0,12718,12718,0,0,0,0,0,0,0
2021-07-22 00:00:00+00:00,2021,7,22,port1282,Tema,Ghana,GHA,2,2,0,0,1,4,5,15953,26149,0,0,4085,42102,46187,0,789,0,0,1903,789,2692
2021-07-23 00:00:00+00:00,2021,7,23,port1282,Tema,Ghana,GHA,3,0,0,1,1,4,5,30658,0,0,0,2657,30658,33315,0,0,0,0,0,0,0
2021-07-24 00:00:00+00:00,2021,7,24,port1282,Tema,Ghana,GHA,2,2,1,0,0,5,5,0,8853,0,0,0,8853,8853,861,5759,245,0,0,6866,6866
2021-07-25 00:00:00+00:00,2021,7,25,port1282,Tema,Ghana,GHA,2,0,0,0,1,2,3,31374,0,0,0,0,31374,31374,0,0,0,0,5105,0,5105
2021-07-26 00:00:00+00:00,2021,7,26,port1282,Tema,Ghana,GHA,2,2,0,0,2,4,6,5713,898,0,0,0,6612,6612,0,0,0,0,13791,0,13791
2021-07-27 00:00:00+00:00,2021,7,27,port1282,Tema,Ghana,GHA,3,1,0,0,0,4,4,26681,42443,0,0,0,69124,69124,1440,0,0,0,0,1440,1440
2021-07-28 00:00:00+00:00,2021,7,28,port1282,Tema,Ghana,GHA,2,2,1,0,0,5,5,23341,57135,760,0,0,81237,81237,0,0,0,0,0,0,0
2021-07-29 00:00:00+00:00,2021,7,29,port1282,Tema,Ghana,GHA,1,0,0,0,1,1,2,3468,0,0,0,7119,3468,10588,0,0,0,0,839,0,839
2021-07-30 00:00:00+00:00,2021,7,30,port1282,Tema,Ghana,GHA,1,1,0,0,0,2,2,21781,35045,0,0,0,56827,56827,0,0,0,0,0,0,0
2021-07-31 00:00:00+00:00,2021,7,31,port1282,Tema,Ghana,GHA,2,0,0,0,0,2,2,6756,0,0,0,0,6756,6756,0,0,0,0,0,0,0
2021-08-01 00:00:00+00:00,2021,8,1,port1282,Tema,Ghana,GHA,3,1,1,1,1,6,7,19454,43757,0,5273,1051,68484,69536,0,0,2974,0,0,2974,2974
2021-08-02 00:00:00+00:00,2021,8,2,port1282,Tema,Ghana,GHA,0,3,1,0,0,4,4,0,33649,1200,0,0,34849,34849,0,0,53,0,0,53,53
2021-08-03 00:00:00+00:00,2021,8,3,port1282,Tema,Ghana,GHA,2,0,1,0,2,3,5,14273,0,1410,0,0,15684,15684,1440,0,0,0,0,1440,1440
2021-08-04 00:00:00+00:00,2021,8,4,port1282,Tema,Ghana,GHA,2,1,0,1,0,4,4,39419,26647,0,1957,0,68024,68024,0,0,0,0,0,0,0
2021-08-05 00:00:00+00:00,2021,8,5,port1282,Tema,Ghana,GHA,3,0,1,0,1,4,5,27152,0,994,0,0,28147,28147,0,0,0,0,0,0,0
2021-08-06 00:00:00+00:00,2021,8,6,port1282,Tema,Ghana,GHA,1,0,0,0,0,1,1,4140,0,0,0,0,4140,4140,0,0,0,0,0,0,0
2021-08-07 00:00:00+00:00,2021,8,7,port1282,Tema,Ghana,GHA,2,1,0,0,1,3,4,14889,12075,0,0,3530,26965,30495,1440,0,0,0,0,1440,1440
2021-08-08 00:00:00+00:00,2021,8,8,port1282,Tema,Ghana,GHA,4,1,1,0,0,6,6,20013,58831,0,0,0,78845,78845,0,0,3526,0,0,3526,3526
2021-08-09 00:00:00+00:00,2021,8,9,port1282,Tema,Ghana,GHA,3,0,1,0,0,4,4,9366,0,6839,0,0,16205,16205,0,0,0,0,0,0,0
2021-08-10 00:00:00+00:00,2021,8,10,port1282,Tema,Ghana,GHA,4,1,0,0,1,5,6,10693,11495,0,0,20781,22188,42969,11048,0,0,0,0,11048,11048
2021-08-11 00:00:00+00:00,2021,8,11,port1282,Tema,Ghana,GHA,1,0,1,0,0,2,2,11114,0,2084,0,0,13199,13199,0,0,775,0,0,775,775
2021-08-12 00:00:00+00:00,2021,8,12,port1282,Tema,Ghana,GHA,2,1,0,1,1,4,5,15964,53239,0,1146,4085,70350,74435,0,0,0,25,1903,25,1929
2021-08-13 00:00:00+00:00,2021,8,13,port1282,Tema,Ghana,GHA,2,1,0,0,1,3,4,35241,29466,0,0,6155,64708,70863,0,0,0,0,3183,0,3183
2021-08-14 00:00:00+00:00,2021,8,14,port1282,Tema,Ghana,GHA,5,0,0,1,0,6,6,13367,0,0,6195,0,19563,19563,582,0,0,0,0,582,582
2021-08-15 00:00:00+00:00,2021,8,15,port1282,Tema,Ghana,GHA,3,0,0,0,0,3,3,32082,0,0,0,0,32082,32082,1440,0,0,0,0,1440,1440
2021-08-16 00:00:00+00:00,2021,8,16,port1282,Tema,Ghana,GHA,2,2,0,1,0,5,5,30682,28514,0,0,0,59197,59197,0,0,0,0,0,0,0
2021-08-17 00:00:00+00:00,2021,8,17,port1282,Tema,Ghana,GHA,0,1,0,0,0,1,1,0,37971,0,0,0,37971,37971,0,0,0,0,0,0,0
2021-08-18 00:00:00+00:00,2021,8,18,port1282,Tema,Ghana,GHA,2,0,0,0,0,2,2,39866,0,0,0,0,39866,39866,0,0,0,0,0,0,0
2021-08-19 00:00:00+00:00,2021,8,19,port1282,Tema,Ghana,GHA,3,0,1,1,0,5,5,15843,0,614,5302,0,21760,21760,1440,0,0,0,0,1440,1440
2021-08-20 00:00:00+00:00,2021,8,20,port1282,Tema,Ghana,GHA,0,3,0,0,0,3,3,0,24501,0,0,0,24501,24501,0,11640,0,0,0,11640,11640
2021-08-21 00:00:00+00:00,2021,8,21,port1282,Tema,Ghana,GHA,3,0,1,0,1,4,5,18169,0,2084,0,4466,20254,24721,2880,0,775,0,0,3655,3655
2021-08-22 00:00:00+00:00,2021,8,22,port1282,Tema,Ghana,GHA,1,1,0,0,0,2,2,1484,0,0,0,0,1484,1484,0,0,0,0,0,0,0
2021-08-23 00:00:00+00:00,2021,8,23,port1282,Tema,Ghana,GHA,1,2,0,0,1,3,4,3029,31330,0,0,26849,34360,61209,0,23697,0,0,0,23697,23697
2021-08-24 00:00:00+00:00,2021,8,24,port1282,Tema,Ghana,GHA,3,0,0,1,0,4,4,16780,0,0,1146,0,17926,17926,1440,0,0,25,0,1465,1465
2021-08-25 00:00:00+00:00,2021,8,25,port1282,Tema,Ghana,GHA,4,1,0,0,0,5,5,28617,30057,0,0,0,58674,58674,0,0,0,0,0,0,0
2021-08-26 00:00:00+00:00,2021,8,26,port1282,Tema,Ghana,GHA,1,2,0,2,1,5,6,1755,57193,0,5541,7119,64491,71610,0,789,0,0,839,789,1628
2021-08-27 00:00:00+00:00,2021,8,27,port1282,Tema,Ghana,GHA,4,0,2,0,0,6,6,22311,0,3881,0,0,26193,26193,1440,0,0,0,0,1440,1440
2021-08-28 00:00:00+00:00,2021,8,28,port1282,Tema,Ghana,GHA,2,1,1,0,1,4,5,9114,4522,2854,0,0,16491,16491,4408,0,0,0,32027,4408,36435
2021-08-29 00:00:00+00:00,2021,8,29,port1282,Tema,Ghana,GHA,1,1,1,0,1,3,4,5938,3857,460,0,0,10256,10256,0,0,0,0,4355,0,4355
2021-08-30 00:00:00+00:00,2021,8,30,port1282,Tema,Ghana,GHA,1,0,0,0,0,1,1,1320,0,0,0,0,1320,1320,0,0,0,0,0,0,0
2021-08-31 00:00:00+00:00,2021,8,31,port1282,Tema,Ghana,GHA,4,2,0,0,1,6,7,21106,46867,0,0,4085,67974,72059,1440,0,0,0,1903,1440,3343
2021-09-01 00:00:00+00:00,2021,9,1,port1282,Tema,Ghana,GHA,1,1,0,1,0,3,3,11390,4612,0,4704,0,20706,20706,0,0,0,0,0,0,0
2021-09-02 00:00:00+00:00,2021,9,2,port1282,Tema,Ghana,GHA,4,1,1,0,1,6,7,32662,0,227,0,0,32890,32890,1440,18046,0,0,0,19487,19487
2021-09-03 00:00:00+00:00,2021,9,3,port1282,Tema,Ghana,GHA,1,3,0,0,0,4,4,13337,20240,0,0,0,33578,33578,0,0,0,0,0,0,0
2021-09-04 00:00:00+00:00,2021,9,4,port1282,Tema,Ghana,GHA,3,0,0,0,2,3,5,27534,0,0,0,5472,27534,33006,2880,0,0,0,1384,2880,4265
2021-09-05 00:00:00+00:00,2021,9,5,port1282,Tema,Ghana,GHA,0,1,0,0,0,1,1,0,40098,0,0,0,40098,40098,0,0,0,0,0,0,0
2021-09-06 00:00:00+00:00,2021,9,6,port1282,Tema,Ghana,GHA,3,0,1,1,0,5,5,7328,0,460,513,0,8303,8303,6649,0,0,0,0,6649,6649
2021-09-07 00:00:00+00:00,2021,9,7,port1282,Tema,Ghana,GHA,2,0,0,0,1,2,3,15956,0,0,0,0,15956,15956,0,0,0,0,0,0,0
2021-09-08 00:00:00+00:00,2021,9,8,port1282,Tema,Ghana,GHA,4,1,0,1,0,6,6,31655,49517,0,1146,0,82318,82318,0,0,0,25,0,25,25
2021-09-09 00:00:00+00:00,2021,9,9,port1282,Tema,Ghana,GHA,3,1,1,1,0,6,6,14668,1165,227,2511,0,18572,18572,1440,0,0,0,0,1440,1440
2021-09-10 00:00:00+00:00,2021,9,10,port1282,Tema,Ghana,GHA,2,2,0,0,1,4,5,17793,2765,0,0,20418,20558,40976,1757,0,0,0,0,1757,1757
2021-09-11 00:00:00+00:00,2021,9,11,port1282,Tema,Ghana,GHA,2,1,0,0,0,3,3,32118,36853,0,0,0,68972,68972,0,0,0,0,0,0,0
2021-09-12 00:00:00+00:00,2021,9,12,port1282,Tema,Ghana,GHA,2,1,1,0,0,4,4,1709,16779,157,0,0,18647,18647,0,0,0,0,0,0,0
2021-09-13 00:00:00+00:00,2021,9,13,port1282,Tema,Ghana,GHA,2,1,0,0,1,3,4,4933,9650,0,0,0,14583,14583,0,0,0,0,1926,0,1926
2021-09-14 00:00:00+00:00,2021,9,14,port1282,Tema,Ghana,GHA,3,0,2,0,0,5,5,32161,0,227,0,0,32389,32389,1440,0,1200,0,0,2640,2640
2021-09-15 00:00:00+00:00,2021,9,15,port1282,Tema,Ghana,GHA,1,2,1,0,0,4,4,7447,3712,1259,0,0,12419,12419,0,0,0,0,0,0,0
2021-09-16 00:00:00+00:00,2021,9,16,port1282,Tema,Ghana,GHA,4,0,0,0,1,4,5,17836,0,0,0,477,17836,18313,0,0,0,0,0,0,0
2021-09-17 00:00:00+00:00,2021,9,17,port1282,Tema,Ghana,GHA,1,3,2,0,0,6,6,11749,35848,4514,0,0,52112,52112,0,10655,0,0,0,10655,10655
2021-09-18 00:00:00+00:00,2021,9,18,port1282,Tema,Ghana,GHA,5,1,0,1,0,7,7,42960,19106,0,4955,0,67022,67022,22319,0,0,0,0,22319,22319
2021-09-19 00:00:00+00:00,2021,9,19,port1282,Tema,Ghana,GHA,2,2,0,0,0,4,4,45623,43771,0,0,0,89394,89394,0,0,0,0,0,0,0
2021-09-20 00:00:00+00:00,2021,9,20,port1282,Tema,Ghana,GHA,1,0,1,1,0,3,3,0,0,227,3276,0,3503,3503,1904,0,0,0,0,1904,1904
2021-09-21 00:00:00+00:00,2021,9,21,port1282,Tema,Ghana,GHA,3,2,0,0,1,5,6,10337,3375,0,0,0,13712,13712,0,0,0,0,0,0,0
2021-09-22 00:00:00+00:00,2021,9,22,port1282,Tema,Ghana,GHA,3,1,1,0,0,5,5,19360,0,0,0,0,19360,19360,0,0,3371,0,0,3371,3371
2021-09-23 00:00:00+00:00,2021,9,23,port1282,Tema,Ghana,GHA,3,1,0,2,0,6,6,22256,4013,0,0,0,26270,26270,0,0,0,0,0,0,0
2021-09-24 00:00:00+00:00,2021,9,24,port1282,Tema,Ghana,GHA,1,2,0,0,0,3,3,19203,70810,0,0,0,90013,90013,0,0,0,0,0,0,0
2021-09-25 00:00:00+00:00,2021,9,25,port1282,Tema,Ghana,GHA,2,0,0,0,0,2,2,14501,0,0,0,0,14501,14501,0,0,0,0,0,0,0
2021-09-26 00:00:00+00:00,2021,9,26,port1282,Tema,Ghana,GHA,3,2,0,0,1,5,6,10299,48440,0,0,7119,58740,65859,1440,789,0,0,839,2229,3068
2021-09-27 00:00:00+00:00,2021,9,27,port1282,Tema,Ghana,GHA,4,0,1,0,0,5,5,30924,0,2084,0,0,33009,33009,0,0,775,0,0,775,775
2021-09-28 00:00:00+00:00,2021,9,28,port1282,Tema,Ghana,GHA,2,2,1,0,2,5,7,22043,64519,227,0,0,86790,86790,1440,0,0,0,0,1440,1440
2021-09-29 00:00:00+00:00,2021,9,29,port1282,Tema,Ghana,GHA,2,1,2,0,0,5,5,17329,20399,0,0,0,37728,37728,3136,789,0,0,0,3926,3926
2021-09-30 00:00:00+00:00,2021,9,30,port1282,Tema,Ghana,GHA,3,1,1,0,0,5,5,9998,0,0,0,0,9998,9998,2120,0,1826,0,0,3946,3946
2021-10-01 00:00:00+00:00,2021,10,1,port1282,Tema,Ghana,GHA,2,1,0,1,1,4,5,8782,38576,0,191,1382,47550,48932,0,0,0,0,0,0,0
2021-10-02 00:00:00+00:00,2021,10,2,port1282,Tema,Ghana,GHA,3,1,0,0,1,4,5,22363,10907,0,0,0,33270,33270,4631,0,0,0,0,4631,4631
2021-10-03 00:00:00+00:00,2021,10,3,port1282,Tema,Ghana,GHA,2,1,1,0,0,4,4,11178,13775,142,0,0,25096,25096,1440,0,0,0,0,1440,1440
2021-10-04 00:00:00+00:00,2021,10,4,port1282,Tema,Ghana,GHA,3,2,2,0,1,7,8,477,24189,3307,0,0,27973,27973,6049,0,775,0,0,6825,6825
2021-10-05 00:00:00+00:00,2021,10,5,port1282,Tema,Ghana,GHA,3,0,0,0,0,3,3,6989,0,0,0,0,6989,6989,0,0,0,0,0,0,0
2021-10-06 00:00:00+00:00,2021,10,6,port1282,Tema,Ghana,GHA,1,0,0,0,0,1,1,10459,0,0,0,0,10459,10459,0,0,0,0,0,0,0
2021-10-07 00:00:00+00:00,2021,10,7,port1282,Tema,Ghana,GHA,3,0,0,0,1,3,4,26631,0,0,0,0,26631,26631,4031,0,0,0,0,4031,4031
2021-10-08 00:00:00+00:00,2021,10,8,port1282,Tema,Ghana,GHA,3,1,0,0,0,4,4,7469,20399,0,0,0,27868,27868,2991,789,0,0,0,3780,3780
2021-10-09 00:00:00+00:00,2021,10,9,port1282,Tema,Ghana,GHA,3,1,0,0,0,4,4,30076,0,0,0,0,30076,30076,0,13842,0,0,0,13842,13842
2021-10-10 00:00:00+00:00,2021,10,10,port1282,Tema,Ghana,GHA,2,1,1,1,0,5,5,5154,22797,227,0,0,28179,28179,0,0,0,0,0,0,0
2021-10-11 00:00:00+00:00,2021,10,11,port1282,Tema,Ghana,GHA,2,2,1,0,0,5,5,10433,60951,0,0,0,71384,71384,0,0,0,0,0,0,0
2021-10-12 00:00:00+00:00,2021,10,12,port1282,Tema,Ghana,GHA,3,1,0,0,1,4,5,25850,39576,0,0,13027,65427,78454,0,0,0,0,0,0,0
2021-10-13 00:00:00+00:00,2021,10,13,port1282,Tema,Ghana,GHA,3,1,1,1,0,6,6,10955,8200,0,0,0,19155,19155,0,0,2528,0,0,2528,2528
2021-10-14 00:00:00+00:00,2021,10,14,port1282,Tema,Ghana,GHA,1,3,1,0,0,5,5,7216,47469,227,0,0,54913,54913,0,0,0,0,0,0,0
2021-10-15 00:00:00+00:00,2021,10,15,port1282,Tema,Ghana,GHA,2,1,0,0,0,3,3,12280,20399,0,0,0,32679,32679,5925,789,0,0,0,6714,6714
2021-10-16 00:00:00+00:00,2021,10,16,port1282,Tema,Ghana,GHA,2,0,0,0,1,2,3,23320,0,0,0,0,23320,23320,0,0,0,0,13691,0,13691
2021-10-17 00:00:00+00:00,2021,10,17,port1282,Tema,Ghana,GHA,2,0,0,1,0,3,3,6455,0,0,0,0,6455,6455,0,0,0,0,0,0,0
2021-10-18 00:00:00+00:00,2021,10,18,port1282,Tema,Ghana,GHA,2,1,0,0,1,3,4,5306,39954,0,0,0,45261,45261,0,0,0,0,381,0,381
2021-10-19 00:00:00+00:00,2021,10,19,port1282,Tema,Ghana,GHA,1,2,0,0,1,3,4,23906,58178,0,0,0,82085,82085,0,0,0,0,0,0,0
2021-10-20 00:00:00+00:00,2021,10,20,port1282,Tema,Ghana,GHA,4,1,1,0,0,6,6,31502,5499,227,0,0,37228,37228,0,0,0,0,0,0,0
2021-10-21 00:00:00+00:00,2021,10,21,port1282,Tema,Ghana,GHA,1,0,1,0,0,2,2,8207,0,0,0,0,8207,8207,1440,0,1826,0,0,3266,3266
2021-10-22 00:00:00+00:00,2021,10,22,port1282,Tema,Ghana,GHA,4,0,2,1,0,7,7,2628,0,3151,2040,0,7820,7820,7172,0,775,0,0,7948,7948
2021-10-23 00:00:00+00:00,2021,10,23,port1282,Tema,Ghana,GHA,2,0,0,0,0,2,2,18664,0,0,0,0,18664,18664,6266,0,0,0,0,6266,6266
2021-10-24 00:00:00+00:00,2021,10,24,port1282,Tema,Ghana,GHA,3,2,0,0,0,5,5,14799,9872,0,0,0,24672,24672,0,0,0,0,0,0,0
2021-10-25 00:00:00+00:00,2021,10,25,port1282,Tema,Ghana,GHA,4,3,0,1,0,8,8,18861,69828,0,3643,0,92333,92333,7816,0,0,0,0,7816,7816
2021-10-26 00:00:00+00:00,2021,10,26,port1282,Tema,Ghana,GHA,1,0,0,0,0,1,1,8207,0,0,0,0,8207,8207,1440,0,0,0,0,1440,1440
2021-10-27 00:00:00+00:00,2021,10,27,port1282,Tema,Ghana,GHA,2,1,0,0,1,3,4,14768,0,0,0,22881,14768,37650,0,578,0,0,0,578,578
2021-10-28 00:00:00+00:00,2021,10,28,port1282,Tema,Ghana,GHA,3,1,0,2,1,6,7,22620,40220,0,2950,0,65791,65791,0,0,0,0,0,0,0
2021-10-29 00:00:00+00:00,2021,10,29,port1282,Tema,Ghana,GHA,3,0,0,1,0,4,4,7074,0,0,4096,0,11171,11171,5852,0,0,0,0,5852,5852
2021-10-30 00:00:00+00:00,2021,10,30,port1282,Tema,Ghana,GHA,2,0,1,0,1,3,4,16863,0,2084,0,0,18948,18948,0,0,775,0,0,775,775
2021-10-31 00:00:00+00:00,2021,10,31,port1282,Tema,Ghana,GHA,5,1,0,0,0,6,6,34513,5086,0,0,0,39599,39599,1440,0,0,0,0,1440,1440
2021-11-01 00:00:00+00:00,2021,11,1,port1282,Tema,Ghana,GHA,1,2,0,0,0,3,3,5963,55819,0,0,0,61782,61782,0,0,0,0,0,0,0
2021-11-02 00:00:00+00:00,2021,11,2,port1282,Tema,Ghana,GHA,2,0,0,0,0,2,2,14131,0,0,0,0,14131,14131,0,0,0,0,0,0,0
2021-11-03 00:00:00+00:00,2021,11,3,port1282,Tema,Ghana,GHA,1,0,1,0,0,2,2,12839,0,227,0,0,13066,13066,0,0,0,0,0,0,0
2021-11-04 00:00:00+00:00,2021,11,4,port1282,Tema,Ghana,GHA,2,2,1,0,1,5,6,20792,36240,1200,0,6155,58232,64388,0,0,53,0,3183,53,3237
2021-11-05 00:00:00+00:00,2021,11,5,port1282,Tema,Ghana,GHA,2,0,0,0,2,2,4,6819,0,0,0,9984,6819,16804,0,0,0,0,0,0,0
2021-11-06 00:00:00+00:00,2021,11,6,port1282,Tema,Ghana,GHA,3,0,0,0,2,3,5,47930,0,0,0,2791,47930,50722,0,0,0,0,0,0,0
2021-11-07 00:00:00+00:00,2021,11,7,port1282,Tema,Ghana,GHA,3,2,0,0,0,5,5,10578,40430,0,0,0,51009,51009,2535,0,0,0,0,2535,2535
2021-11-08 00:00:00+00:00,2021,11,8,port1282,Tema,Ghana,GHA,0,1,2,1,0,4,4,0,8182,2312,1130,0,11625,11625,0,0,775,0,0,775,775
2021-11-09 00:00:00+00:00,2021,11,9,port1282,Tema,Ghana,GHA,2,1,1,0,0,4,4,5551,41180,109,0,0,46841,46841,0,0,0,0,0,0,0
2021-11-10 00:00:00+00:00,2021,11,10,port1282,Tema,Ghana,GHA,2,1,0,0,0,3,3,8991,10596,0,0,0,19587,19587,5002,0,0,0,0,5002,5002
2021-11-11 00:00:00+00:00,2021,11,11,port1282,Tema,Ghana,GHA,3,2,0,1,0,6,6,7097,35250,0,3970,0,46318,46318,6740,0,0,0,0,6740,6740
2021-11-12 00:00:00+00:00,2021,11,12,port1282,Tema,Ghana,GHA,3,0,0,0,1,3,4,18804,0,0,0,33298,18804,52102,1440,0,0,0,0,1440,1440
2021-11-13 00:00:00+00:00,2021,11,13,port1282,Tema,Ghana,GHA,2,0,1,1,0,4,4,17224,0,227,5450,0,22901,22901,0,0,0,0,0,0,0
2021-11-14 00:00:00+00:00,2021,11,14,port1282,Tema,Ghana,GHA,2,1,0,1,1,4,5,10380,0,0,1123,1333,11504,12837,0,11634,0,28,0,11663,11663
2021-11-15 00:00:00+00:00,2021,11,15,port1282,Tema,Ghana,GHA,2,0,0,0,0,2,2,26241,0,0,0,0,26241,26241,0,0,0,0,0,0,0
2021-11-16 00:00:00+00:00,2021,11,16,port1282,Tema,Ghana,GHA,3,1,1,0,0,5,5,11829,29195,2084,0,0,43110,43110,1440,0,775,0,0,2215,2215
2021-11-17 00:00:00+00:00,2021,11,17,port1282,Tema,Ghana,GHA,1,1,3,0,1,5,6,11381,42894,3063,0,6155,57338,63494,0,0,724,0,3183,724,3908
2021-11-18 00:00:00+00:00,2021,11,18,port1282,Tema,Ghana,GHA,2,0,1,0,1,3,4,9512,0,1200,0,0,10713,10713,1440,0,53,0,0,1494,1494
2021-11-19 00:00:00+00:00,2021,11,19,port1282,Tema,Ghana,GHA,2,0,1,0,0,3,3,8834,0,0,0,0,8834,8834,0,0,0,0,0,0,0
2021-11-20 00:00:00+00:00,2021,11,20,port1282,Tema,Ghana,GHA,3,0,1,2,1,6,7,31984,0,2666,2193,3582,36844,40426,0,0,0,0,0,0,0
2021-11-21 00:00:00+00:00,2021,11,21,port1282,Tema,Ghana,GHA,1,1,1,0,2,3,5,2973,4561,2152,0,21292,9687,30980,0,0,0,0,1038,0,1038
2021-11-22 00:00:00+00:00,2021,11,22,port1282,Tema,Ghana,GHA,5,1,1,0,0,7,7,27069,9206,227,0,0,36503,36503,1440,0,0,0,0,1440,1440
2021-11-23 00:00:00+00:00,2021,11,23,port1282,Tema,Ghana,GHA,1,2,0,0,0,3,3,0,58937,0,0,0,58937,58937,12016,0,0,0,0,12016,12016
2021-11-24 00:00:00+00:00,2021,11,24,port1282,Tema,Ghana,GHA,2,0,0,1,0,3,3,5484,0,0,0,0,5484,5484,0,0,0,0,0,0,0
2021-11-25 00:00:00+00:00,2021,11,25,port1282,Tema,Ghana,GHA,2,2,0,1,0,5,5,6439,53691,0,0,0,60130,60130,1423,0,0,0,0,1423,1423
2021-11-26 00:00:00+00:00,2021,11,26,port1282,Tema,Ghana,GHA,2,0,0,0,1,2,3,9167,0,0,0,0,9167,9167,2772,0,0,0,10164,2772,12936
2021-11-27 00:00:00+00:00,2021,11,27,port1282,Tema,Ghana,GHA,4,1,0,0,0,5,5,35822,9401,0,0,0,45224,45224,27,0,0,0,0,27,27
2021-11-28 00:00:00+00:00,2021,11,28,port1282,Tema,Ghana,GHA,2,0,0,0,0,2,2,4943,0,0,0,0,4943,4943,0,0,0,0,0,0,0
2021-11-29 00:00:00+00:00,2021,11,29,port1282,Tema,Ghana,GHA,3,0,2,0,1,5,6,22635,0,793,0,4085,23429,27514,628,0,0,0,1903,628,2532
2021-11-30 00:00:00+00:00,2021,11,30,port1282,Tema,Ghana,GHA,0,0,0,0,1,0,1,0,0,0,0,0,0,0,0,0,0,0,0,0,0
2021-12-01 00:00:00+00:00,2021,12,1,port1282,Tema,Ghana,GHA,3,1,1,0,0,5,5,37698,3737,227,0,0,41663,41663,0,0,0,0,0,0,0
2021-12-02 00:00:00+00:00,2021,12,2,port1282,Tema,Ghana,GHA,1,1,0,0,1,2,3,18188,25930,0,0,0,44119,44119,0,0,0,0,1535,0,1535
2021-12-03 00:00:00+00:00,2021,12,3,port1282,Tema,Ghana,GHA,2,2,0,0,0,4,4,15292,82009,0,0,0,97301,97301,716,0,0,0,0,716,716
2021-12-04 00:00:00+00:00,2021,12,4,port1282,Tema,Ghana,GHA,3,1,0,0,1,4,5,2230,19089,0,0,0,21319,21319,1737,0,0,0,21730,1737,23467
2021-12-05 00:00:00+00:00,2021,12,5,port1282,Tema,Ghana,GHA,1,0,0,0,0,1,1,3706,0,0,0,0,3706,3706,0,0,0,0,0,0,0
2021-12-06 00:00:00+00:00,2021,12,6,port1282,Tema,Ghana,GHA,1,1,0,0,0,2,2,0,1666,0,0,0,1666,1666,474,0,0,0,0,474,474
2021-12-07 00:00:00+00:00,2021,12,7,port1282,Tema,Ghana,GHA,1,2,2,0,0,5,5,5309,0,227,0,0,5537,5537,0,0,3573,0,0,3573,3573
2021-12-08 00:00:00+00:00,2021,12,8,port1282,Tema,Ghana,GHA,2,2,0,0,1,4,5,13556,57743,0,0,0,71300,71300,0,0,0,0,235,0,235
2021-12-09 00:00:00+00:00,2021,12,9,port1282,Tema,Ghana,GHA,3,0,1,0,0,4,4,41955,0,156,0,0,42111,42111,1440,0,0,0,0,1440,1440
2021-12-10 00:00:00+00:00,2021,12,10,port1282,Tema,Ghana,GHA,2,1,0,0,1,3,4,19194,4522,0,0,0,23717,23717,0,0,0,0,0,0,0
2021-12-11 00:00:00+00:00,2021,12,11,port1282,Tema,Ghana,GHA,3,0,1,0,0,4,4,19368,0,2084,0,0,21452,21452,1440,0,775,0,0,2215,2215
2021-12-12 00:00:00+00:00,2021,12,12,port1282,Tema,Ghana,GHA,3,1,3,0,0,7,7,7345,2218,2312,0,0,11876,11876,2558,0,4138,0,0,6696,6696
2021-12-13 00:00:00+00:00,2021,12,13,port1282,Tema,Ghana,GHA,2,1,0,0,0,3,3,8434,0,0,0,0,8434,8434,0,0,0,0,0,0,0
2021-12-14 00:00:00+00:00,2021,12,14,port1282,Tema,Ghana,GHA,2,2,1,0,1,5,6,30350,66545,2631,0,26494,99526,126021,0,789,0,0,0,789,789
2021-12-15 00:00:00+00:00,2021,12,15,port1282,Tema,Ghana,GHA,3,0,1,0,0,4,4,17429,0,2084,0,0,19514,19514,0,0,775,0,0,775,775
2021-12-16 00:00:00+00:00,2021,12,16,port1282,Tema,Ghana,GHA,2,0,1,1,1,4,5,22615,0,0,1865,923,24481,25404,0,0,0,0,0,0,0
2021-12-17 00:00:00+00:00,2021,12,17,port1282,Tema,Ghana,GHA,3,1,0,0,3,4,7,20211,1930,0,0,10241,22141,32382,2636,0,0,0,5087,2636,7723
2021-12-18 00:00:00+00:00,2021,12,18,port1282,Tema,Ghana,GHA,1,3,0,0,1,4,5,10392,33067,0,0,0,43460,43460,0,0,0,0,0,0,0
2021-12-19 00:00:00+00:00,2021,12,19,port1282,Tema,Ghana,GHA,3,1,0,0,1,4,5,16564,9474,0,0,437,26039,26476,2821,0,0,0,0,2821,2821
2021-12-20 00:00:00+00:00,2021,12,20,port1282,Tema,Ghana,GHA,1,1,0,2,0,4,4,10982,4377,0,3061,0,18422,18422,0,0,0,0,0,0,0
2021-12-21 00:00:00+00:00,2021,12,21,port1282,Tema,Ghana,GHA,4,0,0,0,0,4,4,10953,0,0,0,0,10953,10953,0,0,0,0,0,0,0
2021-12-22 00:00:00+00:00,2021,12,22,port1282,Tema,Ghana,GHA,4,1,1,0,0,6,6,30850,32290,2084,0,0,65225,65225,0,0,775,0,0,775,775
2021-12-23 00:00:00+00:00,2021,12,23,port1282,Tema,Ghana,GHA,3,2,0,1,0,6,6,10541,47818,0,1791,0,60151,60151,1298,0,0,0,0,1298,1298
2021-12-24 00:00:00+00:00,2021,12,24,port1282,Tema,Ghana,GHA,3,3,0,0,0,6,6,17231,19557,0,0,0,36788,36788,2110,0,0,0,0,2110,2110
2021-12-25 00:00:00+00:00,2021,12,25,port1282,Tema,Ghana,GHA,0,0,1,0,0,1,1,0,0,2084,0,0,2084,2084,0,0,775,0,0,775,775
2021-12-26 00:00:00+00:00,2021,12,26,port1282,Tema,Ghana,GHA,2,0,1,1,1,4,5,6093,0,2084,0,0,8178,8178,27,0,775,0,12054,803,12857
2021-12-27 00:00:00+00:00,2021,12,27,port1282,Tema,Ghana,GHA,3,3,1,0,0,7,7,8301,11681,2084,0,0,22068,22068,0,0,775,0,0,775,775
2021-12-28 00:00:00+00:00,2021,12,28,port1282,Tema,Ghana,GHA,2,3,0,0,1,5,6,10834,74243,0,0,0,85078,85078,0,0,0,0,0,0,0
2021-12-29 00:00:00+00:00,2021,12,29,port1282,Tema,Ghana,GHA,2,0,1,0,0,3,3,29792,0,142,0,0,29934,29934,0,0,0,0,0,0,0
2021-12-30 00:00:00+00:00,2021,12,30,port1282,Tema,Ghana,GHA,3,1,1,0,0,5,5,15062,5450,2119,0,0,22632,22632,0,0,0,0,0,0,0
2021-12-31 00:00:00+00:00,2021,12,31,port1282,Tema,Ghana,GHA,3,1,0,0,0,4,4,41786,41053,0,0,0,82839,82839,9516,0,0,0,0,9516,9516
2022-01-01 00:00:00+00:00,2022,1,1,port1282,Tema,Ghana,GHA,2,1,0,0,0,3,3,23437,0,0,0,0,23437,23437,0,49763,0,0,0,49763,49763
2022-01-02 00:00:00+00:00,2022,1,2,port1282,Tema,Ghana,GHA,3,3,0,0,0,6,6,11777,42897,0,0,0,54674,54674,3654,0,0,0,0,3654,3654
2022-01-03 00:00:00+00:00,2022,1,3,port1282,Tema,Ghana,GHA,4,1,0,1,1,6,7,5399,9978,0,2702,0,18081,18081,639,0,0,0,0,639,639
2022-01-04 00:00:00+00:00,2022,1,4,port1282,Tema,Ghana,GHA,0,0,0,0,1,0,1,0,0,0,0,0,0,0,0,0,0,0,0,0,0
2022-01-05 00:00:00+00:00,2022,1,5,port1282,Tema,Ghana,GHA,1,3,1,0,0,5,5,14839,61856,4725,0,0,81421,81421,0,0,0,0,0,0,0
2022-01-06 00:00:00+00:00,2022,1,6,port1282,Tema,Ghana,GHA,3,1,0,0,0,4,4,12537,1492,0,0,0,14029,14029,0,0,0,0,0,0,0
2022-01-07 00:00:00+00:00,2022,1,7,port1282,Tema,Ghana,GHA,1,0,0,0,0,1,1,5195,0,0,0,0,5195,5195,0,0,0,0,0,0,0
2022-01-08 00:00:00+00:00,2022,1,8,port1282,Tema,Ghana,GHA,1,2,0,0,0,3,3,7902,72634,0,0,0,80537,80537,0,0,0,0,0,0,0
2022-01-09 00:00:00+00:00,2022,1,9,port1282,Tema,Ghana,GHA,1,1,0,0,0,2,2,0,42347,0,0,0,42347,42347,766,0,0,0,0,766,766
2022-01-10 00:00:00+00:00,2022,1,10,port1282,Tema,Ghana,GHA,3,0,0,0,0,3,3,40682,0,0,0,0,40682,40682,0,0,0,0,0,0,0
2022-01-11 00:00:00+00:00,2022,1,11,port1282,Tema,Ghana,GHA,1,2,0,0,1,3,4,15950,44963,0,0,3925,60913,64839,0,0,0,0,0,0,0
2022-01-12 00:00:00+00:00,2022,1,12,port1282,Tema,Ghana,GHA,1,1,0,2,0,4,4,15518,0,0,1027,0,16545,16545,0,0,0,0,0,0,0
2022-01-13 00:00:00+00:00,2022,1,13,port1282,Tema,Ghana,GHA,1,3,0,0,0,4,4,8207,18609,0,0,0,26816,26816,1440,0,0,0,0,1440,1440
2022-01-14 00:00:00+00:00,2022,1,14,port1282,Tema,Ghana,GHA,4,0,2,0,0,6,6,11985,0,3829,0,0,15815,15815,0,0,775,0,0,775,775
2022-01-15 00:00:00+00:00,2022,1,15,port1282,Tema,Ghana,GHA,2,2,1,1,0,6,6,19498,20399,1602,1146,0,42646,42646,0,789,0,25,0,815,815
2022-01-16 00:00:00+00:00,2022,1,16,port1282,Tema,Ghana,GHA,3,1,1,0,1,5,6,17388,2768,2084,0,0,22241,22241,0,0,775,0,0,775,775
2022-01-17 00:00:00+00:00,2022,1,17,port1282,Tema,Ghana,GHA,2,2,0,0,0,4,4,6955,9987,0,0,0,16943,16943,27,569,0,0,0,597,597
2022-01-18 00:00:00+00:00,2022,1,18,port1282,Tema,Ghana,GHA,2,2,0,0,1,4,5,8207,57982,0,0,0,66189,66189,3732,0,0,0,0,3732,3732
2022-01-19 00:00:00+00:00,2022,1,19,port1282,Tema,Ghana,GHA,2,2,0,1,1,5,6,17951,42465,0,0,7119,60416,67536,0,0,0,0,839,0,839
2022-01-20 00:00:00+00:00,2022,1,20,port1282,Tema,Ghana,GHA,2,2,1,0,1,5,6,8138,34891,1807,0,0,44837,44837,0,0,0,0,0,0,0
2022-01-21 00:00:00+00:00,2022,1,21,port1282,Tema,Ghana,GHA,2,4,1,0,0,7,7,25781,76931,2084,0,0,104797,104797,1440,0,775,0,0,2215,2215
2022-01-22 00:00:00+00:00,2022,1,22,port1282,Tema,Ghana,GHA,2,0,0,0,0,2,2,22251,0,0,0,0,22251,22251,1440,0,0,0,0,1440,1440
2022-01-23 00:00:00+00:00,2022,1,23,port1282,Tema,Ghana,GHA,1,1,1,0,0,3,3,0,21132,1292,0,0,22424,22424,741,0,0,0,0,741,741
2022-01-24 00:00:00+00:00,2022,1,24,port1282,Tema,Ghana,GHA,2,1,0,0,0,3,3,16082,5492,0,0,0,21574,21574,2602,0,0,0,0,2602,2602
2022-01-25 00:00:00+00:00,2022,1,25,port1282,Tema,Ghana,GHA,3,1,0,0,1,4,5,12096,31109,0,0,17366,43206,60573,0,0,0,0,0,0,0
2022-01-26 00:00:00+00:00,2022,1,26,port1282,Tema,Ghana,GHA,1,2,0,0,0,3,3,14056,6058,0,0,0,20115,20115,0,27365,0,0,0,27365,27365
2022-01-27 00:00:00+00:00,2022,1,27,port1282,Tema,Ghana,GHA,2,0,0,0,0,2,2,20251,0,0,0,0,20251,20251,0,0,0,0,0,0,0
2022-01-28 00:00:00+00:00,2022,1,28,port1282,Tema,Ghana,GHA,2,2,0,0,0,4,4,9189,20399,0,0,0,29588,29588,1440,24673,0,0,0,26113,26113
2022-01-29 00:00:00+00:00,2022,1,29,port1282,Tema,Ghana,GHA,2,1,0,0,0,3,3,0,1197,0,0,0,1197,1197,2030,0,0,0,0,2030,2030
2022-01-30 00:00:00+00:00,2022,1,30,port1282,Tema,Ghana,GHA,3,2,0,0,1,5,6,22476,36612,0,0,7889,59089,66978,2880,0,0,0,0,2880,2880
2022-01-31 00:00:00+00:00,2022,1,31,port1282,Tema,Ghana,GHA,3,4,0,0,0,7,7,2843,20445,0,0,0,23289,23289,359,0,0,0,0,359,359
2022-02-01 00:00:00+00:00,2022,2,1,port1282,Tema,Ghana,GHA,1,1,0,0,2,2,4,3449,38961,0,0,458,42410,42869,0,0,0,0,0,0,0
2022-02-02 00:00:00+00:00,2022,2,2,port1282,Tema,Ghana,GHA,3,1,0,0,1,4,5,14741,44667,0,0,0,59408,59408,1408,0,0,0,0,1408,1408
2022-02-03 00:00:00+00:00,2022,2,3,port1282,Tema,Ghana,GHA,2,1,1,0,0,4,4,2921,27679,2373,0,0,32974,32974,0,0,0,0,0,0,0
2022-02-04 00:00:00+00:00,2022,2,4,port1282,Tema,Ghana,GHA,1,2,1,1,1,5,6,1761,12036,1207,0,458,15005,15464,0,0,0,0,0,0,0
2022-02-05 00:00:00+00:00,2022,2,5,port1282,Tema,Ghana,GHA,2,2,1,0,2,5,7,2117,3980,0,0,0,6098,6098,2196,0,0,0,0,2196,2196
2022-02-06 00:00:00+00:00,2022,2,6,port1282,Tema,Ghana,GHA,2,2,0,1,1,5,6,12667,9721,0,4625,0,27014,27014,1440,0,0,0,0,1440,1440
2022-02-07 00:00:00+00:00,2022,2,7,port1282,Tema,Ghana,GHA,1,1,0,0,0,2,2,10597,0,0,0,0,10597,10597,0,0,0,0,0,0,0
2022-02-08 00:00:00+00:00,2022,2,8,port1282,Tema,Ghana,GHA,2,0,0,0,1,2,3,0,0,0,0,3494,0,3494,645,0,0,0,0,645,645
2022-02-09 00:00:00+00:00,2022,2,9,port1282,Tema,Ghana,GHA,2,3,0,1,2,6,8,12007,30554,0,0,4085,42562,46647,0,11556,0,0,1903,11556,13460
2022-02-10 00:00:00+00:00,2022,2,10,port1282,Tema,Ghana,GHA,3,0,0,0,0,3,3,29334,0,0,0,0,29334,29334,0,0,0,0,0,0,0
2022-02-11 00:00:00+00:00,2022,2,11,port1282,Tema,Ghana,GHA,0,0,0,0,0,0,0,0,0,0,0,0,0,0,0,0,0,0,0,0,0
2022-02-12 00:00:00+00:00,2022,2,12,port1282,Tema,Ghana,GHA,2,1,0,0,0,3,3,22929,2750,0,0,0,25679,25679,1440,0,0,0,0,1440,1440
2022-02-13 00:00:00+00:00,2022,2,13,port1282,Tema,Ghana,GHA,2,3,1,0,0,6,6,7288,54618,0,0,0,61907,61907,0,789,0,0,0,789,789
2022-02-14 00:00:00+00:00,2022,2,14,port1282,Tema,Ghana,GHA,2,0,0,0,0,2,2,8207,0,0,0,0,8207,8207,1440,0,0,0,0,1440,1440
2022-02-15 00:00:00+00:00,2022,2,15,port1282,Tema,Ghana,GHA,1,2,1,1,0,5,5,3716,42016,487,2447,0,48668,48668,0,0,0,0,0,0,0
2022-02-16 00:00:00+00:00,2022,2,16,port1282,Tema,Ghana,GHA,4,0,0,1,1,5,6,17157,0,0,0,0,17157,17157,1440,0,0,0,3713,1440,5153
2022-02-17 00:00:00+00:00,2022,2,17,port1282,Tema,Ghana,GHA,3,2,1,0,1,6,7,34772,60474,6606,0,2781,101853,104635,1467,789,0,0,0,2257,2257
2022-02-18 00:00:00+00:00,2022,2,18,port1282,Tema,Ghana,GHA,2,2,0,0,0,4,4,19782,7294,0,0,0,27076,27076,0,0,0,0,0,0,0
2022-02-19 00:00:00+00:00,2022,2,19,port1282,Tema,Ghana,GHA,3,1,0,0,0,4,4,10151,2343,0,0,0,12495,12495,1440,0,0,0,0,1440,1440
2022-02-20 00:00:00+00:00,2022,2,20,port1282,Tema,Ghana,GHA,2,1,0,1,0,4,4,4447,30660,0,507,0,35616,35616,0,0,0,0,0,0,0
2022-02-21 00:00:00+00:00,2022,2,21,port1282,Tema,Ghana,GHA,2,2,0,0,0,4,4,8456,79380,0,0,0,87837,87837,1651,0,0,0,0,1651,1651
2022-02-22 00:00:00+00:00,2022,2,22,port1282,Tema,Ghana,GHA,1,0,0,0,1,1,2,12062,0,0,0,2294,12062,14356,0,0,0,0,0,0,0
2022-02-23 00:00:00+00:00,2022,2,23,port1282,Tema,Ghana,GHA,2,1,1,0,0,4,4,16503,45302,13127,0,0,74932,74932,0,0,0,0,0,0,0
2022-02-24 00:00:00+00:00,2022,2,24,port1282,Tema,Ghana,GHA,2,1,0,0,0,3,3,6476,17367,0,0,0,23843,23843,2225,0,0,0,0,2225,2225
2022-02-25 00:00:00+00:00,2022,2,25,port1282,Tema,Ghana,GHA,1,0,0,0,1,1,2,0,0,0,0,21730,0,21730,3932,0,0,0,0,3932,3932
2022-02-26 00:00:00+00:00,2022,2,26,port1282,Tema,Ghana,GHA,4,4,0,0,0,8,8,22534,13189,0,0,0,35723,35723,8552,451,0,0,0,9003,9003
2022-02-27 00:00:00+00:00,2022,2,27,port1282,Tema,Ghana,GHA,1,0,0,0,1,1,2,1303,0,0,0,0,1303,1303,0,0,0,0,0,0,0
2022-02-28 00:00:00+00:00,2022,2,28,port1282,Tema,Ghana,GHA,4,2,1,0,0,7,7,23603,43993,247,0,0,67844,67844,2880,0,0,0,0,2880,2880
2022-03-01 00:00:00+00:00,2022,3,1,port1282,Tema,Ghana,GHA,3,1,0,0,0,4,4,17205,10982,0,0,0,28188,28188,0,0,0,0,0,0,0
2022-03-02 00:00:00+00:00,2022,3,2,port1282,Tema,Ghana,GHA,1,1,0,0,1,2,3,8207,20399,0,0,0,28606,28606,1440,789,0,0,0,2229,2229
2022-03-03 00:00:00+00:00,2022,3,3,port1282,Tema,Ghana,GHA,1,1,0,0,0,2,2,13550,0,0,0,0,13550,13550,0,0,0,0,0,0,0
2022-03-04 00:00:00+00:00,2022,3,4,port1282,Tema,Ghana,GHA,2,3,0,0,0,5,5,6405,14186,0,0,0,20591,20591,0,22336,0,0,0,22336,22336
2022-03-05 00:00:00+00:00,2022,3,5,port1282,Tema,Ghana,GHA,3,1,0,0,1,4,5,19912,24370,0,0,0,44282,44282,2139,0,0,0,0,2139,2139
2022-03-06 00:00:00+00:00,2022,3,6,port1282,Tema,Ghana,GHA,2,3,0,1,0,6,6,14128,78962,0,0,0,93091,93091,1440,0,0,0,0,1440,1440
2022-03-07 00:00:00+00:00,2022,3,7,port1282,Tema,Ghana,GHA,3,0,0,0,1,3,4,19036,0,0,0,0,19036,19036,6422,0,0,0,0,6422,6422
2022-03-08 00:00:00+00:00,2022,3,8,port1282,Tema,Ghana,GHA,1,1,1,0,0,3,3,3134,39706,1200,0,0,44041,44041,0,0,53,0,0,53,53
2022-03-09 00:00:00+00:00,2022,3,9,port1282,Tema,Ghana,GHA,2,1,1,0,0,4,4,15131,5456,2928,0,0,23516,23516,0,0,0,0,0,0,0
2022-03-10 00:00:00+00:00,2022,3,10,port1282,Tema,Ghana,GHA,1,1,0,0,0,2,2,737,25402,0,0,0,26139,26139,0,0,0,0,0,0,0
2022-03-11 00:00:00+00:00,2022,3,11,port1282,Tema,Ghana,GHA,2,2,0,0,0,4,4,16414,56661,0,0,0,73075,73075,2880,0,0,0,0,2880,2880
2022-03-12 00:00:00+00:00,2022,3,12,port1282,Tema,Ghana,GHA,1,2,0,0,1,3,4,6649,55499,0,0,6155,62148,68304,0,789,0,0,3183,789,3973
2022-03-13 00:00:00+00:00,2022,3,13,port1282,Tema,Ghana,GHA,5,2,0,0,0,7,7,21063,71422,0,0,0,92486,92486,3195,0,0,0,0,3195,3195
2022-03-14 00:00:00+00:00,2022,3,14,port1282,Tema,Ghana,GHA,2,1,1,0,0,4,4,4316,27586,0,0,0,31902,31902,14815,0,3240,0,0,18056,18056
2022-03-15 00:00:00+00:00,2022,3,15,port1282,Tema,Ghana,GHA,1,3,0,0,0,4,4,8207,28855,0,0,0,37063,37063,1440,789,0,0,0,2229,2229
2022-03-16 00:00:00+00:00,2022,3,16,port1282,Tema,Ghana,GHA,0,2,0,1,0,3,3,0,40073,0,1529,0,41602,41602,0,0,0,0,0,0,0
2022-03-17 00:00:00+00:00,2022,3,17,port1282,Tema,Ghana,GHA,2,0,0,0,0,2,2,8492,0,0,0,0,8492,8492,0,0,0,0,0,0,0
2022-03-18 00:00:00+00:00,2022,3,18,port1282,Tema,Ghana,GHA,2,2,0,0,2,4,6,0,60874,0,0,12244,60874,73119,13225,789,0,0,0,14015,14015
2022-03-19 00:00:00+00:00,2022,3,19,port1282,Tema,Ghana,GHA,1,1,1,0,1,3,4,8503,5168,9956,0,0,23627,23627,0,0,0,0,0,0,0
2022-03-20 00:00:00+00:00,2022,3,20,port1282,Tema,Ghana,GHA,1,1,0,0,0,2,2,8284,0,0,0,0,8284,8284,0,0,0,0,0,0,0
2022-03-21 00:00:00+00:00,2022,3,21,port1282,Tema,Ghana,GHA,4,1,0,0,0,5,5,6668,37304,0,0,0,43973,43973,2521,0,0,0,0,2521,2521
2022-03-22 00:00:00+00:00,2022,3,22,port1282,Tema,Ghana,GHA,2,2,0,1,0,5,5,5672,21492,0,0,0,27165,27165,0,1213,0,1538,0,2752,2752
2022-03-23 00:00:00+00:00,2022,3,23,port1282,Tema,Ghana,GHA,1,1,0,1,1,3,4,11833,32011,0,505,0,44350,44350,0,0,0,0,0,0,0
2022-03-24 00:00:00+00:00,2022,3,24,port1282,Tema,Ghana,GHA,1,3,0,1,0,5,5,699,38467,0,2816,0,41984,41984,0,0,0,0,0,0,0
2022-03-25 00:00:00+00:00,2022,3,25,port1282,Tema,Ghana,GHA,1,1,0,1,0,3,3,9212,30316,0,0,0,39528,39528,0,0,0,0,0,0,0
2022-03-26 00:00:00+00:00,2022,3,26,port1282,Tema,Ghana,GHA,3,0,0,0,1,3,4,19669,0,0,0,0,19669,19669,1440,0,0,0,0,1440,1440
2022-03-27 00:00:00+00:00,2022,3,27,port1282,Tema,Ghana,GHA,3,1,0,0,0,4,4,14131,34115,0,0,0,48247,48247,3914,0,0,0,0,3914,3914
2022-03-28 00:00:00+00:00,2022,3,28,port1282,Tema,Ghana,GHA,2,4,0,0,0,6,6,4287,89334,0,0,0,93621,93621,0,1578,0,0,0,1578,1578
2022-03-29 00:00:00+00:00,2022,3,29,port1282,Tema,Ghana,GHA,2,1,0,0,0,3,3,875,0,0,0,0,875,875,3057,0,0,0,0,3057,3057
2022-03-30 00:00:00+00:00,2022,3,30,port1282,Tema,Ghana,GHA,1,1,0,1,0,3,3,2870,41256,0,1125,0,45251,45251,0,0,0,0,0,0,0
2022-03-31 00:00:00+00:00,2022,3,31,port1282,Tema,Ghana,GHA,2,1,0,0,0,3,3,1956,6691,0,0,0,8648,8648,1967,0,0,0,0,1967,1967
2022-04-01 00:00:00+00:00,2022,4,1,port1282,Tema,Ghana,GHA,3,0,0,0,0,3,3,14613,0,0,0,0,14613,14613,0,0,0,0,0,0,0
2022-04-02 00:00:00+00:00,2022,4,2,port1282,Tema,Ghana,GHA,1,1,0,1,0,3,3,8024,6935,0,1380,0,16339,16339,0,0,0,0,0,0,0
2022-04-03 00:00:00+00:00,2022,4,3,port1282,Tema,Ghana,GHA,2,0,0,0,1,2,3,10213,0,0,0,2184,10213,12397,1440,0,0,0,0,1440,1440
2022-04-04 00:00:00+00:00,2022,4,4,port1282,Tema,Ghana,GHA,3,0,1,0,1,4,5,30224,0,363,0,0,30587,30587,1440,0,0,0,5017,1440,6457
2022-04-05 00:00:00+00:00,2022,4,5,port1282,Tema,Ghana,GHA,2,1,0,0,0,3,3,6934,37295,0,0,0,44230,44230,0,0,0,0,0,0,0
2022-04-06 00:00:00+00:00,2022,4,6,port1282,Tema,Ghana,GHA,0,1,0,0,1,1,2,0,0,0,0,0,0,0,0,0,0,0,0,0,0
2022-04-07 00:00:00+00:00,2022,4,7,port1282,Tema,Ghana,GHA,3,2,0,0,1,5,6,22967,49811,0,0,12080,72779,84859,0,789,0,0,0,789,789
2022-04-08 00:00:00+00:00,2022,4,8,port1282,Tema,Ghana,GHA,3,2,0,0,0,5,5,21772,20399,0,0,0,42171,42171,1935,789,0,0,0,2724,2724
2022-04-09 00:00:00+00:00,2022,4,9,port1282,Tema,Ghana,GHA,2,0,0,1,1,3,4,27447,0,0,3282,0,30730,30730,0,0,0,0,0,0,0
2022-04-10 00:00:00+00:00,2022,4,10,port1282,Tema,Ghana,GHA,3,1,1,0,1,5,6,13454,0,4204,0,0,17658,17658,0,0,0,0,457,0,457
2022-04-11 00:00:00+00:00,2022,4,11,port1282,Tema,Ghana,GHA,2,1,0,1,0,4,4,23338,33728,0,1533,0,58600,58600,0,0,0,0,0,0,0
2022-04-12 00:00:00+00:00,2022,4,12,port1282,Tema,Ghana,GHA,3,2,1,0,0,6,6,23868,28926,2084,0,0,54879,54879,1440,4673,775,0,0,6889,6889
2022-04-13 00:00:00+00:00,2022,4,13,port1282,Tema,Ghana,GHA,2,0,0,0,1,2,3,2572,0,0,0,33450,2572,36023,2359,0,0,0,0,2359,2359
2022-04-14 00:00:00+00:00,2022,4,14,port1282,Tema,Ghana,GHA,4,0,0,2,0,6,6,15386,0,0,0,0,15386,15386,0,0,0,0,0,0,0
2022-04-15 00:00:00+00:00,2022,4,15,port1282,Tema,Ghana,GHA,1,1,0,0,0,2,2,8207,0,0,0,0,8207,8207,1440,0,0,0,0,1440,1440
2022-04-16 00:00:00+00:00,2022,4,16,port1282,Tema,Ghana,GHA,3,1,1,0,1,5,6,12830,0,1198,0,7119,14028,21147,0,2089,0,0,839,2089,2928
2022-04-17 00:00:00+00:00,2022,4,17,port1282,Tema,Ghana,GHA,2,3,0,0,0,5,5,11666,46628,0,0,0,58294,58294,0,0,0,0,0,0,0
2022-04-18 00:00:00+00:00,2022,4,18,port1282,Tema,Ghana,GHA,3,0,0,0,0,3,3,18465,0,0,0,0,18465,18465,0,0,0,0,0,0,0
2022-04-19 00:00:00+00:00,2022,4,19,port1282,Tema,Ghana,GHA,3,0,0,0,0,3,3,11360,0,0,0,0,11360,11360,12030,0,0,0,0,12030,12030
2022-04-20 00:00:00+00:00,2022,4,20,port1282,Tema,Ghana,GHA,1,0,0,0,0,1,1,9056,0,0,0,0,9056,9056,0,0,0,0,0,0,0
2022-04-21 00:00:00+00:00,2022,4,21,port1282,Tema,Ghana,GHA,2,0,1,0,1,3,4,8207,0,1221,0,0,9428,9428,2183,0,0,0,7755,2183,9938
2022-04-22 00:00:00+00:00,2022,4,22,port1282,Tema,Ghana,GHA,2,0,0,1,1,3,4,17494,0,0,2984,1372,20479,21852,0,0,0,0,0,0,0
2022-04-23 00:00:00+00:00,2022,4,23,port1282,Tema,Ghana,GHA,1,1,1,2,0,5,5,5143,25967,1200,3097,0,35407,35407,0,0,53,0,0,53,53
2022-04-24 00:00:00+00:00,2022,4,24,port1282,Tema,Ghana,GHA,3,0,0,0,0,3,3,18355,0,0,0,0,18355,18355,0,0,0,0,0,0,0
2022-04-25 00:00:00+00:00,2022,4,25,port1282,Tema,Ghana,GHA,1,2,0,0,0,3,3,8326,32230,0,0,0,40557,40557,0,0,0,0,0,0,0
2022-04-26 00:00:00+00:00,2022,4,26,port1282,Tema,Ghana,GHA,2,2,0,0,0,4,4,16414,74921,0,0,0,91336,91336,2880,0,0,0,0,2880,2880
2022-04-27 00:00:00+00:00,2022,4,27,port1282,Tema,Ghana,GHA,2,0,0,0,0,2,2,12690,0,0,0,0,12690,12690,5822,0,0,0,0,5822,5822
2022-04-28 00:00:00+00:00,2022,4,28,port1282,Tema,Ghana,GHA,3,0,0,0,0,3,3,18087,0,0,0,0,18087,18087,0,0,0,0,0,0,0
2022-04-29 00:00:00+00:00,2022,4,29,port1282,Tema,Ghana,GHA,4,1,0,1,0,6,6,9522,20234,0,1791,0,31548,31548,7453,0,0,0,0,7453,7453
2022-04-30 00:00:00+00:00,2022,4,30,port1282,Tema,Ghana,GHA,2,2,0,0,0,4,4,13209,91284,0,0,0,104494,104494,0,0,0,0,0,0,0
2022-05-01 00:00:00+00:00,2022,5,1,port1282,Tema,Ghana,GHA,2,0,0,0,1,2,3,15763,0,0,0,18673,15763,34436,0,0,0,0,0,0,0
2022-05-02 00:00:00+00:00,2022,5,2,port1282,Tema,Ghana,GHA,2,0,0,0,0,2,2,17628,0,0,0,0,17628,17628,0,0,0,0,0,0,0
2022-05-03 00:00:00+00:00,2022,5,3,port1282,Tema,Ghana,GHA,3,2,0,1,0,6,6,16674,50481,0,508,0,67665,67665,639,789,0,0,0,1428,1428
2022-05-04 00:00:00+00:00,2022,5,4,port1282,Tema,Ghana,GHA,0,0,0,0,0,0,0,0,0,0,0,0,0,0,0,0,0,0,0,0,0
2022-05-05 00:00:00+00:00,2022,5,5,port1282,Tema,Ghana,GHA,2,1,0,0,0,3,3,16372,9242,0,0,0,25615,25615,0,0,0,0,0,0,0
2022-05-06 00:00:00+00:00,2022,5,6,port1282,Tema,Ghana,GHA,3,2,0,0,0,5,5,27096,14363,0,0,0,41459,41459,0,0,0,0,0,0,0
2022-05-07 00:00:00+00:00,2022,5,7,port1282,Tema,Ghana,GHA,1,0,1,0,2,2,4,8207,0,0,0,0,8207,8207,1440,0,3554,0,24391,4994,29385
2022-05-08 00:00:00+00:00,2022,5,8,port1282,Tema,Ghana,GHA,4,0,0,0,0,4,4,23877,0,0,0,0,23877,23877,0,0,0,0,0,0,0
2022-05-09 00:00:00+00:00,2022,5,9,port1282,Tema,Ghana,GHA,4,2,0,0,1,6,7,7889,40477,0,0,4085,48366,52451,4567,0,0,0,1903,4567,6470
2022-05-10 00:00:00+00:00,2022,5,10,port1282,Tema,Ghana,GHA,1,0,1,0,1,2,3,0,0,923,0,11409,923,12333,2228,0,0,0,0,2228,2228
2022-05-11 00:00:00+00:00,2022,5,11,port1282,Tema,Ghana,GHA,1,1,1,0,0,3,3,16502,41582,2084,0,0,60169,60169,0,0,775,0,0,775,775
2022-05-12 00:00:00+00:00,2022,5,12,port1282,Tema,Ghana,GHA,1,2,1,1,0,5,5,8207,24365,2373,2483,0,37429,37429,1440,0,0,0,0,1440,1440
2022-05-13 00:00:00+00:00,2022,5,13,port1282,Tema,Ghana,GHA,2,0,0,1,0,3,3,18472,0,0,0,0,18472,18472,0,0,0,0,0,0,0
2022-05-14 00:00:00+00:00,2022,5,14,port1282,Tema,Ghana,GHA,2,1,0,0,0,3,3,17595,26988,0,0,0,44583,44583,6026,0,0,0,0,6026,6026
2022-05-15 00:00:00+00:00,2022,5,15,port1282,Tema,Ghana,GHA,1,1,0,1,2,3,5,2940,0,0,0,8171,2940,11111,0,0,0,0,3807,0,3807
2022-05-16 00:00:00+00:00,2022,5,16,port1282,Tema,Ghana,GHA,1,2,0,0,0,3,3,0,45051,0,0,0,45051,45051,0,0,0,0,0,0,0
2022-05-17 00:00:00+00:00,2022,5,17,port1282,Tema,Ghana,GHA,2,0,0,0,0,2,2,550,0,0,0,0,550,550,0,0,0,0,0,0,0
2022-05-18 00:00:00+00:00,2022,5,18,port1282,Tema,Ghana,GHA,3,1,0,0,1,4,5,20168,40507,0,0,0,60675,60675,0,0,0,0,2622,0,2622
2022-05-19 00:00:00+00:00,2022,5,19,port1282,Tema,Ghana,GHA,3,1,0,1,1,5,6,16937,22394,0,0,0,39331,39331,1440,0,0,0,4430,1440,5870
2022-05-20 00:00:00+00:00,2022,5,20,port1282,Tema,Ghana,GHA,2,0,0,0,1,2,3,4372,0,0,0,12244,4372,16617,27,0,0,0,0,27,27
2022-05-21 00:00:00+00:00,2022,5,21,port1282,Tema,Ghana,GHA,3,0,1,0,0,4,4,22499,0,6067,0,0,28566,28566,739,0,0,0,0,739,739
2022-05-22 00:00:00+00:00,2022,5,22,port1282,Tema,Ghana,GHA,2,0,0,0,0,2,2,13311,0,0,0,0,13311,13311,0,0,0,0,0,0,0
2022-05-23 00:00:00+00:00,2022,5,23,port1282,Tema,Ghana,GHA,0,1,0,0,0,1,1,0,42550,0,0,0,42550,42550,0,0,0,0,0,0,0
2022-05-24 00:00:00+00:00,2022,5,24,port1282,Tema,Ghana,GHA,4,1,0,1,0,6,6,25625,0,0,0,0,25625,25625,2611,0,0,0,0,2611,2611
2022-05-25 00:00:00+00:00,2022,5,25,port1282,Tema,Ghana,GHA,2,2,0,0,0,4,4,4325,57837,0,0,0,62162,62162,0,0,0,0,0,0,0
2022-05-26 00:00:00+00:00,2022,5,26,port1282,Tema,Ghana,GHA,3,0,0,0,0,3,3,24151,0,0,0,0,24151,24151,1440,0,0,0,0,1440,1440
2022-05-27 00:00:00+00:00,2022,5,27,port1282,Tema,Ghana,GHA,1,0,1,0,0,2,2,0,0,7,0,0,7,7,0,0,0,0,0,0,0
2022-05-28 00:00:00+00:00,2022,5,28,port1282,Tema,Ghana,GHA,3,0,0,0,0,3,3,6778,0,0,0,0,6778,6778,0,0,0,0,0,0,0
2022-05-29 00:00:00+00:00,2022,5,29,port1282,Tema,Ghana,GHA,2,1,0,0,1,3,4,35310,8691,0,0,20135,44001,64137,0,0,0,0,0,0,0
2022-05-30 00:00:00+00:00,2022,5,30,port1282,Tema,Ghana,GHA,2,1,1,1,0,5,5,16233,39044,2084,0,0,57363,57363,0,0,775,0,0,775,775
2022-05-31 00:00:00+00:00,2022,5,31,port1282,Tema,Ghana,GHA,1,1,0,0,0,2,2,0,29277,0,0,0,29277,29277,8413,0,0,0,0,8413,8413
2022-06-01 00:00:00+00:00,2022,6,1,port1282,Tema,Ghana,GHA,0,1,0,0,0,1,1,0,0,0,0,0,0,0,0,0,0,0,0,0,0
2022-06-02 00:00:00+00:00,2022,6,2,port1282,Tema,Ghana,GHA,3,0,0,0,1,3,4,16207,0,0,0,0,16207,16207,0,0,0,0,12655,0,12655
2022-06-03 00:00:00+00:00,2022,6,3,port1282,Tema,Ghana,GHA,3,0,0,0,0,3,3,19174,0,0,0,0,19174,19174,0,0,0,0,0,0,0
2022-06-04 00:00:00+00:00,2022,6,4,port1282,Tema,Ghana,GHA,2,2,0,0,0,4,4,10751,38990,0,0,0,49742,49742,0,0,0,0,0,0,0
2022-06-05 00:00:00+00:00,2022,6,5,port1282,Tema,Ghana,GHA,3,1,0,0,0,4,4,18378,38524,0,0,0,56903,56903,1440,0,0,0,0,1440,1440
2022-06-06 00:00:00+00:00,2022,6,6,port1282,Tema,Ghana,GHA,3,0,0,0,1,3,4,26912,0,0,0,7119,26912,34031,1440,0,0,0,839,1440,2279
2022-06-07 00:00:00+00:00,2022,6,7,port1282,Tema,Ghana,GHA,4,2,0,0,0,6,6,23235,2533,0,0,0,25768,25768,4572,0,0,0,0,4572,4572
2022-06-08 00:00:00+00:00,2022,6,8,port1282,Tema,Ghana,GHA,2,0,0,0,1,2,3,28946,0,0,0,22167,28946,51114,0,0,0,0,0,0,0
2022-06-09 00:00:00+00:00,2022,6,9,port1282,Tema,Ghana,GHA,3,0,0,0,0,3,3,16052,0,0,0,0,16052,16052,5762,0,0,0,0,5762,5762
2022-06-10 00:00:00+00:00,2022,6,10,port1282,Tema,Ghana,GHA,2,2,0,0,0,4,4,10171,58306,0,0,0,68477,68477,0,0,0,0,0,0,0
2022-06-11 00:00:00+00:00,2022,6,11,port1282,Tema,Ghana,GHA,2,0,0,1,2,3,5,14238,0,0,3851,0,18089,18089,0,0,0,0,0,0,0
2022-06-12 00:00:00+00:00,2022,6,12,port1282,Tema,Ghana,GHA,1,1,0,1,0,3,3,11106,0,0,1020,0,12126,12126,0,0,0,0,0,0,0
2022-06-13 00:00:00+00:00,2022,6,13,port1282,Tema,Ghana,GHA,2,0,0,1,0,3,3,21481,0,0,1146,0,22627,22627,0,0,0,25,0,25,25
2022-06-14 00:00:00+00:00,2022,6,14,port1282,Tema,Ghana,GHA,2,1,0,1,1,4,5,14257,39106,0,561,0,53925,53925,0,0,0,0,0,0,0
2022-06-15 00:00:00+00:00,2022,6,15,port1282,Tema,Ghana,GHA,2,0,1,1,0,4,4,9670,0,2084,509,0,12264,12264,0,0,775,0,0,775,775
2022-06-16 00:00:00+00:00,2022,6,16,port1282,Tema,Ghana,GHA,2,1,0,0,0,3,3,4978,38918,0,0,0,43897,43897,3153,0,0,0,0,3153,3153
2022-06-17 00:00:00+00:00,2022,6,17,port1282,Tema,Ghana,GHA,2,0,1,0,1,3,4,19081,0,0,0,0,19081,19081,0,0,0,0,0,0,0
2022-06-18 00:00:00+00:00,2022,6,18,port1282,Tema,Ghana,GHA,2,1,1,0,0,4,4,10414,25382,2084,0,0,37881,37881,1504,0,775,0,0,2279,2279
2022-06-19 00:00:00+00:00,2022,6,19,port1282,Tema,Ghana,GHA,2,1,0,1,0,4,4,8207,41802,0,1535,0,51544,51544,1440,0,0,0,0,1440,1440
2022-06-20 00:00:00+00:00,2022,6,20,port1282,Tema,Ghana,GHA,3,0,0,0,1,3,4,20215,0,0,0,7119,20215,27334,1440,0,0,0,839,1440,2279
2022-06-21 00:00:00+00:00,2022,6,21,port1282,Tema,Ghana,GHA,0,3,0,0,0,3,3,0,71441,0,0,0,71441,71441,0,0,0,0,0,0,0
2022-06-22 00:00:00+00:00,2022,6,22,port1282,Tema,Ghana,GHA,1,1,0,0,0,2,2,15860,6335,0,0,0,22195,22195,0,0,0,0,0,0,0
2022-06-23 00:00:00+00:00,2022,6,23,port1282,Tema,Ghana,GHA,2,3,0,0,0,5,5,12905,91174,0,0,0,104080,104080,0,0,0,0,0,0,0
2022-06-24 00:00:00+00:00,2022,6,24,port1282,Tema,Ghana,GHA,2,0,0,0,0,2,2,8558,0,0,0,0,8558,8558,3082,0,0,0,0,3082,3082
2022-06-25 00:00:00+00:00,2022,6,25,port1282,Tema,Ghana,GHA,3,0,0,0,1,3,4,26983,0,0,0,0,26983,26983,0,0,0,0,0,0,0
2022-06-26 00:00:00+00:00,2022,6,26,port1282,Tema,Ghana,GHA,2,0,0,0,1,2,3,17637,0,0,0,4085,17637,21723,0,0,0,0,1903,0,1903
2022-06-27 00:00:00+00:00,2022,6,27,port1282,Tema,Ghana,GHA,1,3,1,0,1,5,6,9639,80538,0,0,173,90178,90352,0,0,2861,0,0,2861,2861
2022-06-28 00:00:00+00:00,2022,6,28,port1282,Tema,Ghana,GHA,3,1,1,0,0,5,5,10644,20153,2084,0,0,32883,32883,27158,0,775,0,0,27933,27933
2022-06-29 00:00:00+00:00,2022,6,29,port1282,Tema,Ghana,GHA,1,1,1,0,0,3,3,12489,41242,1030,0,0,54761,54761,0,0,0,0,0,0,0
2022-06-30 00:00:00+00:00,2022,6,30,port1282,Tema,Ghana,GHA,2,0,0,0,0,2,2,7613,0,0,0,0,7613,7613,0,0,0,0,0,0,0
2022-07-01 00:00:00+00:00,2022,7,1,port1282,Tema,Ghana,GHA,4,0,0,0,1,4,5,30963,0,0,0,4085,30963,35049,1440,0,0,0,1903,1440,3343
2022-07-02 00:00:00+00:00,2022,7,2,port1282,Tema,Ghana,GHA,2,2,0,0,3,4,7,8350,38231,0,0,11204,46581,57786,0,0,0,0,2742,0,2742
2022-07-03 00:00:00+00:00,2022,7,3,port1282,Tema,Ghana,GHA,5,1,0,0,0,6,6,4523,2878,0,0,0,7402,7402,5619,0,0,0,0,5619,5619
2022-07-04 00:00:00+00:00,2022,7,4,port1282,Tema,Ghana,GHA,2,0,1,0,0,3,3,20515,0,0,0,0,20515,20515,0,0,3528,0,0,3528,3528
2022-07-05 00:00:00+00:00,2022,7,5,port1282,Tema,Ghana,GHA,2,1,1,0,0,4,4,28441,0,2084,0,0,30526,30526,0,0,775,0,0,775,775
2022-07-06 00:00:00+00:00,2022,7,6,port1282,Tema,Ghana,GHA,1,1,1,0,0,3,3,9222,13142,1200,0,0,23565,23565,0,0,53,0,0,53,53
2022-07-07 00:00:00+00:00,2022,7,7,port1282,Tema,Ghana,GHA,2,0,1,1,1,4,5,28147,0,1200,0,0,29347,29347,0,0,53,508,0,562,562
2022-07-08 00:00:00+00:00,2022,7,8,port1282,Tema,Ghana,GHA,2,0,0,1,0,3,3,9979,0,0,0,0,9979,9979,1440,0,0,0,0,1440,1440
2022-07-09 00:00:00+00:00,2022,7,9,port1282,Tema,Ghana,GHA,4,2,0,0,0,6,6,8619,38583,0,0,0,47202,47202,27,0,0,0,0,27,27
2022-07-10 00:00:00+00:00,2022,7,10,port1282,Tema,Ghana,GHA,2,3,0,0,1,5,6,20596,64991,0,0,2113,85587,87701,0,0,0,0,0,0,0
2022-07-11 00:00:00+00:00,2022,7,11,port1282,Tema,Ghana,GHA,2,0,0,0,0,2,2,11300,0,0,0,0,11300,11300,0,0,0,0,0,0,0
2022-07-12 00:00:00+00:00,2022,7,12,port1282,Tema,Ghana,GHA,0,0,0,0,0,0,0,0,0,0,0,0,0,0,0,0,0,0,0,0,0
2022-07-13 00:00:00+00:00,2022,7,13,port1282,Tema,Ghana,GHA,0,0,0,0,0,0,0,0,0,0,0,0,0,0,0,0,0,0,0,0,0
2022-07-14 00:00:00+00:00,2022,7,14,port1282,Tema,Ghana,GHA,5,1,0,2,1,8,9,30052,6914,0,1528,0,38495,38495,1440,0,0,0,0,1440,1440
2022-07-15 00:00:00+00:00,2022,7,15,port1282,Tema,Ghana,GHA,2,1,0,0,0,3,3,22212,11040,0,0,0,33252,33252,0,0,0,0,0,0,0
2022-07-16 00:00:00+00:00,2022,7,16,port1282,Tema,Ghana,GHA,1,1,0,0,0,2,2,9034,26911,0,0,0,35946,35946,0,0,0,0,0,0,0
2022-07-17 00:00:00+00:00,2022,7,17,port1282,Tema,Ghana,GHA,3,1,0,1,0,5,5,34772,43094,0,0,0,77866,77866,0,0,0,0,0,0,0
2022-07-18 00:00:00+00:00,2022,7,18,port1282,Tema,Ghana,GHA,5,1,0,0,0,6,6,62320,52854,0,0,0,115174,115174,1440,0,0,0,0,1440,1440
2022-07-19 00:00:00+00:00,2022,7,19,port1282,Tema,Ghana,GHA,2,1,0,0,0,3,3,16911,20513,0,0,0,37424,37424,1440,0,0,0,0,1440,1440
2022-07-20 00:00:00+00:00,2022,7,20,port1282,Tema,Ghana,GHA,1,3,0,0,0,4,4,13577,49112,0,0,0,62689,62689,0,0,0,0,0,0,0
2022-07-21 00:00:00+00:00,2022,7,21,port1282,Tema,Ghana,GHA,2,0,1,0,0,3,3,30419,0,2084,0,0,32504,32504,0,0,775,0,0,775,775
2022-07-22 00:00:00+00:00,2022,7,22,port1282,Tema,Ghana,GHA,4,0,0,0,0,4,4,24917,0,0,0,0,24917,24917,6801,0,0,0,0,6801,6801
2022-07-23 00:00:00+00:00,2022,7,23,port1282,Tema,Ghana,GHA,3,0,0,0,1,3,4,12303,0,0,0,5238,12303,17541,1440,0,0,0,0,1440,1440
2022-07-24 00:00:00+00:00,2022,7,24,port1282,Tema,Ghana,GHA,2,1,0,1,0,4,4,17108,10635,0,4489,0,32233,32233,1440,0,0,0,0,1440,1440
2022-07-25 00:00:00+00:00,2022,7,25,port1282,Tema,Ghana,GHA,3,0,1,0,0,4,4,9549,0,318,0,0,9867,9867,26808,0,0,0,0,26808,26808
2022-07-26 00:00:00+00:00,2022,7,26,port1282,Tema,Ghana,GHA,1,1,1,1,0,4,4,0,10338,852,511,0,11702,11702,634,0,0,0,0,634,634
2022-07-27 00:00:00+00:00,2022,7,27,port1282,Tema,Ghana,GHA,5,0,0,0,1,5,6,46902,0,0,0,0,46902,46902,1440,0,0,0,1454,1440,2894
2022-07-28 00:00:00+00:00,2022,7,28,port1282,Tema,Ghana,GHA,2,0,0,0,0,2,2,18779,0,0,0,0,18779,18779,0,0,0,0,0,0,0
2022-07-29 00:00:00+00:00,2022,7,29,port1282,Tema,Ghana,GHA,4,0,0,0,0,4,4,38114,0,0,0,0,38114,38114,2850,0,0,0,0,2850,2850
2022-07-30 00:00:00+00:00,2022,7,30,port1282,Tema,Ghana,GHA,2,2,1,0,0,5,5,5839,69013,0,0,0,74853,74853,5861,0,2061,0,0,7922,7922
2022-07-31 00:00:00+00:00,2022,7,31,port1282,Tema,Ghana,GHA,2,0,0,0,0,2,2,11710,0,0,0,0,11710,11710,1440,0,0,0,0,1440,1440
2022-08-01 00:00:00+00:00,2022,8,1,port1282,Tema,Ghana,GHA,3,0,0,0,1,3,4,18107,0,0,0,4085,18107,22192,0,0,0,0,1903,0,1903
2022-08-02 00:00:00+00:00,2022,8,2,port1282,Tema,Ghana,GHA,3,0,1,0,0,4,4,31282,0,854,0,0,32136,32136,0,0,0,0,0,0,0
2022-08-03 00:00:00+00:00,2022,8,3,port1282,Tema,Ghana,GHA,0,0,0,0,0,0,0,0,0,0,0,0,0,0,0,0,0,0,0,0,0
2022-08-04 00:00:00+00:00,2022,8,4,port1282,Tema,Ghana,GHA,3,1,0,0,1,4,5,11465,419,0,0,3483,11885,15368,1440,0,0,0,0,1440,1440
2022-08-05 00:00:00+00:00,2022,8,5,port1282,Tema,Ghana,GHA,2,2,0,0,0,4,4,33668,48765,0,0,0,82434,82434,648,9954,0,0,0,10603,10603
2022-08-06 00:00:00+00:00,2022,8,6,port1282,Tema,Ghana,GHA,1,0,0,0,0,1,1,12261,0,0,0,0,12261,12261,0,0,0,0,0,0,0
2022-08-07 00:00:00+00:00,2022,8,7,port1282,Tema,Ghana,GHA,1,0,0,0,1,1,2,12586,0,0,0,7119,12586,19705,0,0,0,0,839,0,839
2022-08-08 00:00:00+00:00,2022,8,8,port1282,Tema,Ghana,GHA,2,1,0,0,0,3,3,22012,0,0,0,0,22012,22012,0,7011,0,0,0,7011,7011
2022-08-09 00:00:00+00:00,2022,8,9,port1282,Tema,Ghana,GHA,2,0,0,0,1,2,3,8207,0,0,0,11728,8207,19935,2613,0,0,0,0,2613,2613
2022-08-10 00:00:00+00:00,2022,8,10,port1282,Tema,Ghana,GHA,2,1,0,1,1,4,5,7795,38771,0,3407,4085,49974,54059,0,0,0,0,1903,0,1903
2022-08-11 00:00:00+00:00,2022,8,11,port1282,Tema,Ghana,GHA,4,0,1,0,0,5,5,22830,0,2084,0,0,24915,24915,9970,0,775,0,0,10745,10745
2022-08-12 00:00:00+00:00,2022,8,12,port1282,Tema,Ghana,GHA,3,0,0,0,2,3,5,24013,0,0,0,4085,24013,28098,0,0,0,0,1903,0,1903
2022-08-13 00:00:00+00:00,2022,8,13,port1282,Tema,Ghana,GHA,1,2,0,0,0,3,3,2242,39921,0,0,0,42164,42164,0,0,0,0,0,0,0
2022-08-14 00:00:00+00:00,2022,8,14,port1282,Tema,Ghana,GHA,1,0,0,1,0,2,2,9086,0,0,2190,0,11277,11277,0,0,0,0,0,0,0
2022-08-15 00:00:00+00:00,2022,8,15,port1282,Tema,Ghana,GHA,2,1,1,0,0,4,4,11408,6649,2084,0,0,20142,20142,12207,0,775,0,0,12983,12983
2022-08-16 00:00:00+00:00,2022,8,16,port1282,Tema,Ghana,GHA,2,1,0,0,0,3,3,10458,40475,0,0,0,50933,50933,0,0,0,0,0,0,0
2022-08-17 00:00:00+00:00,2022,8,17,port1282,Tema,Ghana,GHA,3,0,0,0,0,3,3,8796,0,0,0,0,8796,8796,0,0,0,0,0,0,0
2022-08-18 00:00:00+00:00,2022,8,18,port1282,Tema,Ghana,GHA,3,1,0,0,0,4,4,4983,32523,0,0,0,37507,37507,27,0,0,0,0,27,27
2022-08-19 00:00:00+00:00,2022,8,19,port1282,Tema,Ghana,GHA,3,1,0,0,0,4,4,9725,0,0,0,0,9725,9725,1440,0,0,0,0,1440,1440
2022-08-20 00:00:00+00:00,2022,8,20,port1282,Tema,Ghana,GHA,3,2,0,0,0,5,5,27855,41427,0,0,0,69282,69282,0,0,0,0,0,0,0
2022-08-21 00:00:00+00:00,2022,8,21,port1282,Tema,Ghana,GHA,2,0,0,1,2,3,5,8976,0,0,0,8713,8976,17689,728,0,0,0,19109,728,19838
2022-08-22 00:00:00+00:00,2022,8,22,port1282,Tema,Ghana,GHA,3,0,0,0,0,3,3,22750,0,0,0,0,22750,22750,0,0,0,0,0,0,0
2022-08-23 00:00:00+00:00,2022,8,23,port1282,Tema,Ghana,GHA,2,1,1,0,1,4,5,12088,36385,189,0,4085,48663,52748,36497,0,0,0,1903,36497,38401
2022-08-24 00:00:00+00:00,2022,8,24,port1282,Tema,Ghana,GHA,2,0,1,0,1,3,4,7528,0,1474,0,0,9003,9003,0,0,0,0,0,0,0
2022-08-25 00:00:00+00:00,2022,8,25,port1282,Tema,Ghana,GHA,3,1,1,0,0,5,5,16616,38108,1529,0,0,56254,56254,4356,0,0,0,0,4356,4356
2022-08-26 00:00:00+00:00,2022,8,26,port1282,Tema,Ghana,GHA,2,1,1,0,0,4,4,17627,411,0,0,0,18039,18039,1440,0,1906,0,0,3346,3346
2022-08-27 00:00:00+00:00,2022,8,27,port1282,Tema,Ghana,GHA,3,1,0,0,0,4,4,40432,36902,0,0,0,77334,77334,0,0,0,0,0,0,0
2022-08-28 00:00:00+00:00,2022,8,28,port1282,Tema,Ghana,GHA,3,0,0,0,1,3,4,21481,0,0,0,2610,21481,24092,1440,0,0,0,0,1440,1440
2022-08-29 00:00:00+00:00,2022,8,29,port1282,Tema,Ghana,GHA,2,1,0,0,0,3,3,13274,9179,0,0,0,22453,22453,0,0,0,0,0,0,0
2022-08-30 00:00:00+00:00,2022,8,30,port1282,Tema,Ghana,GHA,1,0,0,0,1,1,2,0,0,0,0,1678,0,1678,1847,0,0,0,0,1847,1847
2022-08-31 00:00:00+00:00,2022,8,31,port1282,Tema,Ghana,GHA,3,1,0,0,0,4,4,8301,41323,0,0,0,49625,49625,23927,0,0,0,0,23927,23927
2022-09-01 00:00:00+00:00,2022,9,1,port1282,Tema,Ghana,GHA,4,1,0,0,0,5,5,14854,0,0,0,0,14854,14854,1440,0,0,0,0,1440,1440
2022-09-02 00:00:00+00:00,2022,9,2,port1282,Tema,Ghana,GHA,3,1,1,1,0,6,6,4325,5504,1905,3724,0,15459,15459,712,0,0,0,0,712,712
2022-09-03 00:00:00+00:00,2022,9,3,port1282,Tema,Ghana,GHA,3,1,0,0,1,4,5,15879,27623,0,0,10461,43503,53965,0,0,0,0,0,0,0
2022-09-04 00:00:00+00:00,2022,9,4,port1282,Tema,Ghana,GHA,2,0,0,0,0,2,2,40619,0,0,0,0,40619,40619,0,0,0,0,0,0,0
2022-09-05 00:00:00+00:00,2022,9,5,port1282,Tema,Ghana,GHA,2,0,0,0,1,2,3,11152,0,0,0,0,11152,11152,1440,0,0,0,29426,1440,30866
2022-09-06 00:00:00+00:00,2022,9,6,port1282,Tema,Ghana,GHA,2,1,1,0,0,4,4,20546,43173,743,0,0,64463,64463,0,0,0,0,0,0,0
2022-09-07 00:00:00+00:00,2022,9,7,port1282,Tema,Ghana,GHA,2,0,0,0,0,2,2,12044,0,0,0,0,12044,12044,0,0,0,0,0,0,0
2022-09-08 00:00:00+00:00,2022,9,8,port1282,Tema,Ghana,GHA,3,0,0,0,0,3,3,11036,0,0,0,0,11036,11036,30424,0,0,0,0,30424,30424
2022-09-09 00:00:00+00:00,2022,9,9,port1282,Tema,Ghana,GHA,3,0,0,0,0,3,3,8207,0,0,0,0,8207,8207,9455,0,0,0,0,9455,9455
2022-09-10 00:00:00+00:00,2022,9,10,port1282,Tema,Ghana,GHA,2,0,1,1,1,4,5,42595,0,7728,0,21801,50324,72125,0,0,0,0,0,0,0
2022-09-11 00:00:00+00:00,2022,9,11,port1282,Tema,Ghana,GHA,2,0,0,0,0,2,2,8245,0,0,0,0,8245,8245,0,0,0,0,0,0,0
2022-09-12 00:00:00+00:00,2022,9,12,port1282,Tema,Ghana,GHA,2,1,0,0,0,3,3,5924,26078,0,0,0,32002,32002,2251,0,0,0,0,2251,2251
2022-09-13 00:00:00+00:00,2022,9,13,port1282,Tema,Ghana,GHA,2,1,0,0,0,3,3,20869,53455,0,0,0,74325,74325,0,0,0,0,0,0,0
2022-09-14 00:00:00+00:00,2022,9,14,port1282,Tema,Ghana,GHA,4,1,0,1,1,6,7,16083,0,0,1146,4085,17229,21314,0,0,0,25,1903,25,1929
2022-09-15 00:00:00+00:00,2022,9,15,port1282,Tema,Ghana,GHA,2,1,1,0,0,4,4,39989,20337,0,0,0,60326,60326,0,0,1906,0,0,1906,1906
2022-09-16 00:00:00+00:00,2022,9,16,port1282,Tema,Ghana,GHA,1,0,0,0,1,1,2,8207,0,0,0,1834,8207,10041,1440,0,0,0,0,1440,1440
2022-09-17 00:00:00+00:00,2022,9,17,port1282,Tema,Ghana,GHA,2,1,2,1,0,6,6,2096,40403,2734,1535,0,46768,46768,5806,0,1634,0,0,7441,7441
2022-09-18 00:00:00+00:00,2022,9,18,port1282,Tema,Ghana,GHA,2,0,1,0,0,3,3,12070,0,1592,0,0,13662,13662,0,0,0,0,0,0,0
2022-09-19 00:00:00+00:00,2022,9,19,port1282,Tema,Ghana,GHA,0,1,0,0,0,1,1,0,41625,0,0,0,41625,41625,0,0,0,0,0,0,0
2022-09-20 00:00:00+00:00,2022,9,20,port1282,Tema,Ghana,GHA,2,1,0,0,1,3,4,28090,14245,0,0,0,42335,42335,0,0,0,0,0,0,0
2022-09-21 00:00:00+00:00,2022,9,21,port1282,Tema,Ghana,GHA,2,1,1,0,0,4,4,11680,19100,11308,0,0,42089,42089,28694,0,0,0,0,28694,28694
2022-09-22 00:00:00+00:00,2022,9,22,port1282,Tema,Ghana,GHA,1,0,1,0,1,2,3,5784,0,3464,0,0,9249,9249,0,0,0,0,0,0,0
2022-09-23 00:00:00+00:00,2022,9,23,port1282,Tema,Ghana,GHA,4,1,0,1,0,6,6,11380,6320,0,0,0,17701,17701,4023,0,0,0,0,4023,4023
2022-09-24 00:00:00+00:00,2022,9,24,port1282,Tema,Ghana,GHA,2,0,0,0,0,2,2,10399,0,0,0,0,10399,10399,0,0,0,0,0,0,0
2022-09-25 00:00:00+00:00,2022,9,25,port1282,Tema,Ghana,GHA,3,2,0,0,1,5,6,27514,46969,0,0,3480,74484,77965,1440,0,0,0,0,1440,1440
2022-09-26 00:00:00+00:00,2022,9,26,port1282,Tema,Ghana,GHA,2,0,0,0,1,2,3,19765,0,0,0,2254,19765,22019,0,0,0,0,0,0,0
2022-09-27 00:00:00+00:00,2022,9,27,port1282,Tema,Ghana,GHA,2,0,0,0,0,2,2,26550,0,0,0,0,26550,26550,0,0,0,0,0,0,0
2022-09-28 00:00:00+00:00,2022,9,28,port1282,Tema,Ghana,GHA,2,1,0,0,0,3,3,19020,10502,0,0,0,29523,29523,0,0,0,0,0,0,0
2022-09-29 00:00:00+00:00,2022,9,29,port1282,Tema,Ghana,GHA,4,1,0,0,0,5,5,29076,38583,0,0,0,67660,67660,0,0,0,0,0,0,0
2022-09-30 00:00:00+00:00,2022,9,30,port1282,Tema,Ghana,GHA,3,0,0,0,1,3,4,1081,0,0,0,0,1081,1081,13028,0,0,0,0,13028,13028
2022-10-01 00:00:00+00:00,2022,10,1,port1282,Tema,Ghana,GHA,2,0,1,0,0,3,3,4603,0,229,0,0,4833,4833,0,0,0,0,0,0,0
2022-10-02 00:00:00+00:00,2022,10,2,port1282,Tema,Ghana,GHA,4,1,0,0,1,5,6,29982,39474,0,0,0,69456,69456,23627,0,0,0,0,23627,23627
2022-10-03 00:00:00+00:00,2022,10,3,port1282,Tema,Ghana,GHA,2,1,1,0,0,4,4,12529,8833,824,0,0,22187,22187,0,0,0,0,0,0,0
2022-10-04 00:00:00+00:00,2022,10,4,port1282,Tema,Ghana,GHA,1,0,0,0,0,1,1,3862,0,0,0,0,3862,3862,0,0,0,0,0,0,0
2022-10-05 00:00:00+00:00,2022,10,5,port1282,Tema,Ghana,GHA,2,0,0,1,0,3,3,20696,0,0,0,0,20696,20696,1440,0,0,0,0,1440,1440
2022-10-06 00:00:00+00:00,2022,10,6,port1282,Tema,Ghana,GHA,1,0,0,0,1,1,2,0,0,0,0,10376,0,10376,2972,0,0,0,0,2972,2972
2022-10-07 00:00:00+00:00,2022,10,7,port1282,Tema,Ghana,GHA,2,0,1,0,0,3,3,16249,0,0,0,0,16249,16249,0,0,3416,0,0,3416,3416
2022-10-08 00:00:00+00:00,2022,10,8,port1282,Tema,Ghana,GHA,5,1,0,0,0,6,6,8910,50073,0,0,0,58983,58983,4122,0,0,0,0,4122,4122
2022-10-09 00:00:00+00:00,2022,10,9,port1282,Tema,Ghana,GHA,1,1,0,1,0,3,3,4460,49384,0,2908,0,56754,56754,0,0,0,0,0,0,0
2022-10-10 00:00:00+00:00,2022,10,10,port1282,Tema,Ghana,GHA,3,2,0,0,0,5,5,19944,43237,0,0,0,63181,63181,1440,0,0,0,0,1440,1440
2022-10-11 00:00:00+00:00,2022,10,11,port1282,Tema,Ghana,GHA,3,0,0,0,1,3,4,29323,0,0,0,8479,29323,37803,0,0,0,0,0,0,0
2022-10-12 00:00:00+00:00,2022,10,12,port1282,Tema,Ghana,GHA,1,2,0,0,0,3,3,5215,6628,0,0,0,11843,11843,0,0,0,0,0,0,0
2022-10-13 00:00:00+00:00,2022,10,13,port1282,Tema,Ghana,GHA,1,0,0,0,0,1,1,6373,0,0,0,0,6373,6373,0,0,0,0,0,0,0
2022-10-14 00:00:00+00:00,2022,10,14,port1282,Tema,Ghana,GHA,2,2,0,0,2,4,6,8207,52118,0,0,18416,60325,78742,3398,0,0,0,1903,3398,5302
2022-10-15 00:00:00+00:00,2022,10,15,port1282,Tema,Ghana,GHA,3,0,0,0,0,3,3,2796,0,0,0,0,2796,2796,6756,0,0,0,0,6756,6756
2022-10-16 00:00:00+00:00,2022,10,16,port1282,Tema,Ghana,GHA,2,1,0,0,0,3,3,18545,4288,0,0,0,22834,22834,1440,0,0,0,0,1440,1440
2022-10-17 00:00:00+00:00,2022,10,17,port1282,Tema,Ghana,GHA,3,0,1,0,0,4,4,22168,0,1679,0,0,23847,23847,0,0,0,0,0,0,0
2022-10-18 00:00:00+00:00,2022,10,18,port1282,Tema,Ghana,GHA,3,3,0,0,0,6,6,18921,21161,0,0,0,40082,40082,2880,0,0,0,0,2880,2880
2022-10-19 00:00:00+00:00,2022,10,19,port1282,Tema,Ghana,GHA,2,0,0,1,0,3,3,10344,0,0,0,0,10344,10344,292,0,0,0,0,292,292
2022-10-20 00:00:00+00:00,2022,10,20,port1282,Tema,Ghana,GHA,1,1,0,0,0,2,2,1414,39467,0,0,0,40881,40881,0,0,0,0,0,0,0
2022-10-21 00:00:00+00:00,2022,10,21,port1282,Tema,Ghana,GHA,4,1,0,0,0,5,5,5356,20399,0,0,0,25755,25755,23945,789,0,0,0,24734,24734
2022-10-22 00:00:00+00:00,2022,10,22,port1282,Tema,Ghana,GHA,2,0,0,0,0,2,2,9512,0,0,0,0,9512,9512,0,0,0,0,0,0,0
2022-10-23 00:00:00+00:00,2022,10,23,port1282,Tema,Ghana,GHA,3,0,1,0,0,4,4,4467,0,375,0,0,4842,4842,2204,0,0,0,0,2204,2204
2022-10-24 00:00:00+00:00,2022,10,24,port1282,Tema,Ghana,GHA,3,0,1,0,1,4,5,9476,0,2084,0,0,11561,11561,0,0,775,0,0,775,775
2022-10-25 00:00:00+00:00,2022,10,25,port1282,Tema,Ghana,GHA,2,2,0,1,0,5,5,23764,8655,0,509,0,32929,32929,0,0,0,0,0,0,0
2022-10-26 00:00:00+00:00,2022,10,26,port1282,Tema,Ghana,GHA,0,1,0,0,0,1,1,0,42440,0,0,0,42440,42440,0,0,0,0,0,0,0
2022-10-27 00:00:00+00:00,2022,10,27,port1282,Tema,Ghana,GHA,3,0,0,0,1,3,4,18272,0,0,0,0,18272,18272,1440,0,0,0,0,1440,1440
2022-10-28 00:00:00+00:00,2022,10,28,port1282,Tema,Ghana,GHA,2,1,1,0,1,4,5,4303,22557,6567,0,4085,33428,37513,1305,0,0,0,1903,1305,3208
2022-10-29 00:00:00+00:00,2022,10,29,port1282,Tema,Ghana,GHA,2,0,0,0,0,2,2,0,0,0,0,0,0,0,5793,0,0,0,0,5793,5793
2022-10-30 00:00:00+00:00,2022,10,30,port1282,Tema,Ghana,GHA,1,0,2,0,0,3,3,5884,0,5141,0,0,11026,11026,0,0,4518,0,0,4518,4518
2022-10-31 00:00:00+00:00,2022,10,31,port1282,Tema,Ghana,GHA,1,1,0,0,0,2,2,2645,13948,0,0,0,16593,16593,0,0,0,0,0,0,0
2022-11-01 00:00:00+00:00,2022,11,1,port1282,Tema,Ghana,GHA,3,0,0,0,0,3,3,18536,0,0,0,0,18536,18536,0,0,0,0,0,0,0
2022-11-02 00:00:00+00:00,2022,11,2,port1282,Tema,Ghana,GHA,2,2,0,0,1,4,5,16414,17900,0,0,29426,34314,63741,2880,0,0,0,0,2880,2880
2022-11-03 00:00:00+00:00,2022,11,3,port1282,Tema,Ghana,GHA,2,0,0,0,0,2,2,8207,0,0,0,0,8207,8207,2713,0,0,0,0,2713,2713
2022-11-04 00:00:00+00:00,2022,11,4,port1282,Tema,Ghana,GHA,3,2,1,0,0,6,6,8594,46769,0,0,0,55363,55363,31931,0,2303,0,0,34234,34234
2022-11-05 00:00:00+00:00,2022,11,5,port1282,Tema,Ghana,GHA,4,0,0,0,0,4,4,11577,0,0,0,0,11577,11577,1440,0,0,0,0,1440,1440
2022-11-06 00:00:00+00:00,2022,11,6,port1282,Tema,Ghana,GHA,1,1,1,0,1,3,4,4327,39817,5554,0,20135,49699,69835,0,0,0,0,0,0,0
2022-11-07 00:00:00+00:00,2022,11,7,port1282,Tema,Ghana,GHA,0,0,0,0,0,0,0,0,0,0,0,0,0,0,0,0,0,0,0,0,0
2022-11-08 00:00:00+00:00,2022,11,8,port1282,Tema,Ghana,GHA,4,1,0,0,1,5,6,31548,41164,0,0,24462,72713,97176,0,0,0,0,0,0,0
2022-11-09 00:00:00+00:00,2022,11,9,port1282,Tema,Ghana,GHA,3,0,0,0,0,3,3,16414,0,0,0,0,16414,16414,3536,0,0,0,0,3536,3536
2022-11-10 00:00:00+00:00,2022,11,10,port1282,Tema,Ghana,GHA,1,0,0,0,0,1,1,1305,0,0,0,0,1305,1305,0,0,0,0,0,0,0
2022-11-11 00:00:00+00:00,2022,11,11,port1282,Tema,Ghana,GHA,0,0,0,1,0,1,1,0,0,0,0,0,0,0,0,0,0,0,0,0,0
2022-11-12 00:00:00+00:00,2022,11,12,port1282,Tema,Ghana,GHA,4,2,0,0,0,6,6,14445,42551,0,0,0,56996,56996,0,0,0,0,0,0,0
2022-11-13 00:00:00+00:00,2022,11,13,port1282,Tema,Ghana,GHA,2,1,0,0,0,3,3,8207,41169,0,0,0,49376,49376,8295,0,0,0,0,8295,8295
2022-11-14 00:00:00+00:00,2022,11,14,port1282,Tema,Ghana,GHA,2,1,0,0,0,3,3,12294,48992,0,0,0,61287,61287,0,0,0,0,0,0,0
2022-11-15 00:00:00+00:00,2022,11,15,port1282,Tema,Ghana,GHA,3,0,0,0,0,3,3,37252,0,0,0,0,37252,37252,0,0,0,0,0,0,0
2022-11-16 00:00:00+00:00,2022,11,16,port1282,Tema,Ghana,GHA,1,1,0,0,0,2,2,9154,41089,0,0,0,50243,50243,0,0,0,0,0,0,0
2022-11-17 00:00:00+00:00,2022,11,17,port1282,Tema,Ghana,GHA,2,1,0,1,0,4,4,3723,25717,0,0,0,29441,29441,0,0,0,0,0,0,0
2022-11-18 00:00:00+00:00,2022,11,18,port1282,Tema,Ghana,GHA,1,2,0,0,0,3,3,0,64665,0,0,0,64665,64665,876,0,0,0,0,876,876
2022-11-19 00:00:00+00:00,2022,11,19,port1282,Tema,Ghana,GHA,3,0,0,0,1,3,4,14976,0,0,0,0,14976,14976,0,0,0,0,0,0,0
2022-11-20 00:00:00+00:00,2022,11,20,port1282,Tema,Ghana,GHA,1,1,0,0,0,2,2,6318,29999,0,0,0,36317,36317,0,0,0,0,0,0,0
2022-11-21 00:00:00+00:00,2022,11,21,port1282,Tema,Ghana,GHA,2,0,0,0,1,2,3,18548,0,0,0,0,18548,18548,0,0,0,0,0,0,0
2022-11-22 00:00:00+00:00,2022,11,22,port1282,Tema,Ghana,GHA,5,0,0,0,1,5,6,37114,0,0,0,0,37114,37114,2907,0,0,0,0,2907,2907
2022-11-23 00:00:00+00:00,2022,11,23,port1282,Tema,Ghana,GHA,1,0,0,0,0,1,1,6595,0,0,0,0,6595,6595,0,0,0,0,0,0,0
2022-11-24 00:00:00+00:00,2022,11,24,port1282,Tema,Ghana,GHA,2,0,1,0,0,3,3,9222,0,160,0,0,9382,9382,589,0,0,0,0,589,589
2022-11-25 00:00:00+00:00,2022,11,25,port1282,Tema,Ghana,GHA,2,1,0,0,0,3,3,4252,0,0,0,0,4252,4252,1300,23968,0,0,0,25268,25268
2022-11-26 00:00:00+00:00,2022,11,26,port1282,Tema,Ghana,GHA,1,0,0,2,1,3,4,4365,0,0,2592,0,6957,6957,0,0,0,0,0,0,0
2022-11-27 00:00:00+00:00,2022,11,27,port1282,Tema,Ghana,GHA,3,0,0,0,0,3,3,11732,0,0,0,0,11732,11732,0,0,0,0,0,0,0
2022-11-28 00:00:00+00:00,2022,11,28,port1282,Tema,Ghana,GHA,3,0,0,0,0,3,3,35861,0,0,0,0,35861,35861,1440,0,0,0,0,1440,1440
2022-11-29 00:00:00+00:00,2022,11,29,port1282,Tema,Ghana,GHA,2,2,1,0,2,5,7,4283,20399,0,0,8171,24683,32854,18499,789,0,0,3807,19288,23095
2022-11-30 00:00:00+00:00,2022,11,30,port1282,Tema,Ghana,GHA,1,1,1,0,0,3,3,15439,49928,2084,0,0,67452,67452,0,0,775,0,0,775,775
2022-12-01 00:00:00+00:00,2022,12,1,port1282,Tema,Ghana,GHA,1,0,0,0,0,1,1,4929,0,0,0,0,4929,4929,0,0,0,0,0,0,0
2022-12-02 00:00:00+00:00,2022,12,2,port1282,Tema,Ghana,GHA,2,2,0,0,1,4,5,0,55730,0,0,0,55730,55730,1925,0,0,0,0,1925,1925
2022-12-03 00:00:00+00:00,2022,12,3,port1282,Tema,Ghana,GHA,6,0,0,0,1,6,7,21090,0,0,0,0,21090,21090,1440,0,0,0,0,1440,1440
2022-12-04 00:00:00+00:00,2022,12,4,port1282,Tema,Ghana,GHA,1,0,0,0,0,1,1,10600,0,0,0,0,10600,10600,0,0,0,0,0,0,0
2022-12-05 00:00:00+00:00,2022,12,5,port1282,Tema,Ghana,GHA,3,1,0,0,0,4,4,37914,0,0,0,0,37914,37914,0,0,0,0,0,0,0
2022-12-06 00:00:00+00:00,2022,12,6,port1282,Tema,Ghana,GHA,2,1,0,0,0,3,3,0,41039,0,0,0,41039,41039,3592,0,0,0,0,3592,3592
2022-12-07 00:00:00+00:00,2022,12,7,port1282,Tema,Ghana,GHA,3,0,1,0,1,4,5,12045,0,1801,0,0,13846,13846,0,0,0,0,0,0,0
2022-12-08 00:00:00+00:00,2022,12,8,port1282,Tema,Ghana,GHA,3,0,0,0,0,3,3,20368,0,0,0,0,20368,20368,0,0,0,0,0,0,0
2022-12-09 00:00:00+00:00,2022,12,9,port1282,Tema,Ghana,GHA,2,0,0,0,0,2,2,5249,0,0,0,0,5249,5249,0,0,0,0,0,0,0
2022-12-10 00:00:00+00:00,2022,12,10,port1282,Tema,Ghana,GHA,3,2,0,0,0,5,5,17680,58785,0,0,0,76465,76465,20072,0,0,0,0,20072,20072
2022-12-11 00:00:00+00:00,2022,12,11,port1282,Tema,Ghana,GHA,3,0,0,0,0,3,3,6650,0,0,0,0,6650,6650,0,0,0,0,0,0,0
2022-12-12 00:00:00+00:00,2022,12,12,port1282,Tema,Ghana,GHA,2,0,0,1,1,3,4,15923,0,0,1146,22167,17069,39237,0,0,0,25,0,25,25
2022-12-13 00:00:00+00:00,2022,12,13,port1282,Tema,Ghana,GHA,3,4,0,0,0,7,7,12959,73647,0,0,0,86606,86606,1649,0,0,0,0,1649,1649
2022-12-14 00:00:00+00:00,2022,12,14,port1282,Tema,Ghana,GHA,1,1,1,0,0,3,3,1952,29578,566,0,0,32097,32097,0,0,0,0,0,0,0
2022-12-15 00:00:00+00:00,2022,12,15,port1282,Tema,Ghana,GHA,1,1,0,0,0,2,2,0,41692,0,0,0,41692,41692,4460,0,0,0,0,4460,4460
2022-12-16 00:00:00+00:00,2022,12,16,port1282,Tema,Ghana,GHA,2,0,0,0,0,2,2,13517,0,0,0,0,13517,13517,1440,0,0,0,0,1440,1440
2022-12-17 00:00:00+00:00,2022,12,17,port1282,Tema,Ghana,GHA,3,1,0,0,0,4,4,12394,549,0,0,0,12944,12944,2108,0,0,0,0,2108,2108
2022-12-18 00:00:00+00:00,2022,12,18,port1282,Tema,Ghana,GHA,3,1,0,0,0,4,4,8207,40857,0,0,0,49065,49065,5131,0,0,0,0,5131,5131
2022-12-19 00:00:00+00:00,2022,12,19,port1282,Tema,Ghana,GHA,2,1,0,0,2,3,5,15745,544,0,0,4312,16289,20601,0,0,0,0,1903,0,1903
2022-12-20 00:00:00+00:00,2022,12,20,port1282,Tema,Ghana,GHA,2,0,2,0,0,4,4,15951,0,840,0,0,16792,16792,0,0,1927,0,0,1927,1927
2022-12-21 00:00:00+00:00,2022,12,21,port1282,Tema,Ghana,GHA,1,1,0,0,0,2,2,0,20399,0,0,0,20399,20399,0,789,0,0,0,789,789
2022-12-22 00:00:00+00:00,2022,12,22,port1282,Tema,Ghana,GHA,1,1,0,0,0,2,2,2577,20399,0,0,0,22976,22976,0,789,0,0,0,789,789
2022-12-23 00:00:00+00:00,2022,12,23,port1282,Tema,Ghana,GHA,3,1,0,0,0,4,4,9935,24449,0,0,0,34385,34385,2916,0,0,0,0,2916,2916
2022-12-24 00:00:00+00:00,2022,12,24,port1282,Tema,Ghana,GHA,3,0,0,0,0,3,3,9070,0,0,0,0,9070,9070,6683,0,0,0,0,6683,6683
2022-12-25 00:00:00+00:00,2022,12,25,port1282,Tema,Ghana,GHA,0,1,0,0,0,1,1,0,11020,0,0,0,11020,11020,0,0,0,0,0,0,0
2022-12-26 00:00:00+00:00,2022,12,26,port1282,Tema,Ghana,GHA,5,1,1,0,0,7,7,25663,0,0,0,0,25663,25663,0,3884,905,0,0,4790,4790
2022-12-27 00:00:00+00:00,2022,12,27,port1282,Tema,Ghana,GHA,1,1,0,0,0,2,2,6069,12173,0,0,0,18243,18243,0,0,0,0,0,0,0
2022-12-28 00:00:00+00:00,2022,12,28,port1282,Tema,Ghana,GHA,0,1,1,0,1,2,3,0,40802,187,0,2620,40990,43610,0,0,0,0,0,0,0
2022-12-29 00:00:00+00:00,2022,12,29,port1282,Tema,Ghana,GHA,4,0,1,0,2,5,7,21746,0,245,0,4085,21992,26077,2880,0,0,0,10196,2880,13077
2022-12-30 00:00:00+00:00,2022,12,30,port1282,Tema,Ghana,GHA,3,2,0,0,0,5,5,14520,55366,0,0,0,69887,69887,0,789,0,0,0,789,789
2022-12-31 00:00:00+00:00,2022,12,31,port1282,Tema,Ghana,GHA,2,1,0,0,0,3,3,15672,49756,0,0,0,65429,65429,0,0,0,0,0,0,0
2023-01-01 00:00:00+00:00,2023,1,1,port1282,Tema,Ghana,GHA,1,1,0,0,0,2,2,6904,32157,0,0,0,39062,39062,0,0,0,0,0,0,0
2023-01-02 00:00:00+00:00,2023,1,2,port1282,Tema,Ghana,GHA,2,0,0,0,1,2,3,7938,0,0,0,4085,7938,12024,0,0,0,0,1903,0,1903
2023-01-03 00:00:00+00:00,2023,1,3,port1282,Tema,Ghana,GHA,2,2,0,0,0,4,4,15772,70692,0,0,0,86464,86464,0,0,0,0,0,0,0
2023-01-04 00:00:00+00:00,2023,1,4,port1282,Tema,Ghana,GHA,1,0,0,1,1,2,3,0,0,0,1146,0,1146,1146,0,0,0,25,14646,25,14672
2023-01-05 00:00:00+00:00,2023,1,5,port1282,Tema,Ghana,GHA,4,1,0,0,1,5,6,29134,2754,0,0,4085,31889,35974,1280,0,0,0,1903,1280,3183
2023-01-06 00:00:00+00:00,2023,1,6,port1282,Tema,Ghana,GHA,0,1,0,0,0,1,1,0,37515,0,0,0,37515,37515,0,0,0,0,0,0,0
2023-01-07 00:00:00+00:00,2023,1,7,port1282,Tema,Ghana,GHA,5,1,1,0,0,7,7,16806,0,925,0,0,17731,17731,3740,0,0,0,0,3740,3740
2023-01-08 00:00:00+00:00,2023,1,8,port1282,Tema,Ghana,GHA,2,1,1,0,0,4,4,3718,42778,12960,0,0,59457,59457,5970,0,0,0,0,5970,5970
2023-01-09 00:00:00+00:00,2023,1,9,port1282,Tema,Ghana,GHA,1,0,0,0,0,1,1,12476,0,0,0,0,12476,12476,0,0,0,0,0,0,0
2023-01-10 00:00:00+00:00,2023,1,10,port1282,Tema,Ghana,GHA,3,2,0,0,1,5,6,17337,38652,0,0,11233,55989,67223,33104,0,0,0,0,33104,33104
2023-01-11 00:00:00+00:00,2023,1,11,port1282,Tema,Ghana,GHA,2,1,0,1,0,4,4,9664,38566,0,0,0,48231,48231,0,0,0,0,0,0,0
2023-01-12 00:00:00+00:00,2023,1,12,port1282,Tema,Ghana,GHA,1,1,0,0,1,2,3,5625,42173,0,0,366,47798,48165,0,0,0,0,0,0,0
2023-01-13 00:00:00+00:00,2023,1,13,port1282,Tema,Ghana,GHA,2,0,0,1,1,3,4,8207,0,0,0,12222,8207,20429,7482,0,0,0,0,7482,7482
2023-01-14 00:00:00+00:00,2023,1,14,port1282,Tema,Ghana,GHA,1,0,0,1,1,2,3,2275,0,0,509,2826,2784,5611,0,0,0,0,0,0,0
2023-01-15 00:00:00+00:00,2023,1,15,port1282,Tema,Ghana,GHA,3,1,0,0,1,4,5,19361,0,0,0,4085,19361,23447,2880,0,0,0,1903,2880,4783
2023-01-16 00:00:00+00:00,2023,1,16,port1282,Tema,Ghana,GHA,2,2,0,0,0,4,4,16818,32100,0,0,0,48919,48919,0,0,0,0,0,0,0
2023-01-17 00:00:00+00:00,2023,1,17,port1282,Tema,Ghana,GHA,2,1,0,0,0,3,3,11769,6976,0,0,0,18745,18745,0,0,0,0,0,0,0
2023-01-18 00:00:00+00:00,2023,1,18,port1282,Tema,Ghana,GHA,2,1,0,0,0,3,3,14892,9436,0,0,0,24329,24329,0,0,0,0,0,0,0
2023-01-19 00:00:00+00:00,2023,1,19,port1282,Tema,Ghana,GHA,2,0,0,0,1,2,3,4626,0,0,0,0,4626,4626,4440,0,0,0,0,4440,4440
2023-01-20 00:00:00+00:00,2023,1,20,port1282,Tema,Ghana,GHA,4,0,1,0,1,5,6,18372,0,0,0,0,18372,18372,3525,0,4021,0,6026,7547,13574
2023-01-21 00:00:00+00:00,2023,1,21,port1282,Tema,Ghana,GHA,4,0,0,0,1,4,5,24454,0,0,0,0,24454,24454,732,0,0,0,0,732,732
2023-01-22 00:00:00+00:00,2023,1,22,port1282,Tema,Ghana,GHA,3,0,0,1,0,4,4,22066,0,0,0,0,22066,22066,0,0,0,0,0,0,0
2023-01-23 00:00:00+00:00,2023,1,23,port1282,Tema,Ghana,GHA,2,1,0,0,0,3,3,12558,39925,0,0,0,52484,52484,0,0,0,0,0,0,0
2023-01-24 00:00:00+00:00,2023,1,24,port1282,Tema,Ghana,GHA,0,1,1,0,0,2,2,0,49164,336,0,0,49500,49500,0,0,0,0,0,0,0
2023-01-25 00:00:00+00:00,2023,1,25,port1282,Tema,Ghana,GHA,0,1,1,0,0,2,2,0,0,1132,0,0,1132,1132,0,0,0,0,0,0,0
2023-01-26 00:00:00+00:00,2023,1,26,port1282,Tema,Ghana,GHA,3,2,0,0,1,5,6,10282,74296,0,0,0,84579,84579,633,0,0,0,8245,633,8878
2023-01-27 00:00:00+00:00,2023,1,27,port1282,Tema,Ghana,GHA,0,1,0,0,1,1,2,0,11403,0,0,0,11403,11403,0,0,0,0,0,0,0
2023-01-28 00:00:00+00:00,2023,1,28,port1282,Tema,Ghana,GHA,3,1,0,0,0,4,4,6804,20399,0,0,0,27204,27204,726,789,0,0,0,1515,1515
2023-01-29 00:00:00+00:00,2023,1,29,port1282,Tema,Ghana,GHA,4,2,1,0,0,7,7,15107,0,0,0,0,15107,15107,0,18040,0,0,0,18040,18040
2023-01-30 00:00:00+00:00,2023,1,30,port1282,Tema,Ghana,GHA,3,0,0,0,0,3,3,14671,0,0,0,0,14671,14671,0,0,0,0,0,0,0
2023-01-31 00:00:00+00:00,2023,1,31,port1282,Tema,Ghana,GHA,2,1,0,0,1,3,4,8207,4720,0,0,0,12927,12927,1440,0,0,0,0,1440,1440
2023-02-01 00:00:00+00:00,2023,2,1,port1282,Tema,Ghana,GHA,1,2,1,0,0,4,4,8207,4523,299,0,0,13029,13029,1440,51216,0,0,0,52656,52656
2023-02-02 00:00:00+00:00,2023,2,2,port1282,Tema,Ghana,GHA,3,0,0,0,0,3,3,12739,0,0,0,0,12739,12739,8425,0,0,0,0,8425,8425
2023-02-03 00:00:00+00:00,2023,2,3,port1282,Tema,Ghana,GHA,3,1,0,0,0,4,4,9679,0,0,0,0,9679,9679,0,0,0,0,0,0,0
2023-02-04 00:00:00+00:00,2023,2,4,port1282,Tema,Ghana,GHA,3,2,0,0,0,5,5,12813,31572,0,0,0,44386,44386,1440,0,0,0,0,1440,1440
2023-02-05 00:00:00+00:00,2023,2,5,port1282,Tema,Ghana,GHA,2,0,0,0,0,2,2,1724,0,0,0,0,1724,1724,1298,0,0,0,0,1298,1298
2023-02-06 00:00:00+00:00,2023,2,6,port1282,Tema,Ghana,GHA,0,1,0,0,0,1,1,0,47291,0,0,0,47291,47291,0,0,0,0,0,0,0
2023-02-07 00:00:00+00:00,2023,2,7,port1282,Tema,Ghana,GHA,3,1,0,0,1,4,5,28957,0,0,0,504,28957,29461,4429,0,0,0,0,4429,4429
2023-02-08 00:00:00+00:00,2023,2,8,port1282,Tema,Ghana,GHA,1,1,0,0,1,2,3,0,19835,0,0,0,19835,19835,1936,0,0,0,0,1936,1936
2023-02-09 00:00:00+00:00,2023,2,9,port1282,Tema,Ghana,GHA,4,1,0,0,1,5,6,12107,9023,0,0,1416,21130,22547,646,0,0,0,0,646,646
2023-02-10 00:00:00+00:00,2023,2,10,port1282,Tema,Ghana,GHA,1,1,0,0,0,2,2,13845,27390,0,0,0,41236,41236,0,0,0,0,0,0,0
2023-02-11 00:00:00+00:00,2023,2,11,port1282,Tema,Ghana,GHA,3,0,0,0,2,3,5,10363,0,0,0,0,10363,10363,0,0,0,0,5871,0,5871
2023-02-12 00:00:00+00:00,2023,2,12,port1282,Tema,Ghana,GHA,3,0,0,0,0,3,3,13511,0,0,0,0,13511,13511,0,0,0,0,0,0,0
2023-02-13 00:00:00+00:00,2023,2,13,port1282,Tema,Ghana,GHA,2,2,0,0,0,4,4,2711,49766,0,0,0,52477,52477,2814,0,0,0,0,2814,2814
2023-02-14 00:00:00+00:00,2023,2,14,port1282,Tema,Ghana,GHA,3,0,0,0,1,3,4,29693,0,0,0,0,29693,29693,1440,0,0,0,0,1440,1440
2023-02-15 00:00:00+00:00,2023,2,15,port1282,Tema,Ghana,GHA,1,0,1,0,0,2,2,2178,0,918,0,0,3097,3097,0,0,0,0,0,0,0
2023-02-16 00:00:00+00:00,2023,2,16,port1282,Tema,Ghana,GHA,3,0,0,0,1,3,4,9929,0,0,0,18051,9929,27980,27,0,0,0,0,27,27
2023-02-17 00:00:00+00:00,2023,2,17,port1282,Tema,Ghana,GHA,2,1,0,1,0,4,4,16275,1141,0,1701,0,19119,19119,0,0,0,0,0,0,0
2023-02-18 00:00:00+00:00,2023,2,18,port1282,Tema,Ghana,GHA,3,0,0,1,1,4,5,871,0,0,190,0,1062,1062,720,0,0,0,0,720,720
2023-02-19 00:00:00+00:00,2023,2,19,port1282,Tema,Ghana,GHA,0,2,0,0,0,2,2,0,20446,0,0,0,20446,20446,0,0,0,0,0,0,0
2023-02-20 00:00:00+00:00,2023,2,20,port1282,Tema,Ghana,GHA,2,0,0,0,2,2,4,9242,0,0,0,11204,9242,20446,0,0,0,0,2742,0,2742
2023-02-21 00:00:00+00:00,2023,2,21,port1282,Tema,Ghana,GHA,3,0,1,0,0,4,4,17228,0,0,0,0,17228,17228,1440,0,0,0,0,1440,1440
2023-02-22 00:00:00+00:00,2023,2,22,port1282,Tema,Ghana,GHA,0,0,1,0,0,1,1,0,0,0,0,0,0,0,0,0,2110,0,0,2110,2110
2023-02-23 00:00:00+00:00,2023,2,23,port1282,Tema,Ghana,GHA,2,1,0,0,0,3,3,3033,45787,0,0,0,48821,48821,0,0,0,0,0,0,0
2023-02-24 00:00:00+00:00,2023,2,24,port1282,Tema,Ghana,GHA,1,0,0,0,0,1,1,3448,0,0,0,0,3448,3448,0,0,0,0,0,0,0
2023-02-25 00:00:00+00:00,2023,2,25,port1282,Tema,Ghana,GHA,4,1,0,0,0,5,5,12026,0,0,0,0,12026,12026,0,0,0,0,0,0,0
2023-02-26 00:00:00+00:00,2023,2,26,port1282,Tema,Ghana,GHA,3,0,0,0,0,3,3,15410,0,0,0,0,15410,15410,1440,0,0,0,0,1440,1440
2023-02-27 00:00:00+00:00,2023,2,27,port1282,Tema,Ghana,GHA,1,0,0,0,0,1,1,0,0,0,0,0,0,0,0,0,0,0,0,0,0
2023-02-28 00:00:00+00:00,2023,2,28,port1282,Tema,Ghana,GHA,2,0,0,0,1,2,3,13017,0,0,0,2322,13017,15340,0,0,0,0,0,0,0
2023-03-01 00:00:00+00:00,2023,3,1,port1282,Tema,Ghana,GHA,0,2,0,0,0,2,2,0,1944,0,0,0,1944,1944,0,0,0,0,0,0,0
2023-03-02 00:00:00+00:00,2023,3,2,port1282,Tema,Ghana,GHA,3,1,0,0,1,4,5,17120,20399,0,0,16845,37519,54365,1450,789,0,0,0,2240,2240
2023-03-03 00:00:00+00:00,2023,3,3,port1282,Tema,Ghana,GHA,1,0,0,0,0,1,1,6484,0,0,0,0,6484,6484,0,0,0,0,0,0,0
2023-03-04 00:00:00+00:00,2023,3,4,port1282,Tema,Ghana,GHA,2,1,0,0,0,3,3,16092,20399,0,0,0,36491,36491,1440,789,0,0,0,2229,2229
2023-03-05 00:00:00+00:00,2023,3,5,port1282,Tema,Ghana,GHA,2,2,0,0,2,4,6,9286,46442,0,0,13935,55729,69665,14946,0,0,0,1903,14946,16850
2023-03-06 00:00:00+00:00,2023,3,6,port1282,Tema,Ghana,GHA,1,1,0,0,0,2,2,1049,22057,0,0,0,23107,23107,0,0,0,0,0,0,0
2023-03-07 00:00:00+00:00,2023,3,7,port1282,Tema,Ghana,GHA,3,0,1,0,1,4,5,0,0,2084,0,410,2084,2495,5048,0,775,0,0,5824,5824
2023-03-08 00:00:00+00:00,2023,3,8,port1282,Tema,Ghana,GHA,1,0,1,0,0,2,2,7201,0,589,0,0,7790,7790,0,0,0,0,0,0,0
2023-03-09 00:00:00+00:00,2023,3,9,port1282,Tema,Ghana,GHA,3,1,0,0,1,4,5,24213,28812,0,0,1416,53025,54441,1440,0,0,0,0,1440,1440
2023-03-10 00:00:00+00:00,2023,3,10,port1282,Tema,Ghana,GHA,4,1,1,0,0,6,6,12191,11703,0,0,0,23895,23895,1440,0,0,0,0,1440,1440
2023-03-11 00:00:00+00:00,2023,3,11,port1282,Tema,Ghana,GHA,1,0,0,0,1,1,2,0,0,0,0,20418,0,20418,753,0,0,0,0,753,753
2023-03-12 00:00:00+00:00,2023,3,12,port1282,Tema,Ghana,GHA,2,0,0,0,0,2,2,3279,0,0,0,0,3279,3279,3332,0,0,0,0,3332,3332
2023-03-13 00:00:00+00:00,2023,3,13,port1282,Tema,Ghana,GHA,2,1,0,0,0,3,3,8207,0,0,0,0,8207,8207,6545,0,0,0,0,6545,6545
2023-03-14 00:00:00+00:00,2023,3,14,port1282,Tema,Ghana,GHA,3,0,0,0,0,3,3,16330,0,0,0,0,16330,16330,1440,0,0,0,0,1440,1440
2023-03-15 00:00:00+00:00,2023,3,15,port1282,Tema,Ghana,GHA,3,1,1,0,0,5,5,11533,36257,1200,0,0,48991,48991,3896,0,53,0,0,3950,3950
2023-03-16 00:00:00+00:00,2023,3,16,port1282,Tema,Ghana,GHA,3,0,0,0,1,3,4,16589,0,0,0,733,16589,17323,1440,0,0,0,0,1440,1440
2023-03-17 00:00:00+00:00,2023,3,17,port1282,Tema,Ghana,GHA,3,1,0,1,1,5,6,22421,14955,0,0,216,37377,37593,27,0,0,0,0,27,27
2023-03-18 00:00:00+00:00,2023,3,18,port1282,Tema,Ghana,GHA,2,0,0,1,0,3,3,12739,0,0,3996,0,16735,16735,1440,0,0,0,0,1440,1440
2023-03-19 00:00:00+00:00,2023,3,19,port1282,Tema,Ghana,GHA,4,2,0,0,0,6,6,14620,62988,0,0,0,77608,77608,9606,789,0,0,0,10396,10396
2023-03-20 00:00:00+00:00,2023,3,20,port1282,Tema,Ghana,GHA,0,0,0,1,1,1,2,0,0,0,2718,0,2718,2718,0,0,0,0,0,0,0
2023-03-21 00:00:00+00:00,2023,3,21,port1282,Tema,Ghana,GHA,1,0,0,0,0,1,1,8207,0,0,0,0,8207,8207,1440,0,0,0,0,1440,1440
2023-03-22 00:00:00+00:00,2023,3,22,port1282,Tema,Ghana,GHA,0,0,0,0,0,0,0,0,0,0,0,0,0,0,0,0,0,0,0,0,0
2023-03-23 00:00:00+00:00,2023,3,23,port1282,Tema,Ghana,GHA,2,2,0,0,0,4,4,11894,81449,0,0,0,93343,93343,0,0,0,0,0,0,0
2023-03-24 00:00:00+00:00,2023,3,24,port1282,Tema,Ghana,GHA,2,0,0,0,0,2,2,5132,0,0,0,0,5132,5132,0,0,0,0,0,0,0
2023-03-25 00:00:00+00:00,2023,3,25,port1282,Tema,Ghana,GHA,3,2,0,0,0,5,5,10581,4605,0,0,0,15186,15186,0,19729,0,0,0,19729,19729
2023-03-26 00:00:00+00:00,2023,3,26,port1282,Tema,Ghana,GHA,1,1,0,0,0,2,2,8207,40448,0,0,0,48655,48655,1440,0,0,0,0,1440,1440
2023-03-27 00:00:00+00:00,2023,3,27,port1282,Tema,Ghana,GHA,2,0,0,0,1,2,3,14017,0,0,0,0,14017,14017,1400,0,0,0,0,1400,1400
2023-03-28 00:00:00+00:00,2023,3,28,port1282,Tema,Ghana,GHA,1,1,0,0,0,2,2,0,40917,0,0,0,40917,40917,3899,0,0,0,0,3899,3899
2023-03-29 00:00:00+00:00,2023,3,29,port1282,Tema,Ghana,GHA,1,0,0,0,1,1,2,8207,0,0,0,950,8207,9157,1440,0,0,0,0,1440,1440
2023-03-30 00:00:00+00:00,2023,3,30,port1282,Tema,Ghana,GHA,2,0,0,0,0,2,2,0,0,0,0,0,0,0,5447,0,0,0,0,5447,5447
2023-03-31 00:00:00+00:00,2023,3,31,port1282,Tema,Ghana,GHA,4,0,0,0,0,4,4,18684,0,0,0,0,18684,18684,1956,0,0,0,0,1956,1956
2023-04-01 00:00:00+00:00,2023,4,1,port1282,Tema,Ghana,GHA,5,0,0,0,1,5,6,20494,0,0,0,14504,20494,34998,0,0,0,0,0,0,0
2023-04-02 00:00:00+00:00,2023,4,2,port1282,Tema,Ghana,GHA,1,1,0,0,0,2,2,863,0,0,0,0,863,863,27,31722,0,0,0,31750,31750
2023-04-03 00:00:00+00:00,2023,4,3,port1282,Tema,Ghana,GHA,4,0,0,0,0,4,4,23015,0,0,0,0,23015,23015,2880,0,0,0,0,2880,2880
2023-04-04 00:00:00+00:00,2023,4,4,port1282,Tema,Ghana,GHA,2,1,0,0,1,3,4,17019,23885,0,0,1470,40905,42375,1440,0,0,0,0,1440,1440
2023-04-05 00:00:00+00:00,2023,4,5,port1282,Tema,Ghana,GHA,1,0,0,0,0,1,1,1567,0,0,0,0,1567,1567,0,0,0,0,0,0,0
2023-04-06 00:00:00+00:00,2023,4,6,port1282,Tema,Ghana,GHA,3,1,0,0,0,4,4,23976,0,0,0,0,23976,23976,1440,16598,0,0,0,18038,18038
2023-04-07 00:00:00+00:00,2023,4,7,port1282,Tema,Ghana,GHA,0,0,0,0,1,0,1,0,0,0,0,0,0,0,0,0,0,0,0,0,0
2023-04-08 00:00:00+00:00,2023,4,8,port1282,Tema,Ghana,GHA,2,1,1,0,0,4,4,9927,0,0,0,0,9927,9927,1440,0,1581,0,0,3021,3021
2023-04-09 00:00:00+00:00,2023,4,9,port1282,Tema,Ghana,GHA,4,0,0,0,0,4,4,16354,0,0,0,0,16354,16354,3452,0,0,0,0,3452,3452
2023-04-10 00:00:00+00:00,2023,4,10,port1282,Tema,Ghana,GHA,2,0,0,0,0,2,2,9859,0,0,0,0,9859,9859,0,0,0,0,0,0,0
2023-04-11 00:00:00+00:00,2023,4,11,port1282,Tema,Ghana,GHA,1,0,0,0,0,1,1,7539,0,0,0,0,7539,7539,0,0,0,0,0,0,0
2023-04-12 00:00:00+00:00,2023,4,12,port1282,Tema,Ghana,GHA,1,0,0,0,1,1,2,8207,0,0,0,0,8207,8207,1440,0,0,0,0,1440,1440
2023-04-13 00:00:00+00:00,2023,4,13,port1282,Tema,Ghana,GHA,2,2,0,1,0,5,5,18584,57862,0,0,0,76447,76447,1440,0,0,0,0,1440,1440
2023-04-14 00:00:00+00:00,2023,4,14,port1282,Tema,Ghana,GHA,3,1,0,0,0,4,4,16229,5452,0,0,0,21682,21682,1467,0,0,0,0,1467,1467
2023-04-15 00:00:00+00:00,2023,4,15,port1282,Tema,Ghana,GHA,4,1,1,0,0,6,6,16531,37801,1200,0,0,55532,55532,5427,0,53,0,0,5481,5481
2023-04-16 00:00:00+00:00,2023,4,16,port1282,Tema,Ghana,GHA,3,0,1,0,1,4,5,17932,0,0,0,0,17932,17932,0,0,3948,0,0,3948,3948
2023-04-17 00:00:00+00:00,2023,4,17,port1282,Tema,Ghana,GHA,0,1,0,0,0,1,1,0,4424,0,0,0,4424,4424,0,0,0,0,0,0,0
2023-04-18 00:00:00+00:00,2023,4,18,port1282,Tema,Ghana,GHA,1,0,0,0,1,1,2,8207,0,0,0,0,8207,8207,1440,0,0,0,0,1440,1440
2023-04-19 00:00:00+00:00,2023,4,19,port1282,Tema,Ghana,GHA,0,2,0,0,0,2,2,0,40259,0,0,0,40259,40259,0,0,0,0,0,0,0
2023-04-20 00:00:00+00:00,2023,4,20,port1282,Tema,Ghana,GHA,3,0,1,0,0,4,4,22233,0,1848,0,0,24081,24081,0,0,0,0,0,0,0
2023-04-21 00:00:00+00:00,2023,4,21,port1282,Tema,Ghana,GHA,5,1,0,0,1,6,7,16058,27815,0,0,1269,43873,45143,0,0,0,0,0,0,0
2023-04-22 00:00:00+00:00,2023,4,22,port1282,Tema,Ghana,GHA,3,0,1,0,0,4,4,18521,0,0,0,0,18521,18521,0,0,144,0,0,144,144
2023-04-23 00:00:00+00:00,2023,4,23,port1282,Tema,Ghana,GHA,2,0,1,0,0,3,3,17034,0,1535,0,0,18570,18570,0,0,0,0,0,0,0
2023-04-24 00:00:00+00:00,2023,4,24,port1282,Tema,Ghana,GHA,3,0,0,0,0,3,3,12152,0,0,0,0,12152,12152,0,0,0,0,0,0,0
2023-04-25 00:00:00+00:00,2023,4,25,port1282,Tema,Ghana,GHA,1,2,0,0,0,3,3,8207,90747,0,0,0,98954,98954,1440,0,0,0,0,1440,1440
2023-04-26 00:00:00+00:00,2023,4,26,port1282,Tema,Ghana,GHA,1,1,0,0,1,2,3,8819,5758,0,0,4012,14578,18590,0,0,0,0,0,0,0
2023-04-27 00:00:00+00:00,2023,4,27,port1282,Tema,Ghana,GHA,3,2,2,0,0,7,7,21637,13790,1544,0,0,36972,36972,0,0,186,0,0,186,186
2023-04-28 00:00:00+00:00,2023,4,28,port1282,Tema,Ghana,GHA,3,2,0,0,0,5,5,15668,22383,0,0,0,38052,38052,1702,0,0,0,0,1702,1702
2023-04-29 00:00:00+00:00,2023,4,29,port1282,Tema,Ghana,GHA,2,0,0,0,0,2,2,8207,0,0,0,0,8207,8207,2566,0,0,0,0,2566,2566
2023-04-30 00:00:00+00:00,2023,4,30,port1282,Tema,Ghana,GHA,4,2,0,0,1,6,7,37980,20937,0,0,12244,58918,71163,1440,0,0,0,0,1440,1440
2023-05-01 00:00:00+00:00,2023,5,1,port1282,Tema,Ghana,GHA,2,0,0,0,0,2,2,21403,0,0,0,0,21403,21403,1440,0,0,0,0,1440,1440
2023-05-02 00:00:00+00:00,2023,5,2,port1282,Tema,Ghana,GHA,2,0,0,0,2,2,4,15507,0,0,0,22644,15507,38152,0,0,0,0,839,0,839
2023-05-03 00:00:00+00:00,2023,5,3,port1282,Tema,Ghana,GHA,2,1,0,0,0,3,3,0,0,0,0,0,0,0,2903,0,0,0,0,2903,2903
2023-05-04 00:00:00+00:00,2023,5,4,port1282,Tema,Ghana,GHA,2,2,0,0,0,4,4,12751,16990,0,0,0,29742,29742,0,0,0,0,0,0,0
2023-05-05 00:00:00+00:00,2023,5,5,port1282,Tema,Ghana,GHA,1,0,0,0,1,1,2,0,0,0,0,16758,0,16758,5687,0,0,0,0,5687,5687
2023-05-06 00:00:00+00:00,2023,5,6,port1282,Tema,Ghana,GHA,2,1,1,0,0,4,4,8892,0,0,0,0,8892,8892,0,18717,0,0,0,18717,18717
2023-05-07 00:00:00+00:00,2023,5,7,port1282,Tema,Ghana,GHA,3,1,1,0,0,5,5,13358,40801,1200,0,0,55359,55359,0,0,53,0,0,53,53
2023-05-08 00:00:00+00:00,2023,5,8,port1282,Tema,Ghana,GHA,2,0,0,0,1,2,3,24814,0,0,0,4085,24814,28899,1440,0,0,0,1903,1440,3343
2023-05-09 00:00:00+00:00,2023,5,9,port1282,Tema,Ghana,GHA,1,0,1,1,0,3,3,8988,0,2016,0,0,11004,11004,0,0,0,0,0,0,0
2023-05-10 00:00:00+00:00,2023,5,10,port1282,Tema,Ghana,GHA,3,1,0,0,0,4,4,2066,0,0,0,0,2066,2066,6474,0,0,0,0,6474,6474
2023-05-11 00:00:00+00:00,2023,5,11,port1282,Tema,Ghana,GHA,3,0,0,0,1,3,4,11255,0,0,0,12878,11255,24134,1550,0,0,0,0,1550,1550
2023-05-12 00:00:00+00:00,2023,5,12,port1282,Tema,Ghana,GHA,3,1,0,0,0,4,4,21162,44315,0,0,0,65477,65477,0,0,0,0,0,0,0
2023-05-13 00:00:00+00:00,2023,5,13,port1282,Tema,Ghana,GHA,1,1,0,0,1,2,3,8207,475,0,0,0,8682,8682,1440,0,0,0,0,1440,1440
2023-05-14 00:00:00+00:00,2023,5,14,port1282,Tema,Ghana,GHA,3,0,0,0,0,3,3,40095,0,0,0,0,40095,40095,0,0,0,0,0,0,0
2023-05-15 00:00:00+00:00,2023,5,15,port1282,Tema,Ghana,GHA,2,2,0,0,0,4,4,0,78162,0,0,0,78162,78162,1478,0,0,0,0,1478,1478
2023-05-16 00:00:00+00:00,2023,5,16,port1282,Tema,Ghana,GHA,1,1,0,0,0,2,2,2180,0,0,0,0,2180,2180,0,48103,0,0,0,48103,48103
2023-05-17 00:00:00+00:00,2023,5,17,port1282,Tema,Ghana,GHA,0,2,1,0,1,3,4,0,0,2084,0,0,2084,2084,0,0,775,0,0,775,775
2023-05-18 00:00:00+00:00,2023,5,18,port1282,Tema,Ghana,GHA,4,0,0,0,0,4,4,17323,0,0,0,0,17323,17323,7899,0,0,0,0,7899,7899
2023-05-19 00:00:00+00:00,2023,5,19,port1282,Tema,Ghana,GHA,4,2,1,0,0,7,7,25950,45935,1590,0,0,73475,73475,1467,0,0,0,0,1467,1467
2023-05-20 00:00:00+00:00,2023,5,20,port1282,Tema,Ghana,GHA,2,1,1,0,2,4,6,14870,28820,1404,0,4085,45095,49181,0,0,0,0,1903,0,1903
2023-05-21 00:00:00+00:00,2023,5,21,port1282,Tema,Ghana,GHA,3,0,0,0,0,3,3,25454,0,0,0,0,25454,25454,0,0,0,0,0,0,0
2023-05-22 00:00:00+00:00,2023,5,22,port1282,Tema,Ghana,GHA,4,1,1,0,0,6,6,30720,38276,832,0,0,69829,69829,1440,0,0,0,0,1440,1440
2023-05-23 00:00:00+00:00,2023,5,23,port1282,Tema,Ghana,GHA,1,0,1,0,0,2,2,0,0,250,0,0,250,250,5590,0,0,0,0,5590,5590
2023-05-24 00:00:00+00:00,2023,5,24,port1282,Tema,Ghana,GHA,2,1,0,0,1,3,4,20145,40871,0,0,0,61017,61017,0,0,0,0,0,0,0
2023-05-25 00:00:00+00:00,2023,5,25,port1282,Tema,Ghana,GHA,4,0,0,0,1,4,5,14801,0,0,0,841,14801,15643,1440,0,0,0,0,1440,1440
2023-05-26 00:00:00+00:00,2023,5,26,port1282,Tema,Ghana,GHA,1,1,0,0,1,2,3,7058,39328,0,0,7119,46387,53506,0,0,0,0,839,0,839
2023-05-27 00:00:00+00:00,2023,5,27,port1282,Tema,Ghana,GHA,3,0,1,0,0,4,4,8637,0,922,0,0,9559,9559,2648,0,0,0,0,2648,2648
2023-05-28 00:00:00+00:00,2023,5,28,port1282,Tema,Ghana,GHA,1,1,0,0,0,2,2,10562,40783,0,0,0,51346,51346,0,0,0,0,0,0,0
2023-05-29 00:00:00+00:00,2023,5,29,port1282,Tema,Ghana,GHA,0,3,0,0,0,3,3,0,5802,0,0,0,5802,5802,0,0,0,0,0,0,0
2023-05-30 00:00:00+00:00,2023,5,30,port1282,Tema,Ghana,GHA,1,0,0,0,0,1,1,0,0,0,0,0,0,0,1514,0,0,0,0,1514,1514
2023-05-31 00:00:00+00:00,2023,5,31,port1282,Tema,Ghana,GHA,4,0,0,0,0,4,4,38617,0,0,0,0,38617,38617,0,0,0,0,0,0,0
2023-06-01 00:00:00+00:00,2023,6,1,port1282,Tema,Ghana,GHA,2,1,0,1,1,4,5,19258,1352,0,0,0,20610,20610,0,0,0,0,0,0,0
2023-06-02 00:00:00+00:00,2023,6,2,port1282,Tema,Ghana,GHA,2,1,1,0,0,4,4,872,38655,164,0,0,39692,39692,0,0,0,0,0,0,0
2023-06-03 00:00:00+00:00,2023,6,3,port1282,Tema,Ghana,GHA,3,0,1,0,0,4,4,11054,0,0,0,0,11054,11054,0,0,1216,0,0,1216,1216
2023-06-04 00:00:00+00:00,2023,6,4,port1282,Tema,Ghana,GHA,2,1,0,0,1,3,4,15759,0,0,0,20493,15759,36253,1440,0,0,0,0,1440,1440
2023-06-05 00:00:00+00:00,2023,6,5,port1282,Tema,Ghana,GHA,0,0,0,0,0,0,0,0,0,0,0,0,0,0,0,0,0,0,0,0,0
2023-06-06 00:00:00+00:00,2023,6,6,port1282,Tema,Ghana,GHA,2,1,0,0,0,3,3,14200,43925,0,0,0,58126,58126,1440,0,0,0,0,1440,1440
2023-06-07 00:00:00+00:00,2023,6,7,port1282,Tema,Ghana,GHA,3,1,0,0,0,4,4,16989,39044,0,0,0,56034,56034,0,0,0,0,0,0,0
2023-06-08 00:00:00+00:00,2023,6,8,port1282,Tema,Ghana,GHA,1,1,0,0,1,2,3,4577,16045,0,0,3572,20623,24196,0,0,0,0,0,0,0
2023-06-09 00:00:00+00:00,2023,6,9,port1282,Tema,Ghana,GHA,4,1,0,1,0,6,6,13399,37487,0,1019,0,51906,51906,21069,0,0,0,0,21069,21069
2023-06-10 00:00:00+00:00,2023,6,10,port1282,Tema,Ghana,GHA,3,1,0,0,0,4,4,26418,49270,0,0,0,75688,75688,0,0,0,0,0,0,0
2023-06-11 00:00:00+00:00,2023,6,11,port1282,Tema,Ghana,GHA,2,2,0,0,1,4,5,18634,53363,0,0,13991,71997,85989,0,0,0,0,0,0,0
2023-06-12 00:00:00+00:00,2023,6,12,port1282,Tema,Ghana,GHA,1,1,0,0,2,2,4,2861,0,0,0,10241,2861,13102,0,0,0,0,5087,0,5087
2023-06-13 00:00:00+00:00,2023,6,13,port1282,Tema,Ghana,GHA,3,1,0,0,0,4,4,18493,38170,0,0,0,56663,56663,655,0,0,0,0,655,655
2023-06-14 00:00:00+00:00,2023,6,14,port1282,Tema,Ghana,GHA,2,1,0,0,0,3,3,3705,20399,0,0,0,24104,24104,0,789,0,0,0,789,789
2023-06-15 00:00:00+00:00,2023,6,15,port1282,Tema,Ghana,GHA,3,0,0,0,1,3,4,17690,0,0,0,30007,17690,47697,2615,0,0,0,0,2615,2615
2023-06-16 00:00:00+00:00,2023,6,16,port1282,Tema,Ghana,GHA,3,2,0,0,0,5,5,25857,58895,0,0,0,84752,84752,0,789,0,0,0,789,789
2023-06-17 00:00:00+00:00,2023,6,17,port1282,Tema,Ghana,GHA,4,1,0,0,0,5,5,15537,0,0,0,0,15537,15537,0,0,0,0,0,0,0
2023-06-18 00:00:00+00:00,2023,6,18,port1282,Tema,Ghana,GHA,3,0,0,0,1,3,4,27139,0,0,0,0,27139,27139,0,0,0,0,0,0,0
2023-06-19 00:00:00+00:00,2023,6,19,port1282,Tema,Ghana,GHA,0,0,0,0,0,0,0,0,0,0,0,0,0,0,0,0,0,0,0,0,0
2023-06-20 00:00:00+00:00,2023,6,20,port1282,Tema,Ghana,GHA,3,0,1,0,0,4,4,48015,0,6001,0,0,54017,54017,0,0,0,0,0,0,0
2023-06-21 00:00:00+00:00,2023,6,21,port1282,Tema,Ghana,GHA,2,0,0,0,1,2,3,2638,0,0,0,0,2638,2638,27,0,0,0,2655,27,2682
2023-06-22 00:00:00+00:00,2023,6,22,port1282,Tema,Ghana,GHA,0,0,0,0,1,0,1,0,0,0,0,8583,0,8583,0,0,0,0,0,0,0
2023-06-23 00:00:00+00:00,2023,6,23,port1282,Tema,Ghana,GHA,3,1,0,0,0,4,4,26039,20790,0,0,0,46829,46829,2880,0,0,0,0,2880,2880
2023-06-24 00:00:00+00:00,2023,6,24,port1282,Tema,Ghana,GHA,3,1,0,0,0,4,4,15331,0,0,0,0,15331,15331,739,12504,0,0,0,13244,13244
2023-06-25 00:00:00+00:00,2023,6,25,port1282,Tema,Ghana,GHA,1,1,0,0,1,2,3,14123,20697,0,0,7119,34821,41940,0,0,0,0,839,0,839
2023-06-26 00:00:00+00:00,2023,6,26,port1282,Tema,Ghana,GHA,3,1,0,0,0,4,4,17204,0,0,0,0,17204,17204,0,0,0,0,0,0,0
2023-06-27 00:00:00+00:00,2023,6,27,port1282,Tema,Ghana,GHA,2,0,0,0,0,2,2,0,0,0,0,0,0,0,10225,0,0,0,0,10225,10225
2023-06-28 00:00:00+00:00,2023,6,28,port1282,Tema,Ghana,GHA,1,0,0,0,0,1,1,20750,0,0,0,0,20750,20750,0,0,0,0,0,0,0
2023-06-29 00:00:00+00:00,2023,6,29,port1282,Tema,Ghana,GHA,3,1,0,0,0,4,4,17793,7932,0,0,0,25725,25725,3484,0,0,0,0,3484,3484
2023-06-30 00:00:00+00:00,2023,6,30,port1282,Tema,Ghana,GHA,3,2,1,0,0,6,6,38210,90634,3592,0,0,132437,132437,0,0,0,0,0,0,0
2023-07-01 00:00:00+00:00,2023,7,1,port1282,Tema,Ghana,GHA,4,0,0,0,1,4,5,24242,0,0,0,0,24242,24242,1440,0,0,0,0,1440,1440
2023-07-02 00:00:00+00:00,2023,7,2,port1282,Tema,Ghana,GHA,3,1,0,0,0,4,4,37512,16445,0,0,0,53958,53958,0,0,0,0,0,0,0
2023-07-03 00:00:00+00:00,2023,7,3,port1282,Tema,Ghana,GHA,1,1,0,0,0,2,2,2630,2147,0,0,0,4778,4778,0,0,0,0,0,0,0
2023-07-04 00:00:00+00:00,2023,7,4,port1282,Tema,Ghana,GHA,5,2,1,0,1,8,9,34445,69017,9701,0,8583,113163,121747,18265,0,0,0,0,18265,18265
2023-07-05 00:00:00+00:00,2023,7,5,port1282,Tema,Ghana,GHA,0,0,2,0,0,2,2,0,0,5956,0,0,5956,5956,0,0,775,0,0,775,775
2023-07-06 00:00:00+00:00,2023,7,6,port1282,Tema,Ghana,GHA,4,2,0,0,0,6,6,80516,74715,0,0,0,155232,155232,0,0,0,0,0,0,0
2023-07-07 00:00:00+00:00,2023,7,7,port1282,Tema,Ghana,GHA,2,1,0,0,0,3,3,13254,50540,0,0,0,63794,63794,0,0,0,0,0,0,0
2023-07-08 00:00:00+00:00,2023,7,8,port1282,Tema,Ghana,GHA,3,1,0,0,3,4,7,15283,1675,0,0,20468,16958,37427,10028,0,0,0,1811,10028,11840
2023-07-09 00:00:00+00:00,2023,7,9,port1282,Tema,Ghana,GHA,2,1,0,0,0,3,3,9872,44428,0,0,0,54300,54300,0,0,0,0,0,0,0
2023-07-10 00:00:00+00:00,2023,7,10,port1282,Tema,Ghana,GHA,1,0,1,1,1,3,4,10312,0,0,0,28967,10312,39279,0,0,295,0,0,295,295
2023-07-11 00:00:00+00:00,2023,7,11,port1282,Tema,Ghana,GHA,3,1,0,0,0,4,4,22028,38875,0,0,0,60903,60903,1440,0,0,0,0,1440,1440
2023-07-12 00:00:00+00:00,2023,7,12,port1282,Tema,Ghana,GHA,2,2,0,0,0,4,4,44640,20218,0,0,0,64858,64858,0,0,0,0,0,0,0
2023-07-13 00:00:00+00:00,2023,7,13,port1282,Tema,Ghana,GHA,2,0,0,0,0,2,2,14148,0,0,0,0,14148,14148,645,0,0,0,0,645,645
2023-07-14 00:00:00+00:00,2023,7,14,port1282,Tema,Ghana,GHA,3,1,1,0,1,5,6,20656,16779,2084,0,0,39521,39521,3483,0,775,0,1472,4259,5731
2023-07-15 00:00:00+00:00,2023,7,15,port1282,Tema,Ghana,GHA,5,1,0,0,1,6,7,21630,26251,0,0,0,47881,47881,4674,0,0,0,0,4674,4674
2023-07-16 00:00:00+00:00,2023,7,16,port1282,Tema,Ghana,GHA,2,0,0,0,0,2,2,27708,0,0,0,0,27708,27708,0,0,0,0,0,0,0
2023-07-17 00:00:00+00:00,2023,7,17,port1282,Tema,Ghana,GHA,1,2,0,1,0,4,4,8207,40640,0,1535,0,50383,50383,1440,0,0,0,0,1440,1440
2023-07-18 00:00:00+00:00,2023,7,18,port1282,Tema,Ghana,GHA,4,0,0,0,0,4,4,13039,0,0,0,0,13039,13039,23880,0,0,0,0,23880,23880
2023-07-19 00:00:00+00:00,2023,7,19,port1282,Tema,Ghana,GHA,1,0,0,0,1,1,2,5344,0,0,0,5227,5344,10572,0,0,0,0,0,0,0
2023-07-20 00:00:00+00:00,2023,7,20,port1282,Tema,Ghana,GHA,3,2,1,0,0,6,6,19935,61641,911,0,0,82488,82488,0,789,0,0,0,789,789
2023-07-21 00:00:00+00:00,2023,7,21,port1282,Tema,Ghana,GHA,3,0,0,0,0,3,3,4136,0,0,0,0,4136,4136,16215,0,0,0,0,16215,16215
2023-07-22 00:00:00+00:00,2023,7,22,port1282,Tema,Ghana,GHA,2,1,0,0,0,3,3,15975,55119,0,0,0,71095,71095,0,0,0,0,0,0,0
2023-07-23 00:00:00+00:00,2023,7,23,port1282,Tema,Ghana,GHA,4,1,0,0,0,5,5,63520,39291,0,0,0,102811,102811,0,0,0,0,0,0,0
2023-07-24 00:00:00+00:00,2023,7,24,port1282,Tema,Ghana,GHA,1,0,0,0,0,1,1,5777,0,0,0,0,5777,5777,0,0,0,0,0,0,0
2023-07-25 00:00:00+00:00,2023,7,25,port1282,Tema,Ghana,GHA,4,2,3,0,0,9,9,8969,39950,4847,0,0,53768,53768,1925,5297,5535,0,0,12758,12758
2023-07-26 00:00:00+00:00,2023,7,26,port1282,Tema,Ghana,GHA,0,0,0,0,0,0,0,0,0,0,0,0,0,0,0,0,0,0,0,0,0
2023-07-27 00:00:00+00:00,2023,7,27,port1282,Tema,Ghana,GHA,3,1,0,0,0,4,4,18040,2745,0,0,0,20785,20785,24955,0,0,0,0,24955,24955
2023-07-28 00:00:00+00:00,2023,7,28,port1282,Tema,Ghana,GHA,4,0,0,0,0,4,4,15740,0,0,0,0,15740,15740,0,0,0,0,0,0,0
2023-07-29 00:00:00+00:00,2023,7,29,port1282,Tema,Ghana,GHA,3,0,1,0,1,4,5,12667,0,784,0,2864,13452,16316,0,0,0,0,0,0,0
2023-07-30 00:00:00+00:00,2023,7,30,port1282,Tema,Ghana,GHA,3,1,0,0,0,4,4,24064,47930,0,0,0,71994,71994,561,0,0,0,0,561,561
2023-07-31 00:00:00+00:00,2023,7,31,port1282,Tema,Ghana,GHA,3,0,0,0,0,3,3,18821,0,0,0,0,18821,18821,0,0,0,0,0,0,0
2023-08-01 00:00:00+00:00,2023,8,1,port1282,Tema,Ghana,GHA,1,0,0,0,1,1,2,4076,0,0,0,1346,4076,5423,0,0,0,0,0,0,0
2023-08-02 00:00:00+00:00,2023,8,2,port1282,Tema,Ghana,GHA,2,0,0,0,0,2,2,8131,0,0,0,0,8131,8131,10403,0,0,0,0,10403,10403
2023-08-03 00:00:00+00:00,2023,8,3,port1282,Tema,Ghana,GHA,1,1,0,0,1,2,3,7606,1752,0,0,0,9359,9359,0,0,0,0,5250,0,5250
2023-08-04 00:00:00+00:00,2023,8,4,port1282,Tema,Ghana,GHA,3,1,0,0,0,4,4,36991,47208,0,0,0,84199,84199,0,0,0,0,0,0,0
2023-08-05 00:00:00+00:00,2023,8,5,port1282,Tema,Ghana,GHA,1,0,0,0,0,1,1,7506,0,0,0,0,7506,7506,0,0,0,0,0,0,0
2023-08-06 00:00:00+00:00,2023,8,6,port1282,Tema,Ghana,GHA,3,0,0,1,0,4,4,44444,0,0,2038,0,46483,46483,1440,0,0,0,0,1440,1440
2023-08-07 00:00:00+00:00,2023,8,7,port1282,Tema,Ghana,GHA,3,1,0,0,0,4,4,28286,0,0,0,0,28286,28286,0,0,0,0,0,0,0
2023-08-08 00:00:00+00:00,2023,8,8,port1282,Tema,Ghana,GHA,1,1,0,0,1,2,3,0,0,0,0,0,0,0,1507,0,0,0,0,1507,1507
2023-08-09 00:00:00+00:00,2023,8,9,port1282,Tema,Ghana,GHA,1,0,0,0,1,1,2,12436,0,0,0,3530,12436,15967,0,0,0,0,0,0,0
2023-08-10 00:00:00+00:00,2023,8,10,port1282,Tema,Ghana,GHA,0,1,0,0,0,1,1,0,20399,0,0,0,20399,20399,0,789,0,0,0,789,789
2023-08-11 00:00:00+00:00,2023,8,11,port1282,Tema,Ghana,GHA,2,2,0,0,0,4,4,16094,74305,0,0,0,90400,90400,0,0,0,0,0,0,0
2023-08-12 00:00:00+00:00,2023,8,12,port1282,Tema,Ghana,GHA,3,1,0,0,0,4,4,14080,20399,0,0,0,34479,34479,23514,789,0,0,0,24304,24304
2023-08-13 00:00:00+00:00,2023,8,13,port1282,Tema,Ghana,GHA,1,2,0,0,1,3,4,7813,3843,0,0,0,11656,11656,0,0,0,0,0,0,0
2023-08-14 00:00:00+00:00,2023,8,14,port1282,Tema,Ghana,GHA,2,0,0,0,0,2,2,52571,0,0,0,0,52571,52571,4425,0,0,0,0,4425,4425
2023-08-15 00:00:00+00:00,2023,8,15,port1282,Tema,Ghana,GHA,4,2,0,1,0,7,7,32598,84235,0,0,0,116834,116834,644,0,0,0,0,644,644
2023-08-16 00:00:00+00:00,2023,8,16,port1282,Tema,Ghana,GHA,4,0,0,0,0,4,4,39554,0,0,0,0,39554,39554,0,0,0,0,0,0,0
2023-08-17 00:00:00+00:00,2023,8,17,port1282,Tema,Ghana,GHA,2,1,0,0,1,3,4,8540,1745,0,0,0,10285,10285,0,0,0,0,1243,0,1243
2023-08-18 00:00:00+00:00,2023,8,18,port1282,Tema,Ghana,GHA,3,0,0,0,0,3,3,28124,0,0,0,0,28124,28124,1440,0,0,0,0,1440,1440
2023-08-19 00:00:00+00:00,2023,8,19,port1282,Tema,Ghana,GHA,3,1,1,1,0,6,6,12358,10413,0,3302,0,26074,26074,0,0,2741,0,0,2741,2741
2023-08-20 00:00:00+00:00,2023,8,20,port1282,Tema,Ghana,GHA,6,1,0,0,1,7,8,18806,48164,0,0,31340,66970,98311,0,0,0,0,0,0,0
2023-08-21 00:00:00+00:00,2023,8,21,port1282,Tema,Ghana,GHA,3,0,1,1,0,5,5,18925,0,0,1537,0,20463,20463,8084,0,4074,0,0,12159,12159
2023-08-22 00:00:00+00:00,2023,8,22,port1282,Tema,Ghana,GHA,4,1,2,0,0,7,7,39141,47995,2651,0,0,89789,89789,0,0,0,0,0,0,0
2023-08-23 00:00:00+00:00,2023,8,23,port1282,Tema,Ghana,GHA,3,1,0,0,0,4,4,30668,30561,0,0,0,61230,61230,0,0,0,0,0,0,0
2023-08-24 00:00:00+00:00,2023,8,24,port1282,Tema,Ghana,GHA,2,0,0,0,0,2,2,27800,0,0,0,0,27800,27800,0,0,0,0,0,0,0
2023-08-25 00:00:00+00:00,2023,8,25,port1282,Tema,Ghana,GHA,2,0,0,0,0,2,2,14393,0,0,0,0,14393,14393,0,0,0,0,0,0,0
2023-08-26 00:00:00+00:00,2023,8,26,port1282,Tema,Ghana,GHA,2,2,0,0,1,4,5,9876,21256,0,0,8598,31133,39731,0,0,0,0,0,0,0
2023-08-27 00:00:00+00:00,2023,8,27,port1282,Tema,Ghana,GHA,3,2,1,0,0,6,6,13454,20399,2943,0,0,36797,36797,0,789,0,0,0,789,789
2023-08-28 00:00:00+00:00,2023,8,28,port1282,Tema,Ghana,GHA,2,0,1,0,0,3,3,28414,0,0,0,0,28414,28414,1440,0,487,0,0,1927,1927
2023-08-29 00:00:00+00:00,2023,8,29,port1282,Tema,Ghana,GHA,2,1,1,0,1,4,5,20316,9107,6797,0,20890,36221,57111,1440,0,0,0,0,1440,1440
2023-08-30 00:00:00+00:00,2023,8,30,port1282,Tema,Ghana,GHA,3,0,0,0,0,3,3,29519,0,0,0,0,29519,29519,0,0,0,0,0,0,0
2023-08-31 00:00:00+00:00,2023,8,31,port1282,Tema,Ghana,GHA,2,1,0,0,1,3,4,12944,41169,0,0,7119,54113,61232,0,0,0,0,839,0,839
2023-09-01 00:00:00+00:00,2023,9,1,port1282,Tema,Ghana,GHA,4,0,0,0,0,4,4,35160,0,0,0,0,35160,35160,20830,0,0,0,0,20830,20830
2023-09-02 00:00:00+00:00,2023,9,2,port1282,Tema,Ghana,GHA,2,0,0,0,3,2,5,8037,0,0,0,45637,8037,53674,0,0,0,0,1903,0,1903
2023-09-03 00:00:00+00:00,2023,9,3,port1282,Tema,Ghana,GHA,3,1,0,0,0,4,4,16414,1652,0,0,0,18067,18067,22560,0,0,0,0,22560,22560
2023-09-04 00:00:00+00:00,2023,9,4,port1282,Tema,Ghana,GHA,2,0,0,0,1,2,3,23499,0,0,0,0,23499,23499,0,0,0,0,0,0,0
2023-09-05 00:00:00+00:00,2023,9,5,port1282,Tema,Ghana,GHA,2,1,0,0,0,3,3,17293,11194,0,0,0,28487,28487,1440,0,0,0,0,1440,1440
2023-09-06 00:00:00+00:00,2023,9,6,port1282,Tema,Ghana,GHA,1,0,0,0,1,1,2,5193,0,0,0,2070,5193,7263,0,0,0,0,0,0,0
2023-09-07 00:00:00+00:00,2023,9,7,port1282,Tema,Ghana,GHA,3,1,0,0,0,4,4,23214,40752,0,0,0,63966,63966,0,0,0,0,0,0,0
2023-09-08 00:00:00+00:00,2023,9,8,port1282,Tema,Ghana,GHA,4,0,0,0,1,4,5,31611,0,0,0,0,31611,31611,0,0,0,0,14468,0,14468
2023-09-09 00:00:00+00:00,2023,9,9,port1282,Tema,Ghana,GHA,2,2,0,0,0,4,4,12137,41040,0,0,0,53177,53177,1440,0,0,0,0,1440,1440
2023-09-10 00:00:00+00:00,2023,9,10,port1282,Tema,Ghana,GHA,2,1,0,0,0,3,3,37582,1500,0,0,0,39082,39082,0,0,0,0,0,0,0
2023-09-11 00:00:00+00:00,2023,9,11,port1282,Tema,Ghana,GHA,2,0,0,0,0,2,2,18412,0,0,0,0,18412,18412,0,0,0,0,0,0,0
2023-09-12 00:00:00+00:00,2023,9,12,port1282,Tema,Ghana,GHA,3,0,0,0,1,3,4,22184,0,0,0,11814,22184,33999,22135,0,0,0,0,22135,22135
2023-09-13 00:00:00+00:00,2023,9,13,port1282,Tema,Ghana,GHA,3,0,0,0,0,3,3,8623,0,0,0,0,8623,8623,0,0,0,0,0,0,0
2023-09-14 00:00:00+00:00,2023,9,14,port1282,Tema,Ghana,GHA,1,1,0,0,0,2,2,0,39858,0,0,0,39858,39858,0,0,0,0,0,0,0
2023-09-15 00:00:00+00:00,2023,9,15,port1282,Tema,Ghana,GHA,3,0,0,0,0,3,3,58286,0,0,0,0,58286,58286,0,0,0,0,0,0,0
2023-09-16 00:00:00+00:00,2023,9,16,port1282,Tema,Ghana,GHA,0,1,0,0,0,1,1,0,25859,0,0,0,25859,25859,0,0,0,0,0,0,0
2023-09-17 00:00:00+00:00,2023,9,17,port1282,Tema,Ghana,GHA,2,0,0,0,0,2,2,16461,0,0,0,0,16461,16461,0,0,0,0,0,0,0
2023-09-18 00:00:00+00:00,2023,9,18,port1282,Tema,Ghana,GHA,3,1,0,0,2,4,6,2573,6343,0,0,0,8916,8916,30129,0,0,0,18673,30129,48802
2023-09-19 00:00:00+00:00,2023,9,19,port1282,Tema,Ghana,GHA,1,0,1,0,0,2,2,8207,0,187,0,0,8394,8394,1440,0,0,0,0,1440,1440
2023-09-20 00:00:00+00:00,2023,9,20,port1282,Tema,Ghana,GHA,4,1,0,0,0,5,5,11917,0,0,0,0,11917,11917,20165,0,0,0,0,20165,20165
2023-09-21 00:00:00+00:00,2023,9,21,port1282,Tema,Ghana,GHA,1,1,0,0,0,2,2,8554,13142,0,0,0,21696,21696,0,0,0,0,0,0,0
2023-09-22 00:00:00+00:00,2023,9,22,port1282,Tema,Ghana,GHA,3,0,0,0,0,3,3,27874,0,0,0,0,27874,27874,0,0,0,0,0,0,0
2023-09-23 00:00:00+00:00,2023,9,23,port1282,Tema,Ghana,GHA,3,0,0,0,0,3,3,70697,0,0,0,0,70697,70697,0,0,0,0,0,0,0
2023-09-24 00:00:00+00:00,2023,9,24,port1282,Tema,Ghana,GHA,3,0,0,0,0,3,3,20023,0,0,0,0,20023,20023,0,0,0,0,0,0,0
2023-09-25 00:00:00+00:00,2023,9,25,port1282,Tema,Ghana,GHA,1,0,0,1,0,2,2,3059,0,0,1146,0,4205,4205,0,0,0,25,0,25,25
2023-09-26 00:00:00+00:00,2023,9,26,port1282,Tema,Ghana,GHA,1,1,0,0,0,2,2,9908,2769,0,0,0,12678,12678,0,0,0,0,0,0,0
2023-09-27 00:00:00+00:00,2023,9,27,port1282,Tema,Ghana,GHA,3,1,1,0,1,5,6,5098,43702,380,0,0,49181,49181,15809,0,0,0,0,15809,15809
2023-09-28 00:00:00+00:00,2023,9,28,port1282,Tema,Ghana,GHA,5,0,0,0,0,5,5,37930,0,0,0,0,37930,37930,23575,0,0,0,0,23575,23575
2023-09-29 00:00:00+00:00,2023,9,29,port1282,Tema,Ghana,GHA,2,0,0,0,0,2,2,6335,0,0,0,0,6335,6335,0,0,0,0,0,0,0
2023-09-30 00:00:00+00:00,2023,9,30,port1282,Tema,Ghana,GHA,5,1,1,0,0,7,7,47664,23090,988,0,0,71743,71743,0,0,0,0,0,0,0
2023-10-01 00:00:00+00:00,2023,10,1,port1282,Tema,Ghana,GHA,2,1,0,0,1,3,4,33366,6683,0,0,4085,40050,44135,0,0,0,0,1903,0,1903
2023-10-02 00:00:00+00:00,2023,10,2,port1282,Tema,Ghana,GHA,3,0,1,0,0,4,4,11112,0,0,0,0,11112,11112,0,0,0,0,0,0,0
2023-10-03 00:00:00+00:00,2023,10,3,port1282,Tema,Ghana,GHA,3,0,1,0,0,4,4,30507,0,0,0,0,30507,30507,0,0,4684,0,0,4684,4684
2023-10-04 00:00:00+00:00,2023,10,4,port1282,Tema,Ghana,GHA,2,2,0,0,1,4,5,12935,58261,0,0,30029,71196,101226,1440,789,0,0,0,2229,2229
2023-10-05 00:00:00+00:00,2023,10,5,port1282,Tema,Ghana,GHA,4,1,0,0,0,5,5,16709,28754,0,0,0,45463,45463,17765,0,0,0,0,17765,17765
2023-10-06 00:00:00+00:00,2023,10,6,port1282,Tema,Ghana,GHA,1,2,0,0,0,3,3,6007,13917,0,0,0,19925,19925,0,0,0,0,0,0,0
2023-10-07 00:00:00+00:00,2023,10,7,port1282,Tema,Ghana,GHA,4,0,1,0,0,5,5,23000,0,0,0,0,23000,23000,0,0,377,0,0,377,377
2023-10-08 00:00:00+00:00,2023,10,8,port1282,Tema,Ghana,GHA,1,0,0,0,0,1,1,11699,0,0,0,0,11699,11699,0,0,0,0,0,0,0
2023-10-09 00:00:00+00:00,2023,10,9,port1282,Tema,Ghana,GHA,3,3,0,0,1,6,7,56955,71995,0,0,0,128951,128951,1440,30545,0,0,0,31985,31985
2023-10-10 00:00:00+00:00,2023,10,10,port1282,Tema,Ghana,GHA,3,0,0,1,1,4,5,23750,0,0,0,0,23750,23750,20636,0,0,0,0,20636,20636
2023-10-11 00:00:00+00:00,2023,10,11,port1282,Tema,Ghana,GHA,2,2,0,0,1,4,5,6800,41744,0,0,4085,48544,52630,0,0,0,0,1903,0,1903
2023-10-12 00:00:00+00:00,2023,10,12,port1282,Tema,Ghana,GHA,3,1,0,0,0,4,4,24288,6417,0,0,0,30705,30705,0,0,0,0,0,0,0
2023-10-13 00:00:00+00:00,2023,10,13,port1282,Tema,Ghana,GHA,3,0,0,0,1,3,4,12114,0,0,0,3811,12114,15925,1440,0,0,0,0,1440,1440
2023-10-14 00:00:00+00:00,2023,10,14,port1282,Tema,Ghana,GHA,2,1,0,0,0,3,3,55029,19415,0,0,0,74444,74444,0,0,0,0,0,0,0
2023-10-15 00:00:00+00:00,2023,10,15,port1282,Tema,Ghana,GHA,2,0,0,0,0,2,2,19712,0,0,0,0,19712,19712,0,0,0,0,0,0,0
2023-10-16 00:00:00+00:00,2023,10,16,port1282,Tema,Ghana,GHA,3,0,0,0,1,3,4,24768,0,0,0,0,24768,24768,0,0,0,0,32207,0,32207
2023-10-17 00:00:00+00:00,2023,10,17,port1282,Tema,Ghana,GHA,2,1,0,0,0,3,3,14033,4590,0,0,0,18624,18624,0,0,0,0,0,0,0
2023-10-18 00:00:00+00:00,2023,10,18,port1282,Tema,Ghana,GHA,2,1,0,1,0,4,4,12685,0,0,0,0,12685,12685,1440,0,0,0,0,1440,1440
2023-10-19 00:00:00+00:00,2023,10,19,port1282,Tema,Ghana,GHA,3,0,0,0,0,3,3,14668,0,0,0,0,14668,14668,11802,0,0,0,0,11802,11802
2023-10-20 00:00:00+00:00,2023,10,20,port1282,Tema,Ghana,GHA,2,1,0,0,0,3,3,10297,3636,0,0,0,13933,13933,17347,0,0,0,0,17347,17347
2023-10-21 00:00:00+00:00,2023,10,21,port1282,Tema,Ghana,GHA,3,1,0,0,0,4,4,31045,26911,0,0,0,57957,57957,9600,0,0,0,0,9600,9600
2023-10-22 00:00:00+00:00,2023,10,22,port1282,Tema,Ghana,GHA,3,2,0,0,0,5,5,6258,44021,0,0,0,50280,50280,13419,0,0,0,0,13419,13419
2023-10-23 00:00:00+00:00,2023,10,23,port1282,Tema,Ghana,GHA,2,0,0,0,0,2,2,23340,0,0,0,0,23340,23340,0,0,0,0,0,0,0
2023-10-24 00:00:00+00:00,2023,10,24,port1282,Tema,Ghana,GHA,2,0,1,0,0,3,3,17367,0,0,0,0,17367,17367,1440,0,3418,0,0,4859,4859
2023-10-25 00:00:00+00:00,2023,10,25,port1282,Tema,Ghana,GHA,3,1,1,0,1,5,6,7960,39222,2084,0,0,49267,49267,0,0,775,0,0,775,775
2023-10-26 00:00:00+00:00,2023,10,26,port1282,Tema,Ghana,GHA,3,0,0,0,1,3,4,11743,0,0,0,9701,11743,21444,0,0,0,0,0,0,0
2023-10-27 00:00:00+00:00,2023,10,27,port1282,Tema,Ghana,GHA,3,0,0,0,1,3,4,57626,0,0,0,6605,57626,64231,0,0,0,0,0,0,0
2023-10-28 00:00:00+00:00,2023,10,28,port1282,Tema,Ghana,GHA,0,1,0,0,0,1,1,0,41085,0,0,0,41085,41085,0,0,0,0,0,0,0
2023-10-29 00:00:00+00:00,2023,10,29,port1282,Tema,Ghana,GHA,3,0,0,0,0,3,3,43801,0,0,0,0,43801,43801,0,0,0,0,0,0,0
2023-10-30 00:00:00+00:00,2023,10,30,port1282,Tema,Ghana,GHA,2,1,0,0,0,3,3,15046,15151,0,0,0,30198,30198,0,0,0,0,0,0,0
2023-10-31 00:00:00+00:00,2023,10,31,port1282,Tema,Ghana,GHA,3,1,0,0,2,4,6,2447,30636,0,0,1841,33083,34925,0,0,0,0,0,0,0
2023-11-01 00:00:00+00:00,2023,11,1,port1282,Tema,Ghana,GHA,2,0,0,1,0,3,3,8162,0,0,3309,0,11472,11472,17019,0,0,0,0,17019,17019
2023-11-02 00:00:00+00:00,2023,11,2,port1282,Tema,Ghana,GHA,3,1,0,0,0,4,4,38303,20399,0,0,0,58702,58702,0,789,0,0,0,789,789
2023-11-03 00:00:00+00:00,2023,11,3,port1282,Tema,Ghana,GHA,2,0,0,0,1,2,3,14388,0,0,0,1352,14388,15741,0,0,0,0,0,0,0
2023-11-04 00:00:00+00:00,2023,11,4,port1282,Tema,Ghana,GHA,3,0,0,0,0,3,3,16863,0,0,0,0,16863,16863,20872,0,0,0,0,20872,20872
2023-11-05 00:00:00+00:00,2023,11,5,port1282,Tema,Ghana,GHA,3,0,0,0,1,3,4,40515,0,0,0,3052,40515,43567,0,0,0,0,0,0,0
2023-11-06 00:00:00+00:00,2023,11,6,port1282,Tema,Ghana,GHA,1,1,1,0,1,3,4,10587,25719,0,0,13269,36306,49575,0,0,4931,0,0,4931,4931
2023-11-07 00:00:00+00:00,2023,11,7,port1282,Tema,Ghana,GHA,3,0,1,0,0,4,4,19126,0,229,0,0,19355,19355,20658,0,0,0,0,20658,20658
2023-11-08 00:00:00+00:00,2023,11,8,port1282,Tema,Ghana,GHA,2,0,0,0,0,2,2,12453,0,0,0,0,12453,12453,0,0,0,0,0,0,0
2023-11-09 00:00:00+00:00,2023,11,9,port1282,Tema,Ghana,GHA,4,1,0,0,0,5,5,41802,41349,0,0,0,83152,83152,0,0,0,0,0,0,0
2023-11-10 00:00:00+00:00,2023,11,10,port1282,Tema,Ghana,GHA,2,0,1,1,1,4,5,6840,0,2863,2236,0,11940,11940,9600,0,0,0,0,9600,9600
2023-11-11 00:00:00+00:00,2023,11,11,port1282,Tema,Ghana,GHA,4,0,0,0,1,4,5,21193,0,0,0,0,21193,21193,18409,0,0,0,0,18409,18409
2023-11-12 00:00:00+00:00,2023,11,12,port1282,Tema,Ghana,GHA,2,3,0,0,0,5,5,23700,38008,0,0,0,61708,61708,1440,0,0,0,0,1440,1440
2023-11-13 00:00:00+00:00,2023,11,13,port1282,Tema,Ghana,GHA,2,1,1,0,0,4,4,21498,40990,1223,0,0,63712,63712,0,0,0,0,0,0,0
2023-11-14 00:00:00+00:00,2023,11,14,port1282,Tema,Ghana,GHA,3,0,0,0,1,3,4,9210,0,0,0,2067,9210,11277,0,0,0,0,0,0,0
2023-11-15 00:00:00+00:00,2023,11,15,port1282,Tema,Ghana,GHA,3,0,0,0,0,3,3,33689,0,0,0,0,33689,33689,0,0,0,0,0,0,0
2023-11-16 00:00:00+00:00,2023,11,16,port1282,Tema,Ghana,GHA,2,1,0,0,1,3,4,13655,42344,0,0,0,56000,56000,0,0,0,0,0,0,0
2023-11-17 00:00:00+00:00,2023,11,17,port1282,Tema,Ghana,GHA,3,1,1,0,0,5,5,8670,12586,0,0,0,21257,21257,5820,0,2096,0,0,7917,7917
2023-11-18 00:00:00+00:00,2023,11,18,port1282,Tema,Ghana,GHA,2,0,0,0,0,2,2,15171,0,0,0,0,15171,15171,0,0,0,0,0,0,0
2023-11-19 00:00:00+00:00,2023,11,19,port1282,Tema,Ghana,GHA,2,0,0,0,1,2,3,9524,0,0,0,877,9524,10402,0,0,0,0,0,0,0
2023-11-20 00:00:00+00:00,2023,11,20,port1282,Tema,Ghana,GHA,2,2,0,0,0,4,4,26852,76411,0,0,0,103264,103264,0,0,0,0,0,0,0
2023-11-21 00:00:00+00:00,2023,11,21,port1282,Tema,Ghana,GHA,1,0,1,1,1,3,4,7430,0,0,1146,7119,8576,15695,0,0,1905,25,839,1931,2770
2023-11-22 00:00:00+00:00,2023,11,22,port1282,Tema,Ghana,GHA,2,0,2,0,0,4,4,19440,0,2740,0,0,22180,22180,0,0,53,0,0,53,53
2023-11-23 00:00:00+00:00,2023,11,23,port1282,Tema,Ghana,GHA,3,0,0,0,1,3,4,16962,0,0,0,4085,16962,21048,31353,0,0,0,1903,31353,33256
2023-11-24 00:00:00+00:00,2023,11,24,port1282,Tema,Ghana,GHA,3,1,1,0,1,5,6,30427,31952,0,0,0,62379,62379,1440,0,0,0,0,1440,1440
2023-11-25 00:00:00+00:00,2023,11,25,port1282,Tema,Ghana,GHA,3,2,0,0,0,5,5,14881,37369,0,0,0,52251,52251,0,547,0,0,0,547,547
2023-11-26 00:00:00+00:00,2023,11,26,port1282,Tema,Ghana,GHA,2,0,0,1,0,3,3,16547,0,0,0,0,16547,16547,0,0,0,0,0,0,0
2023-11-27 00:00:00+00:00,2023,11,27,port1282,Tema,Ghana,GHA,2,3,1,0,0,6,6,16711,64630,0,0,0,81342,81342,0,0,574,0,0,574,574
2023-11-28 00:00:00+00:00,2023,11,28,port1282,Tema,Ghana,GHA,3,1,0,0,0,4,4,42359,22213,0,0,0,64572,64572,0,0,0,0,0,0,0
2023-11-29 00:00:00+00:00,2023,11,29,port1282,Tema,Ghana,GHA,2,0,0,0,0,2,2,10338,0,0,0,0,10338,10338,0,0,0,0,0,0,0
2023-11-30 00:00:00+00:00,2023,11,30,port1282,Tema,Ghana,GHA,3,0,2,0,0,5,5,11041,0,0,0,0,11041,11041,1918,0,4025,0,0,5944,5944
2023-12-01 00:00:00+00:00,2023,12,1,port1282,Tema,Ghana,GHA,2,0,0,0,0,2,2,1938,0,0,0,0,1938,1938,0,0,0,0,0,0,0
2023-12-02 00:00:00+00:00,2023,12,2,port1282,Tema,Ghana,GHA,2,1,1,0,1,4,5,11243,32633,0,0,0,43876,43876,0,0,4629,0,0,4629,4629
2023-12-03 00:00:00+00:00,2023,12,3,port1282,Tema,Ghana,GHA,3,0,1,0,0,4,4,15398,0,1590,0,0,16989,16989,0,0,0,0,0,0,0
2023-12-04 00:00:00+00:00,2023,12,4,port1282,Tema,Ghana,GHA,3,1,0,0,0,4,4,31280,20399,0,0,0,51679,51679,0,789,0,0,0,789,789
2023-12-05 00:00:00+00:00,2023,12,5,port1282,Tema,Ghana,GHA,3,0,1,0,1,4,5,20559,0,0,0,0,20559,20559,0,0,0,0,0,0,0
2023-12-06 00:00:00+00:00,2023,12,6,port1282,Tema,Ghana,GHA,3,1,0,0,0,4,4,24703,38306,0,0,0,63009,63009,1495,0,0,0,0,1495,1495
2023-12-07 00:00:00+00:00,2023,12,7,port1282,Tema,Ghana,GHA,1,1,0,0,1,2,3,0,31511,0,0,0,31511,31511,1127,0,0,0,0,1127,1127
2023-12-08 00:00:00+00:00,2023,12,8,port1282,Tema,Ghana,GHA,5,1,0,0,0,6,6,32364,39927,0,0,0,72292,72292,5916,0,0,0,0,5916,5916
2023-12-09 00:00:00+00:00,2023,12,9,port1282,Tema,Ghana,GHA,3,1,1,0,0,5,5,14725,13243,405,0,0,28374,28374,1440,0,0,0,0,1440,1440
2023-12-10 00:00:00+00:00,2023,12,10,port1282,Tema,Ghana,GHA,3,0,2,0,0,5,5,28108,0,1383,0,0,29492,29492,3760,0,0,0,0,3760,3760
2023-12-11 00:00:00+00:00,2023,12,11,port1282,Tema,Ghana,GHA,2,1,0,0,0,3,3,24081,0,0,0,0,24081,24081,16076,49686,0,0,0,65763,65763
2023-12-12 00:00:00+00:00,2023,12,12,port1282,Tema,Ghana,GHA,1,1,0,0,0,2,2,9098,11378,0,0,0,20477,20477,0,0,0,0,0,0,0
2023-12-13 00:00:00+00:00,2023,12,13,port1282,Tema,Ghana,GHA,4,2,0,0,1,6,7,16414,43468,0,0,466,59882,60349,9194,845,0,0,0,10039,10039
2023-12-14 00:00:00+00:00,2023,12,14,port1282,Tema,Ghana,GHA,2,0,0,0,1,2,3,32903,0,0,0,7119,32903,40022,0,0,0,0,839,0,839
2023-12-15 00:00:00+00:00,2023,12,15,port1282,Tema,Ghana,GHA,3,0,0,1,1,4,5,11663,0,0,0,0,11663,11663,0,0,0,0,0,0,0
2023-12-16 00:00:00+00:00,2023,12,16,port1282,Tema,Ghana,GHA,2,0,0,0,1,2,3,15975,0,0,0,0,15975,15975,6295,0,0,0,16198,6295,22494
2023-12-17 00:00:00+00:00,2023,12,17,port1282,Tema,Ghana,GHA,2,1,0,0,0,3,3,12665,39046,0,0,0,51712,51712,1440,0,0,0,0,1440,1440
2023-12-18 00:00:00+00:00,2023,12,18,port1282,Tema,Ghana,GHA,3,0,0,1,1,4,5,30588,0,0,0,1514,30588,32102,1440,0,0,0,0,1440,1440
2023-12-19 00:00:00+00:00,2023,12,19,port1282,Tema,Ghana,GHA,1,1,0,0,0,2,2,5542,41139,0,0,0,46682,46682,0,0,0,0,0,0,0
2023-12-20 00:00:00+00:00,2023,12,20,port1282,Tema,Ghana,GHA,3,0,2,0,0,5,5,10999,0,2418,0,0,13417,13417,3241,0,775,0,0,4016,4016
2023-12-21 00:00:00+00:00,2023,12,21,port1282,Tema,Ghana,GHA,2,1,0,0,1,3,4,29105,45244,0,0,0,74349,74349,1440,0,0,0,0,1440,1440
2023-12-22 00:00:00+00:00,2023,12,22,port1282,Tema,Ghana,GHA,2,1,0,0,0,3,3,12974,38276,0,0,0,51251,51251,0,0,0,0,0,0,0
2023-12-23 00:00:00+00:00,2023,12,23,port1282,Tema,Ghana,GHA,4,0,0,0,0,4,4,9473,0,0,0,0,9473,9473,3061,0,0,0,0,3061,3061
2023-12-24 00:00:00+00:00,2023,12,24,port1282,Tema,Ghana,GHA,2,0,0,0,0,2,2,13566,0,0,0,0,13566,13566,0,0,0,0,0,0,0
2023-12-25 00:00:00+00:00,2023,12,25,port1282,Tema,Ghana,GHA,0,0,0,0,0,0,0,0,0,0,0,0,0,0,0,0,0,0,0,0,0
2023-12-26 00:00:00+00:00,2023,12,26,port1282,Tema,Ghana,GHA,1,0,0,0,0,1,1,12065,0,0,0,0,12065,12065,0,0,0,0,0,0,0
2023-12-27 00:00:00+00:00,2023,12,27,port1282,Tema,Ghana,GHA,4,2,0,0,1,6,7,26378,40408,0,0,12051,66786,78838,8675,0,0,0,0,8675,8675
2023-12-28 00:00:00+00:00,2023,12,28,port1282,Tema,Ghana,GHA,2,0,0,0,0,2,2,30315,0,0,0,0,30315,30315,0,0,0,0,0,0,0
2023-12-29 00:00:00+00:00,2023,12,29,port1282,Tema,Ghana,GHA,4,1,0,0,0,5,5,27092,0,0,0,0,27092,27092,1440,438,0,0,0,1878,1878
2023-12-30 00:00:00+00:00,2023,12,30,port1282,Tema,Ghana,GHA,1,0,0,0,0,1,1,0,0,0,0,0,0,0,969,0,0,0,0,969,969
2023-12-31 00:00:00+00:00,2023,12,31,port1282,Tema,Ghana,GHA,3,0,0,0,1,3,4,31175,0,0,0,0,31175,31175,5367,0,0,0,0,5367,5367
2024-01-01 00:00:00+00:00,2024,1,1,port1282,Tema,Ghana,GHA,1,1,0,0,0,2,2,19564,33201,0,0,0,52765,52765,0,0,0,0,0,0,0
2024-01-02 00:00:00+00:00,2024,1,2,port1282,Tema,Ghana,GHA,4,0,0,0,0,4,4,14899,0,0,0,0,14899,14899,27,0,0,0,0,27,27
2024-01-03 00:00:00+00:00,2024,1,3,port1282,Tema,Ghana,GHA,4,2,0,0,0,6,6,4530,40328,0,0,0,44859,44859,4001,29444,0,0,0,33446,33446
2024-01-04 00:00:00+00:00,2024,1,4,port1282,Tema,Ghana,GHA,1,1,0,0,1,2,3,2975,46932,0,0,0,49907,49907,0,0,0,0,1878,0,1878
2024-01-05 00:00:00+00:00,2024,1,5,port1282,Tema,Ghana,GHA,1,1,0,0,0,2,2,5048,27616,0,0,0,32665,32665,0,0,0,0,0,0,0
2024-01-06 00:00:00+00:00,2024,1,6,port1282,Tema,Ghana,GHA,2,1,0,0,1,3,4,11673,0,0,0,32963,11673,44637,0,0,0,0,0,0,0
2024-01-07 00:00:00+00:00,2024,1,7,port1282,Tema,Ghana,GHA,3,1,0,0,0,4,4,27498,0,0,0,0,27498,27498,681,0,0,0,0,681,681
2024-01-08 00:00:00+00:00,2024,1,8,port1282,Tema,Ghana,GHA,2,1,0,0,0,3,3,13555,60856,0,0,0,74412,74412,1047,0,0,0,0,1047,1047
2024-01-09 00:00:00+00:00,2024,1,9,port1282,Tema,Ghana,GHA,3,1,2,0,0,6,6,11182,13797,4554,0,0,29535,29535,9068,0,0,0,0,9068,9068
2024-01-10 00:00:00+00:00,2024,1,10,port1282,Tema,Ghana,GHA,3,1,0,0,1,4,5,25776,43468,0,0,1395,69244,70640,0,0,0,0,0,0,0
2024-01-11 00:00:00+00:00,2024,1,11,port1282,Tema,Ghana,GHA,3,1,0,0,0,4,4,16574,4195,0,0,0,20769,20769,0,0,0,0,0,0,0
2024-01-12 00:00:00+00:00,2024,1,12,port1282,Tema,Ghana,GHA,2,0,0,0,1,2,3,21228,0,0,0,14726,21228,35954,0,0,0,0,0,0,0
2024-01-13 00:00:00+00:00,2024,1,13,port1282,Tema,Ghana,GHA,2,0,1,0,0,3,3,4474,0,0,0,0,4474,4474,0,0,3817,0,0,3817,3817
2024-01-14 00:00:00+00:00,2024,1,14,port1282,Tema,Ghana,GHA,1,0,0,0,0,1,1,1927,0,0,0,0,1927,1927,0,0,0,0,0,0,0
2024-01-15 00:00:00+00:00,2024,1,15,port1282,Tema,Ghana,GHA,2,0,1,0,0,3,3,16014,0,612,0,0,16626,16626,0,0,0,0,0,0,0
2024-01-16 00:00:00+00:00,2024,1,16,port1282,Tema,Ghana,GHA,1,0,0,0,0,1,1,46111,0,0,0,0,46111,46111,0,0,0,0,0,0,0
2024-01-17 00:00:00+00:00,2024,1,17,port1282,Tema,Ghana,GHA,2,1,0,1,1,4,5,12336,20399,0,0,0,32735,32735,0,789,0,0,0,789,789
2024-01-18 00:00:00+00:00,2024,1,18,port1282,Tema,Ghana,GHA,4,1,1,0,0,6,6,27882,23011,1200,0,0,52094,52094,5976,0,53,0,0,6030,6030
2024-01-19 00:00:00+00:00,2024,1,19,port1282,Tema,Ghana,GHA,3,1,0,0,1,4,5,15306,2425,0,0,3126,17731,20857,16517,0,0,0,0,16517,16517
2024-01-20 00:00:00+00:00,2024,1,20,port1282,Tema,Ghana,GHA,2,0,0,0,1,2,3,8966,0,0,0,0,8966,8966,1440,0,0,0,1572,1440,3012
2024-01-21 00:00:00+00:00,2024,1,21,port1282,Tema,Ghana,GHA,1,1,1,0,1,3,4,3865,46126,0,0,0,49992,49992,0,0,6665,0,0,6665,6665
2024-01-22 00:00:00+00:00,2024,1,22,port1282,Tema,Ghana,GHA,3,0,0,0,1,3,4,29928,0,0,0,926,29928,30854,1440,0,0,0,0,1440,1440
2024-01-23 00:00:00+00:00,2024,1,23,port1282,Tema,Ghana,GHA,4,1,0,0,1,5,6,55596,26438,0,0,7119,82035,89154,1440,0,0,0,839,1440,2279
2024-01-24 00:00:00+00:00,2024,1,24,port1282,Tema,Ghana,GHA,1,1,0,0,1,2,3,8207,12580,0,0,6155,20787,26943,1440,0,0,0,3183,1440,4623
2024-01-25 00:00:00+00:00,2024,1,25,port1282,Tema,Ghana,GHA,1,1,0,0,0,2,2,1751,40854,0,0,0,42606,42606,0,0,0,0,0,0,0
2024-01-26 00:00:00+00:00,2024,1,26,port1282,Tema,Ghana,GHA,3,0,0,1,0,4,4,5812,0,0,1146,0,6958,6958,0,0,0,25,0,25,25
2024-01-27 00:00:00+00:00,2024,1,27,port1282,Tema,Ghana,GHA,1,2,0,0,0,3,3,8966,40940,0,0,0,49907,49907,0,0,0,0,0,0,0
2024-01-28 00:00:00+00:00,2024,1,28,port1282,Tema,Ghana,GHA,3,1,0,0,1,4,5,7333,48997,0,0,0,56330,56330,0,0,0,0,0,0,0
2024-01-29 00:00:00+00:00,2024,1,29,port1282,Tema,Ghana,GHA,1,1,0,1,3,3,6,8938,0,0,0,4523,8938,13461,0,0,0,0,4072,0,4072
2024-01-30 00:00:00+00:00,2024,1,30,port1282,Tema,Ghana,GHA,3,0,0,0,0,3,3,39843,0,0,0,0,39843,39843,1440,0,0,0,0,1440,1440
2024-01-31 00:00:00+00:00,2024,1,31,port1282,Tema,Ghana,GHA,3,1,0,0,1,4,5,1359,0,0,0,0,1359,1359,10497,1274,0,0,0,11772,11772
2024-02-01 00:00:00+00:00,2024,2,1,port1282,Tema,Ghana,GHA,2,1,0,0,1,3,4,3440,30782,0,0,2608,34223,36832,14345,0,0,0,0,14345,14345
2024-02-02 00:00:00+00:00,2024,2,2,port1282,Tema,Ghana,GHA,2,0,0,0,0,2,2,23742,0,0,0,0,23742,23742,0,0,0,0,0,0,0
2024-02-03 00:00:00+00:00,2024,2,3,port1282,Tema,Ghana,GHA,2,1,0,0,2,3,5,11304,40430,0,0,0,51735,51735,0,0,0,0,2590,0,2590
2024-02-04 00:00:00+00:00,2024,2,4,port1282,Tema,Ghana,GHA,1,1,0,0,0,2,2,0,28566,0,0,0,28566,28566,0,0,0,0,0,0,0
2024-02-05 00:00:00+00:00,2024,2,5,port1282,Tema,Ghana,GHA,0,0,0,0,0,0,0,0,0,0,0,0,0,0,0,0,0,0,0,0,0
2024-02-06 00:00:00+00:00,2024,2,6,port1282,Tema,Ghana,GHA,3,1,0,0,0,4,4,60423,28060,0,0,0,88483,88483,0,0,0,0,0,0,0
2024-02-07 00:00:00+00:00,2024,2,7,port1282,Tema,Ghana,GHA,1,0,1,0,0,2,2,15476,0,2205,0,0,17681,17681,0,0,0,0,0,0,0
2024-02-08 00:00:00+00:00,2024,2,8,port1282,Tema,Ghana,GHA,3,0,0,0,0,3,3,18743,0,0,0,0,18743,18743,0,0,0,0,0,0,0
2024-02-09 00:00:00+00:00,2024,2,9,port1282,Tema,Ghana,GHA,1,1,0,0,1,2,3,7711,7786,0,0,0,15498,15498,0,0,0,0,0,0,0
2024-02-10 00:00:00+00:00,2024,2,10,port1282,Tema,Ghana,GHA,3,0,0,0,0,3,3,22632,0,0,0,0,22632,22632,16155,0,0,0,0,16155,16155
2024-02-11 00:00:00+00:00,2024,2,11,port1282,Tema,Ghana,GHA,1,0,0,0,0,1,1,14079,0,0,0,0,14079,14079,0,0,0,0,0,0,0
2024-02-12 00:00:00+00:00,2024,2,12,port1282,Tema,Ghana,GHA,5,0,0,0,0,5,5,41875,0,0,0,0,41875,41875,2880,0,0,0,0,2880,2880
2024-02-13 00:00:00+00:00,2024,2,13,port1282,Tema,Ghana,GHA,2,0,1,0,1,3,4,59620,0,7854,0,1178,67475,68653,0,0,0,0,0,0,0
2024-02-14 00:00:00+00:00,2024,2,14,port1282,Tema,Ghana,GHA,1,0,0,0,0,1,1,17600,0,0,0,0,17600,17600,0,0,0,0,0,0,0
2024-02-15 00:00:00+00:00,2024,2,15,port1282,Tema,Ghana,GHA,3,1,0,0,1,4,5,7529,28201,0,0,4085,35731,39816,2884,0,0,0,1903,2884,4788
2024-02-16 00:00:00+00:00,2024,2,16,port1282,Tema,Ghana,GHA,3,0,0,0,0,3,3,16414,0,0,0,0,16414,16414,2880,0,0,0,0,2880,2880
2024-02-17 00:00:00+00:00,2024,2,17,port1282,Tema,Ghana,GHA,2,1,0,0,2,3,5,11919,12095,0,0,0,24014,24014,0,0,0,0,0,0,0
2024-02-18 00:00:00+00:00,2024,2,18,port1282,Tema,Ghana,GHA,1,0,1,0,0,2,2,0,0,8756,0,0,8756,8756,6460,0,0,0,0,6460,6460
2024-02-19 00:00:00+00:00,2024,2,19,port1282,Tema,Ghana,GHA,1,1,0,0,1,2,3,0,0,0,0,4085,0,4085,8868,0,0,0,1903,8868,10772
2024-02-20 00:00:00+00:00,2024,2,20,port1282,Tema,Ghana,GHA,4,0,0,0,0,4,4,12971,0,0,0,0,12971,12971,490,0,0,0,0,490,490
2024-02-21 00:00:00+00:00,2024,2,21,port1282,Tema,Ghana,GHA,3,0,0,0,1,3,4,48886,0,0,0,0,48886,48886,0,0,0,0,135,0,135
2024-02-22 00:00:00+00:00,2024,2,22,port1282,Tema,Ghana,GHA,1,0,0,0,0,1,1,0,0,0,0,0,0,0,2104,0,0,0,0,2104,2104
2024-02-23 00:00:00+00:00,2024,2,23,port1282,Tema,Ghana,GHA,2,0,0,0,0,2,2,8207,0,0,0,0,8207,8207,21629,0,0,0,0,21629,21629
2024-02-24 00:00:00+00:00,2024,2,24,port1282,Tema,Ghana,GHA,1,0,0,0,1,1,2,21285,0,0,0,18673,21285,39958,0,0,0,0,0,0,0
2024-02-25 00:00:00+00:00,2024,2,25,port1282,Tema,Ghana,GHA,3,2,0,0,1,5,6,8313,58085,0,0,0,66399,66399,0,0,0,0,0,0,0
2024-02-26 00:00:00+00:00,2024,2,26,port1282,Tema,Ghana,GHA,2,3,0,0,1,5,6,34610,95406,0,0,0,130017,130017,0,0,0,0,15169,0,15169
2024-02-27 00:00:00+00:00,2024,2,27,port1282,Tema,Ghana,GHA,2,0,0,1,0,3,3,8207,0,0,0,0,8207,8207,2779,0,0,0,0,2779,2779
2024-02-28 00:00:00+00:00,2024,2,28,port1282,Tema,Ghana,GHA,3,0,0,0,0,3,3,46355,0,0,0,0,46355,46355,0,0,0,0,0,0,0
2024-02-29 00:00:00+00:00,2024,2,29,port1282,Tema,Ghana,GHA,3,0,0,0,0,3,3,2657,0,0,0,0,2657,2657,13913,0,0,0,0,13913,13913
2024-03-01 00:00:00+00:00,2024,3,1,port1282,Tema,Ghana,GHA,3,1,0,0,1,4,5,22888,0,0,0,0,22888,22888,0,0,0,0,0,0,0
2024-03-02 00:00:00+00:00,2024,3,2,port1282,Tema,Ghana,GHA,3,1,0,1,0,5,5,14613,29045,0,0,0,43658,43658,2615,0,0,0,0,2615,2615
2024-03-03 00:00:00+00:00,2024,3,3,port1282,Tema,Ghana,GHA,1,0,0,0,0,1,1,0,0,0,0,0,0,0,8449,0,0,0,0,8449,8449
2024-03-04 00:00:00+00:00,2024,3,4,port1282,Tema,Ghana,GHA,3,2,0,0,0,5,5,32420,81022,0,0,0,113442,113442,0,0,0,0,0,0,0
2024-03-05 00:00:00+00:00,2024,3,5,port1282,Tema,Ghana,GHA,2,0,0,0,1,2,3,38714,0,0,0,0,38714,38714,0,0,0,0,5564,0,5564
2024-03-06 00:00:00+00:00,2024,3,6,port1282,Tema,Ghana,GHA,2,0,0,0,0,2,2,9715,0,0,0,0,9715,9715,1292,0,0,0,0,1292,1292
2024-03-07 00:00:00+00:00,2024,3,7,port1282,Tema,Ghana,GHA,2,0,1,0,1,3,4,476,0,547,0,23141,1024,24165,1487,0,0,0,0,1487,1487
2024-03-08 00:00:00+00:00,2024,3,8,port1282,Tema,Ghana,GHA,2,1,0,0,0,3,3,12724,41682,0,0,0,54406,54406,15354,0,0,0,0,15354,15354
2024-03-09 00:00:00+00:00,2024,3,9,port1282,Tema,Ghana,GHA,3,1,1,0,0,5,5,9292,0,1379,0,0,10672,10672,28695,0,0,0,0,28695,28695
2024-03-10 00:00:00+00:00,2024,3,10,port1282,Tema,Ghana,GHA,2,0,0,0,0,2,2,19699,0,0,0,0,19699,19699,0,0,0,0,0,0,0
2024-03-11 00:00:00+00:00,2024,3,11,port1282,Tema,Ghana,GHA,1,0,0,0,0,1,1,0,0,0,0,0,0,0,2644,0,0,0,0,2644,2644
2024-03-12 00:00:00+00:00,2024,3,12,port1282,Tema,Ghana,GHA,1,0,1,0,0,2,2,8207,0,76,0,0,8283,8283,1440,0,0,0,0,1440,1440
2024-03-13 00:00:00+00:00,2024,3,13,port1282,Tema,Ghana,GHA,3,1,0,0,0,4,4,60327,11371,0,0,0,71699,71699,0,0,0,0,0,0,0
2024-03-14 00:00:00+00:00,2024,3,14,port1282,Tema,Ghana,GHA,1,1,0,0,0,2,2,1508,20399,0,0,0,21907,21907,0,789,0,0,0,789,789
2024-03-15 00:00:00+00:00,2024,3,15,port1282,Tema,Ghana,GHA,1,0,0,1,0,2,2,11567,0,0,0,0,11567,11567,0,0,0,0,0,0,0
2024-03-16 00:00:00+00:00,2024,3,16,port1282,Tema,Ghana,GHA,3,0,0,0,0,3,3,12774,0,0,0,0,12774,12774,0,0,0,0,0,0,0
2024-03-17 00:00:00+00:00,2024,3,17,port1282,Tema,Ghana,GHA,3,0,0,0,0,3,3,16896,0,0,0,0,16896,16896,0,0,0,0,0,0,0
2024-03-18 00:00:00+00:00,2024,3,18,port1282,Tema,Ghana,GHA,3,1,1,0,0,5,5,0,11509,0,0,0,11509,11509,27630,0,1927,0,0,29557,29557
2024-03-19 00:00:00+00:00,2024,3,19,port1282,Tema,Ghana,GHA,2,0,0,0,0,2,2,32570,0,0,0,0,32570,32570,0,0,0,0,0,0,0
2024-03-20 00:00:00+00:00,2024,3,20,port1282,Tema,Ghana,GHA,2,0,1,0,0,3,3,1501,0,2084,0,0,3586,3586,10242,0,775,0,0,11018,11018
2024-03-21 00:00:00+00:00,2024,3,21,port1282,Tema,Ghana,GHA,2,1,0,0,1,3,4,26926,19626,0,0,22605,46552,69157,0,0,0,0,0,0,0
2024-03-22 00:00:00+00:00,2024,3,22,port1282,Tema,Ghana,GHA,2,0,0,0,0,2,2,22989,0,0,0,0,22989,22989,0,0,0,0,0,0,0
2024-03-23 00:00:00+00:00,2024,3,23,port1282,Tema,Ghana,GHA,3,0,1,0,0,4,4,17288,0,4161,0,0,21449,21449,0,0,0,0,0,0,0
2024-03-24 00:00:00+00:00,2024,3,24,port1282,Tema,Ghana,GHA,2,2,0,0,1,4,5,4581,43822,0,0,0,48403,48403,4732,0,0,0,0,4732,4732
2024-03-25 00:00:00+00:00,2024,3,25,port1282,Tema,Ghana,GHA,3,1,1,0,0,5,5,15921,44044,2084,0,0,62050,62050,0,0,775,0,0,775,775
2024-03-26 00:00:00+00:00,2024,3,26,port1282,Tema,Ghana,GHA,2,0,0,0,0,2,2,46594,0,0,0,0,46594,46594,0,0,0,0,0,0,0
2024-03-27 00:00:00+00:00,2024,3,27,port1282,Tema,Ghana,GHA,2,0,1,0,0,3,3,4125,0,153,0,0,4278,4278,1761,0,0,0,0,1761,1761
2024-03-28 00:00:00+00:00,2024,3,28,port1282,Tema,Ghana,GHA,3,2,0,0,0,5,5,35753,0,0,0,0,35753,35753,0,0,0,0,0,0,0
2024-03-29 00:00:00+00:00,2024,3,29,port1282,Tema,Ghana,GHA,0,0,0,0,0,0,0,0,0,0,0,0,0,0,0,0,0,0,0,0,0
2024-03-30 00:00:00+00:00,2024,3,30,port1282,Tema,Ghana,GHA,3,3,0,0,0,6,6,863,57035,0,0,0,57898,57898,6866,789,0,0,0,7655,7655
2024-03-31 00:00:00+00:00,2024,3,31,port1282,Tema,Ghana,GHA,4,0,0,0,0,4,4,17727,0,0,0,0,17727,17727,7393,0,0,0,0,7393,7393
2024-04-01 00:00:00+00:00,2024,4,1,port1282,Tema,Ghana,GHA,2,1,0,0,0,3,3,21852,1451,0,0,0,23304,23304,0,0,0,0,0,0,0
2024-04-02 00:00:00+00:00,2024,4,2,port1282,Tema,Ghana,GHA,3,0,1,0,0,4,4,11348,0,1230,0,0,12579,12579,8675,0,0,0,0,8675,8675
2024-04-03 00:00:00+00:00,2024,4,3,port1282,Tema,Ghana,GHA,3,1,0,0,0,4,4,42182,20399,0,0,0,62581,62581,3881,789,0,0,0,4671,4671
2024-04-04 00:00:00+00:00,2024,4,4,port1282,Tema,Ghana,GHA,3,1,0,0,0,4,4,29309,47482,0,0,0,76792,76792,0,0,0,0,0,0,0
2024-04-05 00:00:00+00:00,2024,4,5,port1282,Tema,Ghana,GHA,2,0,0,0,0,2,2,13590,0,0,0,0,13590,13590,0,0,0,0,0,0,0
2024-04-06 00:00:00+00:00,2024,4,6,port1282,Tema,Ghana,GHA,2,1,0,0,0,3,3,16288,51905,0,0,0,68194,68194,0,0,0,0,0,0,0
2024-04-07 00:00:00+00:00,2024,4,7,port1282,Tema,Ghana,GHA,4,0,0,0,0,4,4,23334,0,0,0,0,23334,23334,0,0,0,0,0,0,0
2024-04-08 00:00:00+00:00,2024,4,8,port1282,Tema,Ghana,GHA,1,0,1,0,1,2,3,0,0,0,0,4085,0,4085,643,0,4579,0,1903,5222,7125
2024-04-09 00:00:00+00:00,2024,4,9,port1282,Tema,Ghana,GHA,4,2,0,0,0,6,6,60136,17908,0,0,0,78044,78044,1440,0,0,0,0,1440,1440
2024-04-10 00:00:00+00:00,2024,4,10,port1282,Tema,Ghana,GHA,3,1,0,1,1,5,6,0,877,0,2616,0,3494,3494,13860,0,0,0,0,13860,13860
2024-04-11 00:00:00+00:00,2024,4,11,port1282,Tema,Ghana,GHA,1,0,1,1,0,3,3,0,0,16954,3066,0,20020,20020,6492,0,0,0,0,6492,6492
2024-04-12 00:00:00+00:00,2024,4,12,port1282,Tema,Ghana,GHA,2,1,0,0,0,3,3,0,39811,0,0,0,39811,39811,29718,0,0,0,0,29718,29718
2024-04-13 00:00:00+00:00,2024,4,13,port1282,Tema,Ghana,GHA,4,0,0,0,1,4,5,40795,0,0,0,2153,40795,42949,2880,0,0,0,0,2880,2880
2024-04-14 00:00:00+00:00,2024,4,14,port1282,Tema,Ghana,GHA,2,2,0,0,0,4,4,11232,36625,0,0,0,47857,47857,0,789,0,0,0,789,789
2024-04-15 00:00:00+00:00,2024,4,15,port1282,Tema,Ghana,GHA,2,0,1,0,1,3,4,8627,0,4281,0,25843,12908,38752,1369,0,0,0,0,1369,1369
2024-04-16 00:00:00+00:00,2024,4,16,port1282,Tema,Ghana,GHA,3,1,1,0,0,5,5,21077,39781,2084,0,0,62944,62944,10355,0,775,0,0,11130,11130
2024-04-17 00:00:00+00:00,2024,4,17,port1282,Tema,Ghana,GHA,1,0,0,0,0,1,1,20803,0,0,0,0,20803,20803,0,0,0,0,0,0,0
2024-04-18 00:00:00+00:00,2024,4,18,port1282,Tema,Ghana,GHA,3,1,0,1,0,5,5,35435,20727,0,1146,0,57309,57309,2961,0,0,25,0,2986,2986
2024-04-19 00:00:00+00:00,2024,4,19,port1282,Tema,Ghana,GHA,2,0,1,0,0,3,3,8207,0,1200,0,0,9407,9407,3003,0,53,0,0,3057,3057
2024-04-20 00:00:00+00:00,2024,4,20,port1282,Tema,Ghana,GHA,1,1,0,0,2,2,4,0,4287,0,0,4085,4287,8372,3405,0,0,0,1903,3405,5309
2024-04-21 00:00:00+00:00,2024,4,21,port1282,Tema,Ghana,GHA,4,1,0,0,1,5,6,27915,41933,0,0,0,69848,69848,1250,0,0,0,1563,1250,2813
2024-04-22 00:00:00+00:00,2024,4,22,port1282,Tema,Ghana,GHA,2,0,0,0,1,2,3,9458,0,0,0,0,9458,9458,0,0,0,0,0,0,0
2024-04-23 00:00:00+00:00,2024,4,23,port1282,Tema,Ghana,GHA,4,0,0,0,0,4,4,93856,0,0,0,0,93856,93856,0,0,0,0,0,0,0
2024-04-24 00:00:00+00:00,2024,4,24,port1282,Tema,Ghana,GHA,1,2,1,0,1,4,5,8207,41214,2084,0,20959,51506,72466,1440,0,775,0,0,2215,2215
2024-04-25 00:00:00+00:00,2024,4,25,port1282,Tema,Ghana,GHA,1,0,0,0,1,1,2,0,0,0,0,4455,0,4455,14584,0,0,0,0,14584,14584
2024-04-26 00:00:00+00:00,2024,4,26,port1282,Tema,Ghana,GHA,2,3,0,0,0,5,5,6628,44462,0,0,0,51091,51091,20661,0,0,0,0,20661,20661
2024-04-27 00:00:00+00:00,2024,4,27,port1282,Tema,Ghana,GHA,3,1,1,0,1,5,6,11701,0,0,0,3578,11701,15279,0,14927,230,0,0,15158,15158
2024-04-28 00:00:00+00:00,2024,4,28,port1282,Tema,Ghana,GHA,2,0,0,0,0,2,2,0,0,0,0,0,0,0,15799,0,0,0,0,15799,15799
2024-04-29 00:00:00+00:00,2024,4,29,port1282,Tema,Ghana,GHA,1,1,0,0,0,2,2,3447,30262,0,0,0,33709,33709,0,0,0,0,0,0,0
2024-04-30 00:00:00+00:00,2024,4,30,port1282,Tema,Ghana,GHA,5,0,0,0,0,5,5,85433,0,0,0,0,85433,85433,1440,0,0,0,0,1440,1440
2024-05-01 00:00:00+00:00,2024,5,1,port1282,Tema,Ghana,GHA,4,1,0,0,1,5,6,35256,20399,0,0,0,55655,55655,0,789,0,0,35777,789,36566
2024-05-02 00:00:00+00:00,2024,5,2,port1282,Tema,Ghana,GHA,2,0,0,0,0,2,2,31223,0,0,0,0,31223,31223,0,0,0,0,0,0,0
2024-05-03 00:00:00+00:00,2024,5,3,port1282,Tema,Ghana,GHA,0,2,0,1,0,3,3,0,61271,0,2576,0,63848,63848,0,789,0,0,0,789,789
2024-05-04 00:00:00+00:00,2024,5,4,port1282,Tema,Ghana,GHA,1,1,0,0,0,2,2,15403,2215,0,0,0,17618,17618,0,0,0,0,0,0,0
2024-05-05 00:00:00+00:00,2024,5,5,port1282,Tema,Ghana,GHA,4,0,1,0,1,5,6,38935,0,2084,0,0,41020,41020,3230,0,775,0,0,4006,4006
2024-05-06 00:00:00+00:00,2024,5,6,port1282,Tema,Ghana,GHA,3,2,0,0,0,5,5,5538,20399,0,0,0,25938,25938,656,789,0,0,0,1446,1446
2024-05-07 00:00:00+00:00,2024,5,7,port1282,Tema,Ghana,GHA,3,0,0,0,0,3,3,30254,0,0,0,0,30254,30254,4535,0,0,0,0,4535,4535
2024-05-08 00:00:00+00:00,2024,5,8,port1282,Tema,Ghana,GHA,2,0,1,0,1,3,4,12683,0,1200,0,0,13883,13883,0,0,53,0,0,53,53
2024-05-09 00:00:00+00:00,2024,5,9,port1282,Tema,Ghana,GHA,3,1,0,0,0,4,4,26373,17673,0,0,0,44047,44047,0,0,0,0,0,0,0
2024-05-10 00:00:00+00:00,2024,5,10,port1282,Tema,Ghana,GHA,0,0,0,0,0,0,0,0,0,0,0,0,0,0,0,0,0,0,0,0,0
2024-05-11 00:00:00+00:00,2024,5,11,port1282,Tema,Ghana,GHA,3,0,0,1,1,4,5,61087,0,0,0,1346,61087,62434,22634,0,0,0,0,22634,22634
2024-05-12 00:00:00+00:00,2024,5,12,port1282,Tema,Ghana,GHA,2,0,1,0,0,3,3,7271,0,759,0,0,8030,8030,0,0,0,0,0,0,0
2024-05-13 00:00:00+00:00,2024,5,13,port1282,Tema,Ghana,GHA,4,0,0,0,1,4,5,32925,0,0,0,0,32925,32925,15172,0,0,0,0,15172,15172
2024-05-14 00:00:00+00:00,2024,5,14,port1282,Tema,Ghana,GHA,2,0,1,0,1,3,4,12224,0,9226,0,4085,21451,25536,0,0,0,0,1903,0,1903
2024-05-15 00:00:00+00:00,2024,5,15,port1282,Tema,Ghana,GHA,4,1,1,1,0,7,7,53919,20629,1638,1146,0,77333,77333,16696,0,0,25,0,16721,16721
2024-05-16 00:00:00+00:00,2024,5,16,port1282,Tema,Ghana,GHA,2,1,0,0,0,3,3,0,11520,0,0,0,11520,11520,1465,0,0,0,0,1465,1465
2024-05-17 00:00:00+00:00,2024,5,17,port1282,Tema,Ghana,GHA,2,1,0,0,1,3,4,10407,0,0,0,19109,10407,29517,0,14557,0,0,0,14557,14557
2024-05-18 00:00:00+00:00,2024,5,18,port1282,Tema,Ghana,GHA,2,0,0,0,1,2,3,0,0,0,0,0,0,0,9212,0,0,0,0,9212,9212
2024-05-19 00:00:00+00:00,2024,5,19,port1282,Tema,Ghana,GHA,2,1,1,0,0,4,4,7425,16501,6405,0,0,30332,30332,22634,0,0,0,0,22634,22634
2024-05-20 00:00:00+00:00,2024,5,20,port1282,Tema,Ghana,GHA,3,0,0,0,0,3,3,31904,0,0,0,0,31904,31904,0,0,0,0,0,0,0
2024-05-21 00:00:00+00:00,2024,5,21,port1282,Tema,Ghana,GHA,2,2,0,0,1,4,5,10862,49290,0,0,0,60152,60152,1440,0,0,0,0,1440,1440
2024-05-22 00:00:00+00:00,2024,5,22,port1282,Tema,Ghana,GHA,1,1,0,0,0,2,2,21795,2195,0,0,0,23991,23991,0,0,0,0,0,0,0
2024-05-23 00:00:00+00:00,2024,5,23,port1282,Tema,Ghana,GHA,0,1,0,0,1,1,2,0,20399,0,0,4085,20399,24484,0,789,0,0,1903,789,2692
2024-05-24 00:00:00+00:00,2024,5,24,port1282,Tema,Ghana,GHA,5,2,0,0,0,7,7,50107,39967,0,0,0,90075,90075,2888,0,0,0,0,2888,2888
2024-05-25 00:00:00+00:00,2024,5,25,port1282,Tema,Ghana,GHA,3,1,0,0,1,4,5,24429,2288,0,0,1845,26717,28563,14928,0,0,0,0,14928,14928
2024-05-26 00:00:00+00:00,2024,5,26,port1282,Tema,Ghana,GHA,2,1,0,0,1,3,4,19137,40244,0,0,25466,59382,84848,0,0,0,0,0,0,0
2024-05-27 00:00:00+00:00,2024,5,27,port1282,Tema,Ghana,GHA,2,1,1,0,0,4,4,17732,10211,2084,0,0,30029,30029,1969,0,775,0,0,2744,2744
2024-05-28 00:00:00+00:00,2024,5,28,port1282,Tema,Ghana,GHA,2,1,2,0,1,5,6,0,34418,3095,0,13299,37513,50813,10034,0,775,0,0,10810,10810
2024-05-29 00:00:00+00:00,2024,5,29,port1282,Tema,Ghana,GHA,4,0,1,0,0,5,5,21874,0,1291,0,0,23166,23166,2764,0,0,0,0,2764,2764
2024-05-30 00:00:00+00:00,2024,5,30,port1282,Tema,Ghana,GHA,3,1,0,0,1,4,5,26767,2901,0,0,0,29668,29668,0,0,0,0,4455,0,4455
2024-05-31 00:00:00+00:00,2024,5,31,port1282,Tema,Ghana,GHA,2,2,2,0,0,6,6,35949,2779,6516,0,0,45245,45245,0,0,0,0,0,0,0
2024-06-01 00:00:00+00:00,2024,6,1,port1282,Tema,Ghana,GHA,3,0,0,0,0,3,3,11853,0,0,0,0,11853,11853,5181,0,0,0,0,5181,5181
2024-06-02 00:00:00+00:00,2024,6,2,port1282,Tema,Ghana,GHA,4,2,0,0,0,6,6,18742,33050,0,0,0,51793,51793,1111,789,0,0,0,1900,1900
2024-06-03 00:00:00+00:00,2024,6,3,port1282,Tema,Ghana,GHA,0,2,0,0,0,2,2,0,20161,0,0,0,20161,20161,0,0,0,0,0,0,0
2024-06-04 00:00:00+00:00,2024,6,4,port1282,Tema,Ghana,GHA,4,1,0,0,0,5,5,24614,42864,0,0,0,67478,67478,1707,0,0,0,0,1707,1707
2024-06-05 00:00:00+00:00,2024,6,5,port1282,Tema,Ghana,GHA,3,0,0,0,0,3,3,10587,0,0,0,0,10587,10587,11296,0,0,0,0,11296,11296
2024-06-06 00:00:00+00:00,2024,6,6,port1282,Tema,Ghana,GHA,2,2,1,0,1,5,6,12207,8463,2084,0,19545,22756,42301,21161,0,775,0,0,21937,21937
2024-06-07 00:00:00+00:00,2024,6,7,port1282,Tema,Ghana,GHA,2,0,0,0,0,2,2,24232,0,0,0,0,24232,24232,0,0,0,0,0,0,0
2024-06-08 00:00:00+00:00,2024,6,8,port1282,Tema,Ghana,GHA,3,1,0,0,1,4,5,41071,10994,0,0,861,52066,52928,0,0,0,0,0,0,0
2024-06-09 00:00:00+00:00,2024,6,9,port1282,Tema,Ghana,GHA,3,2,0,0,0,5,5,20538,26835,0,0,0,47374,47374,27,0,0,0,0,27,27
2024-06-10 00:00:00+00:00,2024,6,10,port1282,Tema,Ghana,GHA,3,0,0,0,0,3,3,30612,0,0,0,0,30612,30612,1440,0,0,0,0,1440,1440
2024-06-11 00:00:00+00:00,2024,6,11,port1282,Tema,Ghana,GHA,3,3,0,0,1,6,7,16414,36683,0,0,2371,53098,55469,13289,0,0,0,0,13289,13289
2024-06-12 00:00:00+00:00,2024,6,12,port1282,Tema,Ghana,GHA,2,0,0,0,0,2,2,32385,0,0,0,0,32385,32385,0,0,0,0,0,0,0
2024-06-13 00:00:00+00:00,2024,6,13,port1282,Tema,Ghana,GHA,2,2,0,0,1,4,5,3208,62937,0,0,7988,66146,74134,647,789,0,0,0,1436,1436
2024-06-14 00:00:00+00:00,2024,6,14,port1282,Tema,Ghana,GHA,3,0,1,0,0,4,4,14147,0,2084,0,0,16231,16231,7250,0,775,0,0,8025,8025
2024-06-15 00:00:00+00:00,2024,6,15,port1282,Tema,Ghana,GHA,3,1,0,0,0,4,4,32583,35715,0,0,0,68299,68299,0,0,0,0,0,0,0
2024-06-16 00:00:00+00:00,2024,6,16,port1282,Tema,Ghana,GHA,1,0,0,0,0,1,1,4144,0,0,0,0,4144,4144,0,0,0,0,0,0,0
2024-06-17 00:00:00+00:00,2024,6,17,port1282,Tema,Ghana,GHA,4,1,2,0,1,7,8,39669,0,1154,0,3713,40823,44537,4511,23077,2713,0,0,30301,30301
2024-06-18 00:00:00+00:00,2024,6,18,port1282,Tema,Ghana,GHA,3,2,0,0,0,5,5,12462,73177,0,0,0,85640,85640,1440,0,0,0,0,1440,1440
2024-06-19 00:00:00+00:00,2024,6,19,port1282,Tema,Ghana,GHA,3,2,0,0,0,5,5,16414,13187,0,0,0,29601,29601,4779,0,0,0,0,4779,4779
2024-06-20 00:00:00+00:00,2024,6,20,port1282,Tema,Ghana,GHA,2,1,0,0,0,3,3,42605,12104,0,0,0,54709,54709,1440,0,0,0,0,1440,1440
2024-06-21 00:00:00+00:00,2024,6,21,port1282,Tema,Ghana,GHA,4,0,1,0,0,5,5,44043,0,459,0,0,44502,44502,1976,0,0,0,0,1976,1976
2024-06-22 00:00:00+00:00,2024,6,22,port1282,Tema,Ghana,GHA,1,1,0,0,2,2,4,5721,30207,0,0,0,35928,35928,0,0,0,0,0,0,0
2024-06-23 00:00:00+00:00,2024,6,23,port1282,Tema,Ghana,GHA,3,1,0,0,0,4,4,3441,40315,0,0,0,43757,43757,12840,0,0,0,0,12840,12840
2024-06-24 00:00:00+00:00,2024,6,24,port1282,Tema,Ghana,GHA,3,0,0,0,0,3,3,9844,0,0,0,0,9844,9844,0,0,0,0,0,0,0
2024-06-25 00:00:00+00:00,2024,6,25,port1282,Tema,Ghana,GHA,3,0,0,1,2,4,6,8331,0,0,2829,22474,11161,33635,550,0,0,0,4455,550,5006
2024-06-26 00:00:00+00:00,2024,6,26,port1282,Tema,Ghana,GHA,6,2,0,0,0,8,8,33521,17946,0,0,0,51467,51467,9741,0,0,0,0,9741,9741
2024-06-27 00:00:00+00:00,2024,6,27,port1282,Tema,Ghana,GHA,1,0,0,0,1,1,2,12151,0,0,0,0,12151,12151,0,0,0,0,0,0,0
2024-06-28 00:00:00+00:00,2024,6,28,port1282,Tema,Ghana,GHA,1,4,0,0,0,5,5,37013,58282,0,0,0,95295,95295,0,0,0,0,0,0,0
2024-06-29 00:00:00+00:00,2024,6,29,port1282,Tema,Ghana,GHA,2,1,0,1,0,4,4,8366,24889,0,0,0,33255,33255,3165,0,0,0,0,3165,3165
2024-06-30 00:00:00+00:00,2024,6,30,port1282,Tema,Ghana,GHA,3,1,0,0,1,4,5,23100,2212,0,0,918,25312,26231,21161,0,0,0,0,21161,21161
2024-07-01 00:00:00+00:00,2024,7,1,port1282,Tema,Ghana,GHA,1,2,0,0,0,3,3,6720,44465,0,0,0,51185,51185,0,0,0,0,0,0,0
2024-07-02 00:00:00+00:00,2024,7,2,port1282,Tema,Ghana,GHA,2,0,0,1,0,3,3,27657,0,0,0,0,27657,27657,0,0,0,0,0,0,0
2024-07-03 00:00:00+00:00,2024,7,3,port1282,Tema,Ghana,GHA,1,0,1,0,0,2,2,12122,0,7205,0,0,19328,19328,0,0,0,0,0,0,0
2024-07-04 00:00:00+00:00,2024,7,4,port1282,Tema,Ghana,GHA,3,1,0,0,0,4,4,14299,48366,0,0,0,62666,62666,1919,0,0,0,0,1919,1919
2024-07-05 00:00:00+00:00,2024,7,5,port1282,Tema,Ghana,GHA,2,1,0,0,0,3,3,0,5045,0,0,0,5045,5045,16048,0,0,0,0,16048,16048
2024-07-06 00:00:00+00:00,2024,7,6,port1282,Tema,Ghana,GHA,3,0,0,0,1,3,4,19393,0,0,0,0,19393,19393,27,0,0,0,0,27,27
2024-07-07 00:00:00+00:00,2024,7,7,port1282,Tema,Ghana,GHA,3,2,0,0,1,5,6,50988,43645,0,0,0,94634,94634,0,0,0,0,29230,0,29230
2024-07-08 00:00:00+00:00,2024,7,8,port1282,Tema,Ghana,GHA,1,0,1,0,1,2,3,6325,0,1400,0,0,7726,7726,0,0,0,0,0,0,0
2024-07-09 00:00:00+00:00,2024,7,9,port1282,Tema,Ghana,GHA,4,1,1,0,1,6,7,15574,0,1057,0,22707,16632,39339,0,0,0,0,0,0,0
2024-07-10 00:00:00+00:00,2024,7,10,port1282,Tema,Ghana,GHA,1,3,1,0,0,5,5,7204,37154,0,0,0,44358,44358,0,0,1596,0,0,1596,1596
2024-07-11 00:00:00+00:00,2024,7,11,port1282,Tema,Ghana,GHA,2,0,0,0,1,2,3,8207,0,0,0,0,8207,8207,3462,0,0,0,0,3462,3462
2024-07-12 00:00:00+00:00,2024,7,12,port1282,Tema,Ghana,GHA,4,0,0,0,1,4,5,25711,0,0,0,276,25711,25987,26371,0,0,0,0,26371,26371
2024-07-13 00:00:00+00:00,2024,7,13,port1282,Tema,Ghana,GHA,2,0,1,0,1,3,4,23469,0,2139,0,0,25609,25609,1440,0,0,0,4458,1440,5898
2024-07-14 00:00:00+00:00,2024,7,14,port1282,Tema,Ghana,GHA,2,0,0,0,0,2,2,16560,0,0,0,0,16560,16560,0,0,0,0,0,0,0
2024-07-15 00:00:00+00:00,2024,7,15,port1282,Tema,Ghana,GHA,2,1,0,0,1,3,4,15610,11067,0,0,6829,26677,33507,0,0,0,0,0,0,0
2024-07-16 00:00:00+00:00,2024,7,16,port1282,Tema,Ghana,GHA,3,1,0,0,1,4,5,34556,29753,0,0,0,64309,64309,20511,0,0,0,0,20511,20511
2024-07-17 00:00:00+00:00,2024,7,17,port1282,Tema,Ghana,GHA,2,2,1,0,1,5,6,0,20399,6760,0,1178,27160,28338,11251,2974,0,0,0,14226,14226
2024-07-18 00:00:00+00:00,2024,7,18,port1282,Tema,Ghana,GHA,3,0,0,0,0,3,3,30354,0,0,0,0,30354,30354,0,0,0,0,0,0,0
2024-07-19 00:00:00+00:00,2024,7,19,port1282,Tema,Ghana,GHA,5,0,0,0,1,5,6,37991,0,0,0,1838,37991,39830,19218,0,0,0,4072,19218,23290
2024-07-20 00:00:00+00:00,2024,7,20,port1282,Tema,Ghana,GHA,1,1,1,1,0,4,4,5185,27885,480,509,0,34060,34060,0,0,0,0,0,0,0
2024-07-21 00:00:00+00:00,2024,7,21,port1282,Tema,Ghana,GHA,5,1,0,0,0,6,6,76100,48864,0,0,0,124965,124965,7490,0,0,0,0,7490,7490
2024-07-22 00:00:00+00:00,2024,7,22,port1282,Tema,Ghana,GHA,1,1,0,0,1,2,3,0,0,0,0,30240,0,30240,25684,0,0,0,0,25684,25684
2024-07-23 00:00:00+00:00,2024,7,23,port1282,Tema,Ghana,GHA,3,2,0,0,1,5,6,11971,58344,0,0,11386,70315,81702,1467,0,0,0,0,1467,1467
2024-07-24 00:00:00+00:00,2024,7,24,port1282,Tema,Ghana,GHA,3,1,0,0,0,4,4,24377,4063,0,0,0,28440,28440,2880,0,0,0,0,2880,2880
2024-07-25 00:00:00+00:00,2024,7,25,port1282,Tema,Ghana,GHA,3,1,1,0,1,5,6,16605,40235,2515,0,3227,59355,62583,8987,0,0,0,0,8987,8987
2024-07-26 00:00:00+00:00,2024,7,26,port1282,Tema,Ghana,GHA,2,0,0,1,0,3,3,5743,0,0,0,0,5743,5743,0,0,0,0,0,0,0
2024-07-27 00:00:00+00:00,2024,7,27,port1282,Tema,Ghana,GHA,3,1,0,0,1,4,5,13572,30501,0,0,22815,44074,66889,1622,0,0,0,0,1622,1622
2024-07-28 00:00:00+00:00,2024,7,28,port1282,Tema,Ghana,GHA,2,0,0,0,0,2,2,10302,0,0,0,0,10302,10302,4072,0,0,0,0,4072,4072
2024-07-29 00:00:00+00:00,2024,7,29,port1282,Tema,Ghana,GHA,5,0,2,0,0,7,7,35872,0,2084,0,0,37957,37957,2880,0,3443,0,0,6323,6323
2024-07-30 00:00:00+00:00,2024,7,30,port1282,Tema,Ghana,GHA,0,2,0,0,0,2,2,0,13225,0,0,0,13225,13225,0,0,0,0,0,0,0
2024-07-31 00:00:00+00:00,2024,7,31,port1282,Tema,Ghana,GHA,4,1,0,0,0,5,5,59542,20399,0,0,0,79941,79941,0,789,0,0,0,789,789
2024-08-01 00:00:00+00:00,2024,8,1,port1282,Tema,Ghana,GHA,1,1,0,0,0,2,2,0,39637,0,0,0,39637,39637,18677,0,0,0,0,18677,18677
2024-08-02 00:00:00+00:00,2024,8,2,port1282,Tema,Ghana,GHA,5,0,0,0,2,5,7,20403,0,0,0,3776,20403,24180,6119,0,0,0,0,6119,6119
2024-08-03 00:00:00+00:00,2024,8,3,port1282,Tema,Ghana,GHA,4,1,0,0,0,5,5,26171,39068,0,0,0,65240,65240,13310,0,0,0,0,13310,13310
2024-08-04 00:00:00+00:00,2024,8,4,port1282,Tema,Ghana,GHA,2,0,0,0,1,2,3,25526,0,0,0,6155,25526,31681,0,0,0,0,3183,0,3183
2024-08-05 00:00:00+00:00,2024,8,5,port1282,Tema,Ghana,GHA,4,1,0,0,0,5,5,55354,40425,0,0,0,95780,95780,0,0,0,0,0,0,0
2024-08-06 00:00:00+00:00,2024,8,6,port1282,Tema,Ghana,GHA,2,2,0,0,0,4,4,17938,67244,0,0,0,85182,85182,1440,0,0,0,0,1440,1440
2024-08-07 00:00:00+00:00,2024,8,7,port1282,Tema,Ghana,GHA,4,0,0,0,0,4,4,40485,0,0,0,0,40485,40485,21161,0,0,0,0,21161,21161
2024-08-08 00:00:00+00:00,2024,8,8,port1282,Tema,Ghana,GHA,3,2,0,0,0,5,5,8207,75314,0,0,0,83522,83522,28645,0,0,0,0,28645,28645
2024-08-09 00:00:00+00:00,2024,8,9,port1282,Tema,Ghana,GHA,2,3,0,0,0,5,5,9070,82816,0,0,0,91887,91887,1467,0,0,0,0,1467,1467
2024-08-10 00:00:00+00:00,2024,8,10,port1282,Tema,Ghana,GHA,4,0,0,0,0,4,4,22779,0,0,0,0,22779,22779,26821,0,0,0,0,26821,26821
2024-08-11 00:00:00+00:00,2024,8,11,port1282,Tema,Ghana,GHA,3,1,0,1,1,5,6,19877,32923,0,1146,22707,53947,76654,1440,0,0,25,0,1465,1465
2024-08-12 00:00:00+00:00,2024,8,12,port1282,Tema,Ghana,GHA,3,1,0,0,0,4,4,5052,2868,0,0,0,7920,7920,0,0,0,0,0,0,0
2024-08-13 00:00:00+00:00,2024,8,13,port1282,Tema,Ghana,GHA,4,0,0,0,0,4,4,49563,0,0,0,0,49563,49563,0,0,0,0,0,0,0
2024-08-14 00:00:00+00:00,2024,8,14,port1282,Tema,Ghana,GHA,1,1,1,0,0,3,3,30846,49419,2329,0,0,82594,82594,0,0,0,0,0,0,0
2024-08-15 00:00:00+00:00,2024,8,15,port1282,Tema,Ghana,GHA,3,1,0,0,0,4,4,22146,46523,0,0,0,68669,68669,0,0,0,0,0,0,0
2024-08-16 00:00:00+00:00,2024,8,16,port1282,Tema,Ghana,GHA,2,1,0,0,0,3,3,0,39377,0,0,0,39377,39377,16846,0,0,0,0,16846,16846
2024-08-17 00:00:00+00:00,2024,8,17,port1282,Tema,Ghana,GHA,2,2,0,0,0,4,4,15384,29158,0,0,0,44543,44543,1440,0,0,0,0,1440,1440
2024-08-18 00:00:00+00:00,2024,8,18,port1282,Tema,Ghana,GHA,3,1,0,0,0,4,4,14056,0,0,0,0,14056,14056,21052,14562,0,0,0,35614,35614
2024-08-19 00:00:00+00:00,2024,8,19,port1282,Tema,Ghana,GHA,1,0,0,0,1,1,2,8207,0,0,0,0,8207,8207,1440,0,0,0,0,1440,1440
2024-08-20 00:00:00+00:00,2024,8,20,port1282,Tema,Ghana,GHA,4,0,0,1,0,5,5,21238,0,0,0,0,21238,21238,1440,0,0,0,0,1440,1440
2024-08-21 00:00:00+00:00,2024,8,21,port1282,Tema,Ghana,GHA,4,1,1,0,0,6,6,28772,46867,2084,0,0,77725,77725,26581,0,775,0,0,27357,27357
2024-08-22 00:00:00+00:00,2024,8,22,port1282,Tema,Ghana,GHA,3,1,0,1,1,5,6,24351,0,0,0,0,24351,24351,27273,0,0,0,0,27273,27273
2024-08-23 00:00:00+00:00,2024,8,23,port1282,Tema,Ghana,GHA,3,0,0,0,0,3,3,62090,0,0,0,0,62090,62090,0,0,0,0,0,0,0
2024-08-24 00:00:00+00:00,2024,8,24,port1282,Tema,Ghana,GHA,3,1,0,0,0,4,4,34135,39681,0,0,0,73816,73816,2880,0,0,0,0,2880,2880
2024-08-25 00:00:00+00:00,2024,8,25,port1282,Tema,Ghana,GHA,0,2,0,0,0,2,2,0,55112,0,0,0,55112,55112,0,0,0,0,0,0,0
2024-08-26 00:00:00+00:00,2024,8,26,port1282,Tema,Ghana,GHA,4,0,0,0,1,4,5,44330,0,0,0,0,44330,44330,0,0,0,0,0,0,0
2024-08-27 00:00:00+00:00,2024,8,27,port1282,Tema,Ghana,GHA,2,1,0,0,1,3,4,14555,44826,0,0,19023,59382,78406,0,0,0,0,0,0,0
2024-08-28 00:00:00+00:00,2024,8,28,port1282,Tema,Ghana,GHA,4,0,1,0,0,5,5,16742,0,0,0,0,16742,16742,0,0,2778,0,0,2778,2778
2024-08-29 00:00:00+00:00,2024,8,29,port1282,Tema,Ghana,GHA,5,0,0,0,0,5,5,18931,0,0,0,0,18931,18931,8611,0,0,0,0,8611,8611
2024-08-30 00:00:00+00:00,2024,8,30,port1282,Tema,Ghana,GHA,4,2,0,0,0,6,6,52669,2587,0,0,0,55256,55256,8214,0,0,0,0,8214,8214
2024-08-31 00:00:00+00:00,2024,8,31,port1282,Tema,Ghana,GHA,2,2,0,0,0,4,4,18710,90526,0,0,0,109236,109236,0,0,0,0,0,0,0
2024-09-01 00:00:00+00:00,2024,9,1,port1282,Tema,Ghana,GHA,1,0,0,0,0,1,1,631,0,0,0,0,631,631,0,0,0,0,0,0,0
2024-09-02 00:00:00+00:00,2024,9,2,port1282,Tema,Ghana,GHA,4,0,1,0,0,5,5,13758,0,153,0,0,13911,13911,43120,0,0,0,0,43120,43120
2024-09-03 00:00:00+00:00,2024,9,3,port1282,Tema,Ghana,GHA,2,0,0,0,1,2,3,10255,0,0,0,458,10255,10714,0,0,0,0,0,0,0
2024-09-04 00:00:00+00:00,2024,9,4,port1282,Tema,Ghana,GHA,3,2,0,0,0,5,5,10305,41029,0,0,0,51334,51334,0,0,0,0,0,0,0
2024-09-05 00:00:00+00:00,2024,9,5,port1282,Tema,Ghana,GHA,5,1,0,0,1,6,7,34789,20399,0,0,4085,55188,59273,22277,789,0,0,1903,23066,24969
2024-09-06 00:00:00+00:00,2024,9,6,port1282,Tema,Ghana,GHA,3,1,1,0,0,5,5,30054,34829,0,0,0,64884,64884,6415,0,2064,0,0,8480,8480
2024-09-07 00:00:00+00:00,2024,9,7,port1282,Tema,Ghana,GHA,1,1,0,0,2,2,4,4401,29785,0,0,0,34187,34187,0,0,0,0,0,0,0
2024-09-08 00:00:00+00:00,2024,9,8,port1282,Tema,Ghana,GHA,3,1,1,0,0,5,5,18047,2091,10252,0,0,30391,30391,19174,0,0,0,0,19174,19174
2024-09-09 00:00:00+00:00,2024,9,9,port1282,Tema,Ghana,GHA,2,0,0,1,0,3,3,19528,0,0,0,0,19528,19528,0,0,0,0,0,0,0
2024-09-10 00:00:00+00:00,2024,9,10,port1282,Tema,Ghana,GHA,2,1,0,0,1,3,4,8207,0,0,0,872,8207,9079,21917,0,0,0,0,21917,21917
2024-09-11 00:00:00+00:00,2024,9,11,port1282,Tema,Ghana,GHA,2,3,0,0,0,5,5,4731,84407,0,0,0,89138,89138,3250,0,0,0,0,3250,3250
2024-09-12 00:00:00+00:00,2024,9,12,port1282,Tema,Ghana,GHA,5,0,0,0,0,5,5,68898,0,0,0,0,68898,68898,0,0,0,0,0,0,0
2024-09-13 00:00:00+00:00,2024,9,13,port1282,Tema,Ghana,GHA,2,0,0,0,0,2,2,16718,0,0,0,0,16718,16718,0,0,0,0,0,0,0
2024-09-14 00:00:00+00:00,2024,9,14,port1282,Tema,Ghana,GHA,0,0,0,0,0,0,0,0,0,0,0,0,0,0,0,0,0,0,0,0,0
2024-09-15 00:00:00+00:00,2024,9,15,port1282,Tema,Ghana,GHA,2,0,1,0,0,3,3,17420,0,0,0,0,17420,17420,0,0,686,0,0,686,686
2024-09-16 00:00:00+00:00,2024,9,16,port1282,Tema,Ghana,GHA,2,0,2,0,0,4,4,32459,0,2820,0,0,35280,35280,0,0,0,0,0,0,0
2024-09-17 00:00:00+00:00,2024,9,17,port1282,Tema,Ghana,GHA,3,2,0,0,1,5,6,16414,33105,0,0,5867,49519,55387,21188,0,0,0,0,21188,21188
2024-09-18 00:00:00+00:00,2024,9,18,port1282,Tema,Ghana,GHA,5,1,1,1,0,8,8,30340,13545,1689,1172,0,46747,46747,7139,0,0,0,0,7139,7139
2024-09-19 00:00:00+00:00,2024,9,19,port1282,Tema,Ghana,GHA,2,1,0,1,0,4,4,25110,0,0,1528,0,26639,26639,0,0,0,0,0,0,0
2024-09-20 00:00:00+00:00,2024,9,20,port1282,Tema,Ghana,GHA,1,0,0,0,0,1,1,0,0,0,0,0,0,0,3209,0,0,0,0,3209,3209
2024-09-21 00:00:00+00:00,2024,9,21,port1282,Tema,Ghana,GHA,6,2,0,0,1,8,9,39649,32139,0,0,1773,71788,73562,0,0,0,0,0,0,0
2024-09-22 00:00:00+00:00,2024,9,22,port1282,Tema,Ghana,GHA,2,1,0,0,0,3,3,9266,0,0,0,0,9266,9266,1440,0,0,0,0,1440,1440
2024-09-23 00:00:00+00:00,2024,9,23,port1282,Tema,Ghana,GHA,2,1,0,0,0,3,3,17228,43930,0,0,0,61158,61158,3588,0,0,0,0,3588,3588
2024-09-24 00:00:00+00:00,2024,9,24,port1282,Tema,Ghana,GHA,4,1,0,0,0,5,5,18627,0,0,0,0,18627,18627,0,15725,0,0,0,15725,15725
2024-09-25 00:00:00+00:00,2024,9,25,port1282,Tema,Ghana,GHA,1,0,0,0,1,1,2,39865,0,0,0,0,39865,39865,0,0,0,0,31274,0,31274
2024-09-26 00:00:00+00:00,2024,9,26,port1282,Tema,Ghana,GHA,3,2,0,0,0,5,5,5217,55127,0,0,0,60344,60344,14610,0,0,0,0,14610,14610
2024-09-27 00:00:00+00:00,2024,9,27,port1282,Tema,Ghana,GHA,2,0,0,0,1,2,3,19220,0,0,0,4085,19220,23306,0,0,0,0,1903,0,1903
2024-09-28 00:00:00+00:00,2024,9,28,port1282,Tema,Ghana,GHA,5,1,0,0,1,6,7,22079,33701,0,0,0,55780,55780,6548,0,0,0,0,6548,6548
2024-09-29 00:00:00+00:00,2024,9,29,port1282,Tema,Ghana,GHA,2,2,0,0,0,4,4,15754,53917,0,0,0,69671,69671,18180,0,0,0,0,18180,18180
2024-09-30 00:00:00+00:00,2024,9,30,port1282,Tema,Ghana,GHA,3,2,0,0,0,5,5,18099,68566,0,0,0,86666,86666,1440,0,0,0,0,1440,1440
2024-10-01 00:00:00+00:00,2024,10,1,port1282,Tema,Ghana,GHA,2,1,0,0,0,3,3,9925,0,0,0,0,9925,9925,0,1847,0,0,0,1847,1847
2024-10-02 00:00:00+00:00,2024,10,2,port1282,Tema,Ghana,GHA,2,1,0,0,1,3,4,10388,39774,0,0,14726,50162,64889,1440,0,0,0,0,1440,1440
2024-10-03 00:00:00+00:00,2024,10,3,port1282,Tema,Ghana,GHA,3,0,1,0,0,4,4,11145,0,8404,0,0,19550,19550,1440,0,0,0,0,1440,1440
2024-10-04 00:00:00+00:00,2024,10,4,port1282,Tema,Ghana,GHA,0,2,0,0,0,2,2,0,45289,0,0,0,45289,45289,0,0,0,0,0,0,0
2024-10-05 00:00:00+00:00,2024,10,5,port1282,Tema,Ghana,GHA,4,1,0,0,1,5,6,20254,27081,0,0,842,47335,48178,0,0,0,0,0,0,0
2024-10-06 00:00:00+00:00,2024,10,6,port1282,Tema,Ghana,GHA,3,0,0,0,2,3,5,15657,0,0,0,17607,15657,33265,4443,0,0,0,0,4443,4443
2024-10-07 00:00:00+00:00,2024,10,7,port1282,Tema,Ghana,GHA,3,1,0,0,0,4,4,50399,0,0,0,0,50399,50399,0,0,0,0,0,0,0
2024-10-08 00:00:00+00:00,2024,10,8,port1282,Tema,Ghana,GHA,1,0,1,0,0,2,2,5230,0,907,0,0,6137,6137,0,0,0,0,0,0,0
2024-10-09 00:00:00+00:00,2024,10,9,port1282,Tema,Ghana,GHA,4,1,1,0,0,6,6,68254,6492,4872,0,0,79619,79619,1440,0,0,0,0,1440,1440
2024-10-10 00:00:00+00:00,2024,10,10,port1282,Tema,Ghana,GHA,3,1,0,0,1,4,5,12478,20399,0,0,15483,32878,48361,4535,789,0,0,0,5325,5325
2024-10-11 00:00:00+00:00,2024,10,11,port1282,Tema,Ghana,GHA,2,1,0,0,1,3,4,54102,38774,0,0,0,92877,92877,0,0,0,0,0,0,0
2024-10-12 00:00:00+00:00,2024,10,12,port1282,Tema,Ghana,GHA,3,3,0,0,0,6,6,24511,77493,0,0,0,102005,102005,1440,0,0,0,0,1440,1440
2024-10-13 00:00:00+00:00,2024,10,13,port1282,Tema,Ghana,GHA,2,0,0,1,1,3,4,23214,0,0,0,0,23214,23214,0,0,0,508,0,508,508
2024-10-14 00:00:00+00:00,2024,10,14,port1282,Tema,Ghana,GHA,2,0,0,0,0,2,2,13544,0,0,0,0,13544,13544,0,0,0,0,0,0,0
2024-10-15 00:00:00+00:00,2024,10,15,port1282,Tema,Ghana,GHA,3,0,0,0,0,3,3,19707,0,0,0,0,19707,19707,2711,0,0,0,0,2711,2711
2024-10-16 00:00:00+00:00,2024,10,16,port1282,Tema,Ghana,GHA,2,0,0,0,0,2,2,25486,0,0,0,0,25486,25486,0,0,0,0,0,0,0
2024-10-17 00:00:00+00:00,2024,10,17,port1282,Tema,Ghana,GHA,4,2,1,0,1,7,8,57465,63507,0,0,8284,120973,129258,22087,0,1138,0,0,23225,23225
2024-10-18 00:00:00+00:00,2024,10,18,port1282,Tema,Ghana,GHA,3,1,0,0,0,4,4,24478,29385,0,0,0,53864,53864,4980,0,0,0,0,4980,4980
2024-10-19 00:00:00+00:00,2024,10,19,port1282,Tema,Ghana,GHA,2,1,2,0,0,5,5,10438,8662,2655,0,0,21756,21756,0,0,775,0,0,775,775
2024-10-20 00:00:00+00:00,2024,10,20,port1282,Tema,Ghana,GHA,2,1,0,0,1,3,4,8207,25449,0,0,0,33656,33656,2710,0,0,0,0,2710,2710
2024-10-21 00:00:00+00:00,2024,10,21,port1282,Tema,Ghana,GHA,5,2,2,0,0,9,9,30004,29784,3766,0,0,63555,63555,8698,0,1353,0,0,10051,10051
2024-10-22 00:00:00+00:00,2024,10,22,port1282,Tema,Ghana,GHA,4,0,0,0,0,4,4,7434,0,0,0,0,7434,7434,19174,0,0,0,0,19174,19174
2024-10-23 00:00:00+00:00,2024,10,23,port1282,Tema,Ghana,GHA,4,1,1,1,0,7,7,58373,6124,3219,0,0,67717,67717,14845,0,0,0,0,14845,14845
2024-10-24 00:00:00+00:00,2024,10,24,port1282,Tema,Ghana,GHA,1,2,0,0,0,3,3,18901,82024,0,0,0,100925,100925,0,0,0,0,0,0,0
2024-10-25 00:00:00+00:00,2024,10,25,port1282,Tema,Ghana,GHA,1,1,2,0,0,4,4,8207,7944,2084,0,0,18236,18236,1440,0,5158,0,0,6598,6598
2024-10-26 00:00:00+00:00,2024,10,26,port1282,Tema,Ghana,GHA,5,0,0,0,0,5,5,13422,0,0,0,0,13422,13422,21067,0,0,0,0,21067,21067
2024-10-27 00:00:00+00:00,2024,10,27,port1282,Tema,Ghana,GHA,3,1,1,0,1,5,6,25019,15229,3670,0,7119,43919,51039,4062,0,0,0,839,4062,4901
2024-10-28 00:00:00+00:00,2024,10,28,port1282,Tema,Ghana,GHA,4,0,1,0,0,5,5,21342,0,187,0,0,21530,21530,0,0,0,0,0,0,0
2024-10-29 00:00:00+00:00,2024,10,29,port1282,Tema,Ghana,GHA,3,2,0,0,0,5,5,60782,31739,0,0,0,92521,92521,0,0,0,0,0,0,0
2024-10-30 00:00:00+00:00,2024,10,30,port1282,Tema,Ghana,GHA,1,0,1,0,1,2,3,7174,0,10439,0,22474,17613,40087,0,0,0,0,0,0,0
2024-10-31 00:00:00+00:00,2024,10,31,port1282,Tema,Ghana,GHA,3,0,0,0,0,3,3,10188,0,0,0,0,10188,10188,10438,0,0,0,0,10438,10438
2024-11-01 00:00:00+00:00,2024,11,1,port1282,Tema,Ghana,GHA,4,1,1,0,1,6,7,36003,10038,1201,0,0,47243,47243,3876,0,0,0,0,3876,3876
2024-11-02 00:00:00+00:00,2024,11,2,port1282,Tema,Ghana,GHA,2,2,0,1,0,5,5,24529,48585,0,0,0,73114,73114,0,0,0,0,0,0,0
2024-11-03 00:00:00+00:00,2024,11,3,port1282,Tema,Ghana,GHA,2,0,0,1,0,3,3,14896,0,0,1146,0,16042,16042,0,0,0,25,0,25,25
2024-11-04 00:00:00+00:00,2024,11,4,port1282,Tema,Ghana,GHA,3,0,0,0,0,3,3,26003,0,0,0,0,26003,26003,0,0,0,0,0,0,0
2024-11-05 00:00:00+00:00,2024,11,5,port1282,Tema,Ghana,GHA,3,0,0,0,1,3,4,52196,0,0,0,7119,52196,59315,15939,0,0,0,839,15939,16778
2024-11-06 00:00:00+00:00,2024,11,6,port1282,Tema,Ghana,GHA,2,0,1,0,0,3,3,10512,0,864,0,0,11377,11377,13245,0,0,0,0,13245,13245
2024-11-07 00:00:00+00:00,2024,11,7,port1282,Tema,Ghana,GHA,2,3,0,0,0,5,5,12905,61934,0,0,0,74840,74840,0,0,0,0,0,0,0
2024-11-08 00:00:00+00:00,2024,11,8,port1282,Tema,Ghana,GHA,3,1,0,1,1,5,6,10074,5419,0,0,22682,15494,38176,4447,0,0,0,0,4447,4447
2024-11-09 00:00:00+00:00,2024,11,9,port1282,Tema,Ghana,GHA,4,0,0,0,0,4,4,7842,0,0,0,0,7842,7842,1498,0,0,0,0,1498,1498
2024-11-10 00:00:00+00:00,2024,11,10,port1282,Tema,Ghana,GHA,4,1,2,0,0,7,7,42124,37033,12770,0,0,91928,91928,1440,0,2008,0,0,3448,3448
2024-11-11 00:00:00+00:00,2024,11,11,port1282,Tema,Ghana,GHA,1,2,0,0,1,3,4,5287,20399,0,0,0,25686,25686,0,49286,0,0,0,49286,49286
2024-11-12 00:00:00+00:00,2024,11,12,port1282,Tema,Ghana,GHA,3,2,0,0,0,5,5,18564,47599,0,0,0,66164,66164,8010,26948,0,0,0,34959,34959
2024-11-13 00:00:00+00:00,2024,11,13,port1282,Tema,Ghana,GHA,3,1,0,0,1,4,5,20404,20399,0,0,479,40804,41283,16687,789,0,0,0,17477,17477
2024-11-14 00:00:00+00:00,2024,11,14,port1282,Tema,Ghana,GHA,3,3,0,0,0,6,6,19313,63642,0,0,0,82955,82955,3774,0,0,0,0,3774,3774
2024-11-15 00:00:00+00:00,2024,11,15,port1282,Tema,Ghana,GHA,1,1,1,0,1,3,4,13727,1725,151,0,0,15604,15604,0,0,0,0,0,0,0
2024-11-16 00:00:00+00:00,2024,11,16,port1282,Tema,Ghana,GHA,4,1,0,0,0,5,5,22196,40339,0,0,0,62535,62535,0,0,0,0,0,0,0
2024-11-17 00:00:00+00:00,2024,11,17,port1282,Tema,Ghana,GHA,3,1,0,0,0,4,4,24672,38905,0,0,0,63577,63577,0,0,0,0,0,0,0
2024-11-18 00:00:00+00:00,2024,11,18,port1282,Tema,Ghana,GHA,2,3,0,0,0,5,5,5094,40749,0,0,0,45844,45844,5238,789,0,0,0,6027,6027
2024-11-19 00:00:00+00:00,2024,11,19,port1282,Tema,Ghana,GHA,5,0,0,0,1,5,6,67070,0,0,0,0,67070,67070,9535,0,0,0,0,9535,9535
2024-11-20 00:00:00+00:00,2024,11,20,port1282,Tema,Ghana,GHA,1,1,0,1,0,3,3,0,2758,0,3339,0,6097,6097,1540,0,0,0,0,1540,1540
2024-11-21 00:00:00+00:00,2024,11,21,port1282,Tema,Ghana,GHA,4,2,0,0,2,6,8,14979,48484,0,0,8138,63463,71601,1440,0,0,0,0,1440,1440
2024-11-22 00:00:00+00:00,2024,11,22,port1282,Tema,Ghana,GHA,2,0,0,0,0,2,2,9369,0,0,0,0,9369,9369,0,0,0,0,0,0,0
2024-11-23 00:00:00+00:00,2024,11,23,port1282,Tema,Ghana,GHA,2,2,0,0,0,4,4,24975,78544,0,0,0,103519,103519,15172,0,0,0,0,15172,15172
2024-11-24 00:00:00+00:00,2024,11,24,port1282,Tema,Ghana,GHA,3,3,1,0,0,7,7,42736,69665,0,0,0,112402,112402,0,0,0,0,0,0,0
2024-11-25 00:00:00+00:00,2024,11,25,port1282,Tema,Ghana,GHA,2,0,0,0,0,2,2,17751,0,0,0,0,17751,17751,0,0,0,0,0,0,0
2024-11-26 00:00:00+00:00,2024,11,26,port1282,Tema,Ghana,GHA,3,2,0,0,0,5,5,48811,37737,0,0,0,86548,86548,3188,0,0,0,0,3188,3188
2024-11-27 00:00:00+00:00,2024,11,27,port1282,Tema,Ghana,GHA,3,1,0,0,0,4,4,12810,43278,0,0,0,56088,56088,7861,0,0,0,0,7861,7861
2024-11-28 00:00:00+00:00,2024,11,28,port1282,Tema,Ghana,GHA,3,1,1,0,0,5,5,23977,34576,2084,0,0,60638,60638,0,0,775,0,0,775,775
2024-11-29 00:00:00+00:00,2024,11,29,port1282,Tema,Ghana,GHA,2,1,0,0,1,3,4,13967,17201,0,0,2381,31168,33549,0,0,0,0,1811,0,1811
2024-11-30 00:00:00+00:00,2024,11,30,port1282,Tema,Ghana,GHA,4,1,0,0,0,5,5,12220,38611,0,0,0,50832,50832,20477,0,0,0,0,20477,20477
2024-12-01 00:00:00+00:00,2024,12,1,port1282,Tema,Ghana,GHA,3,0,0,0,1,3,4,11363,0,0,0,4085,11363,15448,0,0,0,0,1903,0,1903
2024-12-02 00:00:00+00:00,2024,12,2,port1282,Tema,Ghana,GHA,0,2,0,0,0,2,2,0,11410,0,0,0,11410,11410,0,0,0,0,0,0,0
2024-12-03 00:00:00+00:00,2024,12,3,port1282,Tema,Ghana,GHA,5,2,0,0,0,7,7,68583,70692,0,0,0,139276,139276,1440,0,0,0,0,1440,1440
2024-12-04 00:00:00+00:00,2024,12,4,port1282,Tema,Ghana,GHA,1,3,0,0,1,4,5,0,16247,0,0,19560,16247,35808,10385,0,0,0,0,10385,10385
2024-12-05 00:00:00+00:00,2024,12,5,port1282,Tema,Ghana,GHA,2,1,0,0,0,3,3,2847,28786,0,0,0,31634,31634,0,0,0,0,0,0,0
2024-12-06 00:00:00+00:00,2024,12,6,port1282,Tema,Ghana,GHA,2,0,0,0,1,2,3,6597,0,0,0,2381,6597,8978,3805,0,0,0,1811,3805,5617
2024-12-07 00:00:00+00:00,2024,12,7,port1282,Tema,Ghana,GHA,4,1,0,0,0,5,5,49611,31037,0,0,0,80648,80648,0,0,0,0,0,0,0
2024-12-08 00:00:00+00:00,2024,12,8,port1282,Tema,Ghana,GHA,2,0,0,0,0,2,2,7158,0,0,0,0,7158,7158,1565,0,0,0,0,1565,1565
2024-12-09 00:00:00+00:00,2024,12,9,port1282,Tema,Ghana,GHA,5,0,1,0,2,6,8,56670,0,2583,0,516,59254,59770,0,0,0,0,0,0,0
2024-12-10 00:00:00+00:00,2024,12,10,port1282,Tema,Ghana,GHA,0,0,0,0,0,0,0,0,0,0,0,0,0,0,0,0,0,0,0,0,0
2024-12-11 00:00:00+00:00,2024,12,11,port1282,Tema,Ghana,GHA,3,1,0,0,0,4,4,41629,0,0,0,0,41629,41629,1440,0,0,0,0,1440,1440
2024-12-12 00:00:00+00:00,2024,12,12,port1282,Tema,Ghana,GHA,3,1,3,0,0,7,7,33701,27846,11592,0,0,73139,73139,27,0,775,0,0,803,803
2024-12-13 00:00:00+00:00,2024,12,13,port1282,Tema,Ghana,GHA,2,0,0,0,0,2,2,24505,0,0,0,0,24505,24505,0,0,0,0,0,0,0
2024-12-14 00:00:00+00:00,2024,12,14,port1282,Tema,Ghana,GHA,4,1,0,0,0,5,5,19037,0,0,0,0,19037,19037,6057,0,0,0,0,6057,6057
2024-12-15 00:00:00+00:00,2024,12,15,port1282,Tema,Ghana,GHA,5,2,0,0,0,7,7,53260,79577,0,0,0,132838,132838,1283,0,0,0,0,1283,1283
2024-12-16 00:00:00+00:00,2024,12,16,port1282,Tema,Ghana,GHA,1,2,0,0,1,3,4,0,36788,0,0,7107,36788,43896,13245,0,0,0,0,13245,13245
2024-12-17 00:00:00+00:00,2024,12,17,port1282,Tema,Ghana,GHA,3,1,0,0,0,4,4,11917,20399,0,0,0,32316,32316,17081,789,0,0,0,17870,17870
2024-12-18 00:00:00+00:00,2024,12,18,port1282,Tema,Ghana,GHA,2,1,0,0,0,3,3,0,11594,0,0,0,11594,11594,5896,0,0,0,0,5896,5896
2024-12-19 00:00:00+00:00,2024,12,19,port1282,Tema,Ghana,GHA,4,3,0,0,0,7,7,42843,22653,0,0,0,65497,65497,9782,0,0,0,0,9782,9782
2024-12-20 00:00:00+00:00,2024,12,20,port1282,Tema,Ghana,GHA,2,1,0,0,0,3,3,20610,39041,0,0,0,59651,59651,1440,0,0,0,0,1440,1440
2024-12-21 00:00:00+00:00,2024,12,21,port1282,Tema,Ghana,GHA,3,1,0,1,1,5,6,42741,3839,0,0,22244,46580,68825,3208,0,0,0,0,3208,3208
2024-12-22 00:00:00+00:00,2024,12,22,port1282,Tema,Ghana,GHA,2,1,2,0,0,5,5,33707,44286,1091,0,0,79085,79085,23701,0,4054,0,0,27756,27756
2024-12-23 00:00:00+00:00,2024,12,23,port1282,Tema,Ghana,GHA,2,1,0,0,1,3,4,32441,20399,0,0,0,52840,52840,0,789,0,0,0,789,789
2024-12-24 00:00:00+00:00,2024,12,24,port1282,Tema,Ghana,GHA,2,2,0,0,0,4,4,1326,75211,0,0,0,76537,76537,15740,0,0,0,0,15740,15740
2024-12-25 00:00:00+00:00,2024,12,25,port1282,Tema,Ghana,GHA,1,0,0,0,0,1,1,5301,0,0,0,0,5301,5301,0,0,0,0,0,0,0
2024-12-26 00:00:00+00:00,2024,12,26,port1282,Tema,Ghana,GHA,3,1,0,0,1,4,5,71095,0,0,0,4085,71095,75181,27,55130,0,0,1903,55158,57061
2024-12-27 00:00:00+00:00,2024,12,27,port1282,Tema,Ghana,GHA,3,3,0,0,0,6,6,20051,68981,0,0,0,89033,89033,0,0,0,0,0,0,0
2024-12-28 00:00:00+00:00,2024,12,28,port1282,Tema,Ghana,GHA,1,0,0,0,0,1,1,0,0,0,0,0,0,0,1347,0,0,0,0,1347,1347
2024-12-29 00:00:00+00:00,2024,12,29,port1282,Tema,Ghana,GHA,4,4,0,0,0,8,8,25711,127556,0,0,0,153268,153268,0,789,0,0,0,789,789
2024-12-30 00:00:00+00:00,2024,12,30,port1282,Tema,Ghana,GHA,3,1,0,0,1,4,5,26445,546,0,0,3266,26991,30258,0,0,0,0,0,0,0
2024-12-31 00:00:00+00:00,2024,12,31,port1282,Tema,Ghana,GHA,1,1,0,1,0,3,3,5838,42260,0,0,0,48099,48099,0,0,0,0,0,0,0
2025-01-01 00:00:00+00:00,2025,1,1,port1282,Tema,Ghana,GHA,3,0,0,0,0,3,3,30797,0,0,0,0,30797,30797,4980,0,0,0,0,4980,4980
2025-01-02 00:00:00+00:00,2025,1,2,port1282,Tema,Ghana,GHA,3,1,0,0,0,4,4,8207,42314,0,0,0,50521,50521,23279,0,0,0,0,23279,23279
2025-01-03 00:00:00+00:00,2025,1,3,port1282,Tema,Ghana,GHA,1,0,0,0,0,1,1,8207,0,0,0,0,8207,8207,1440,0,0,0,0,1440,1440
2025-01-04 00:00:00+00:00,2025,1,4,port1282,Tema,Ghana,GHA,2,1,2,0,0,5,5,7315,42416,3900,0,0,53632,53632,0,0,11455,0,0,11455,11455
2025-01-05 00:00:00+00:00,2025,1,5,port1282,Tema,Ghana,GHA,3,1,0,0,0,4,4,33991,1658,0,0,0,35649,35649,8010,0,0,0,0,8010,8010
2025-01-06 00:00:00+00:00,2025,1,6,port1282,Tema,Ghana,GHA,3,0,0,1,0,4,4,40291,0,0,508,0,40799,40799,0,0,0,0,0,0,0
2025-01-07 00:00:00+00:00,2025,1,7,port1282,Tema,Ghana,GHA,3,2,0,0,0,5,5,43373,15981,0,0,0,59355,59355,0,0,0,0,0,0,0
2025-01-08 00:00:00+00:00,2025,1,8,port1282,Tema,Ghana,GHA,3,0,0,0,0,3,3,50894,0,0,0,0,50894,50894,27,0,0,0,0,27,27
2025-01-09 00:00:00+00:00,2025,1,9,port1282,Tema,Ghana,GHA,2,0,0,0,0,2,2,8843,0,0,0,0,8843,8843,24240,0,0,0,0,24240,24240
2025-01-10 00:00:00+00:00,2025,1,10,port1282,Tema,Ghana,GHA,3,1,0,1,0,5,5,22868,0,0,0,0,22868,22868,1440,22383,0,0,0,23823,23823
2025-01-11 00:00:00+00:00,2025,1,11,port1282,Tema,Ghana,GHA,1,1,1,1,0,4,4,8207,43716,1200,0,0,53123,53123,1440,0,53,0,0,1494,1494
2025-01-12 00:00:00+00:00,2025,1,12,port1282,Tema,Ghana,GHA,5,1,0,0,1,6,7,36273,10914,0,0,0,47187,47187,4320,0,0,0,0,4320,4320
2025-01-13 00:00:00+00:00,2025,1,13,port1282,Tema,Ghana,GHA,3,1,0,0,1,4,5,21187,0,0,0,4085,21187,25273,0,26911,0,0,1903,26911,28815
2025-01-14 00:00:00+00:00,2025,1,14,port1282,Tema,Ghana,GHA,4,0,0,0,1,4,5,22674,0,0,0,0,22674,22674,5073,0,0,0,0,5073,5073
2025-01-15 00:00:00+00:00,2025,1,15,port1282,Tema,Ghana,GHA,2,0,0,0,0,2,2,8207,0,0,0,0,8207,8207,6150,0,0,0,0,6150,6150
2025-01-16 00:00:00+00:00,2025,1,16,port1282,Tema,Ghana,GHA,3,2,0,0,0,5,5,69739,61105,0,0,0,130845,130845,0,0,0,0,0,0,0
2025-01-17 00:00:00+00:00,2025,1,17,port1282,Tema,Ghana,GHA,1,2,0,0,0,3,3,1304,57817,0,0,0,59122,59122,0,0,0,0,0,0,0
2025-01-18 00:00:00+00:00,2025,1,18,port1282,Tema,Ghana,GHA,3,0,0,0,1,3,4,14274,0,0,0,3586,14274,17860,24440,0,0,0,0,24440,24440
2025-01-19 00:00:00+00:00,2025,1,19,port1282,Tema,Ghana,GHA,2,0,0,0,1,2,3,9226,0,0,0,4085,9226,13312,0,0,0,0,1903,0,1903
2025-01-20 00:00:00+00:00,2025,1,20,port1282,Tema,Ghana,GHA,3,0,0,0,0,3,3,31207,0,0,0,0,31207,31207,0,0,0,0,0,0,0
2025-01-21 00:00:00+00:00,2025,1,21,port1282,Tema,Ghana,GHA,2,0,1,0,1,3,4,26146,0,2084,0,1010,28231,29242,0,0,775,0,0,775,775
2025-01-22 00:00:00+00:00,2025,1,22,port1282,Tema,Ghana,GHA,3,2,0,0,0,5,5,29313,12727,0,0,0,42040,42040,3232,0,0,0,0,3232,3232
2025-01-23 00:00:00+00:00,2025,1,23,port1282,Tema,Ghana,GHA,2,1,1,0,1,4,5,9344,34646,1529,0,0,45519,45519,0,0,0,0,0,0,0
2025-01-24 00:00:00+00:00,2025,1,24,port1282,Tema,Ghana,GHA,5,0,1,0,0,6,6,50007,0,0,0,0,50007,50007,1440,0,2144,0,0,3584,3584
2025-01-25 00:00:00+00:00,2025,1,25,port1282,Tema,Ghana,GHA,1,0,0,0,0,1,1,3670,0,0,0,0,3670,3670,0,0,0,0,0,0,0
2025-01-26 00:00:00+00:00,2025,1,26,port1282,Tema,Ghana,GHA,3,1,0,0,0,4,4,24924,29077,0,0,0,54002,54002,677,0,0,0,0,677,677
2025-01-27 00:00:00+00:00,2025,1,27,port1282,Tema,Ghana,GHA,4,1,0,0,1,5,6,36900,3235,0,0,38490,40135,78626,20243,0,0,0,0,20243,20243
2025-01-28 00:00:00+00:00,2025,1,28,port1282,Tema,Ghana,GHA,1,0,1,1,0,3,3,0,0,1183,0,0,1183,1183,0,0,0,0,0,0,0
2025-01-29 00:00:00+00:00,2025,1,29,port1282,Tema,Ghana,GHA,5,1,1,0,0,7,7,52472,41855,0,0,0,94328,94328,33074,0,2067,0,0,35142,35142
2025-01-30 00:00:00+00:00,2025,1,30,port1282,Tema,Ghana,GHA,2,1,1,0,0,4,4,14454,0,438,0,0,14892,14892,0,10947,0,0,0,10947,10947
2025-01-31 00:00:00+00:00,2025,1,31,port1282,Tema,Ghana,GHA,3,1,0,0,1,4,5,4345,38008,0,0,0,42354,42354,1751,0,0,0,15834,1751,17585
2025-02-01 00:00:00+00:00,2025,2,1,port1282,Tema,Ghana,GHA,4,1,0,0,1,5,6,14508,0,0,0,0,14508,14508,13683,0,0,0,0,13683,13683
2025-02-02 00:00:00+00:00,2025,2,2,port1282,Tema,Ghana,GHA,4,0,0,0,1,4,5,29284,0,0,0,0,29284,29284,4403,0,0,0,0,4403,4403
2025-02-03 00:00:00+00:00,2025,2,3,port1282,Tema,Ghana,GHA,2,2,0,0,0,4,4,17978,85601,0,0,0,103579,103579,0,0,0,0,0,0,0
2025-02-04 00:00:00+00:00,2025,2,4,port1282,Tema,Ghana,GHA,2,0,0,0,0,2,2,12945,0,0,0,0,12945,12945,0,0,0,0,0,0,0
2025-02-05 00:00:00+00:00,2025,2,5,port1282,Tema,Ghana,GHA,2,1,0,0,1,3,4,8207,36774,0,0,0,44981,44981,10772,0,0,0,0,10772,10772
2025-02-06 00:00:00+00:00,2025,2,6,port1282,Tema,Ghana,GHA,3,2,0,0,0,5,5,63268,22053,0,0,0,85321,85321,1440,0,0,0,0,1440,1440
2025-02-07 00:00:00+00:00,2025,2,7,port1282,Tema,Ghana,GHA,4,2,0,0,1,6,7,30202,25371,0,0,3188,55573,58762,1440,789,0,0,0,2229,2229
2025-02-08 00:00:00+00:00,2025,2,8,port1282,Tema,Ghana,GHA,1,1,0,0,0,2,2,14066,6303,0,0,0,20369,20369,0,0,0,0,0,0,0
2025-02-09 00:00:00+00:00,2025,2,9,port1282,Tema,Ghana,GHA,3,1,1,0,2,5,7,18840,4906,2084,0,0,25831,25831,781,0,775,0,39231,1556,40788
2025-02-10 00:00:00+00:00,2025,2,10,port1282,Tema,Ghana,GHA,4,1,0,0,0,5,5,53173,4813,0,0,0,57986,57986,6438,0,0,0,0,6438,6438
2025-02-11 00:00:00+00:00,2025,2,11,port1282,Tema,Ghana,GHA,2,1,0,2,0,5,5,17383,0,0,2062,0,19445,19445,0,0,0,0,0,0,0
2025-02-12 00:00:00+00:00,2025,2,12,port1282,Tema,Ghana,GHA,1,0,0,0,0,1,1,8207,0,0,0,0,8207,8207,1440,0,0,0,0,1440,1440
2025-02-13 00:00:00+00:00,2025,2,13,port1282,Tema,Ghana,GHA,3,1,0,0,1,4,5,22399,26951,0,0,15834,49351,65185,1440,0,0,0,0,1440,1440
2025-02-14 00:00:00+00:00,2025,2,14,port1282,Tema,Ghana,GHA,2,0,0,0,0,2,2,8207,0,0,0,0,8207,8207,22990,0,0,0,0,22990,22990
2025-02-15 00:00:00+00:00,2025,2,15,port1282,Tema,Ghana,GHA,2,1,0,0,1,3,4,6641,0,0,0,22749,6641,29390,1056,0,0,0,0,1056,1056
2025-02-16 00:00:00+00:00,2025,2,16,port1282,Tema,Ghana,GHA,3,1,0,0,0,4,4,21788,27611,0,0,0,49399,49399,1440,0,0,0,0,1440,1440
2025-02-17 00:00:00+00:00,2025,2,17,port1282,Tema,Ghana,GHA,3,0,0,0,0,3,3,22874,0,0,0,0,22874,22874,15428,0,0,0,0,15428,15428
2025-02-18 00:00:00+00:00,2025,2,18,port1282,Tema,Ghana,GHA,4,1,0,0,0,5,5,67009,38934,0,0,0,105944,105944,0,0,0,0,0,0,0
2025-02-19 00:00:00+00:00,2025,2,19,port1282,Tema,Ghana,GHA,3,0,0,1,0,4,4,33192,0,0,1146,0,34338,34338,0,0,0,25,0,25,25
2025-02-20 00:00:00+00:00,2025,2,20,port1282,Tema,Ghana,GHA,2,0,0,0,1,2,3,18075,0,0,0,33322,18075,51398,9792,0,0,0,0,9792,9792
2025-02-21 00:00:00+00:00,2025,2,21,port1282,Tema,Ghana,GHA,1,0,1,0,0,2,2,2266,0,894,0,0,3160,3160,0,0,1634,0,0,1634,1634
2025-02-22 00:00:00+00:00,2025,2,22,port1282,Tema,Ghana,GHA,5,0,0,0,0,5,5,19955,0,0,0,0,19955,19955,5872,0,0,0,0,5872,5872
2025-02-23 00:00:00+00:00,2025,2,23,port1282,Tema,Ghana,GHA,2,0,0,0,1,2,3,19524,0,0,0,0,19524,19524,0,0,0,0,0,0,0
2025-02-24 00:00:00+00:00,2025,2,24,port1282,Tema,Ghana,GHA,3,0,0,0,0,3,3,13892,0,0,0,0,13892,13892,5126,0,0,0,0,5126,5126
2025-02-25 00:00:00+00:00,2025,2,25,port1282,Tema,Ghana,GHA,4,1,0,0,1,5,6,64235,27175,0,0,8852,91411,100263,4808,0,0,0,0,4808,4808
2025-02-26 00:00:00+00:00,2025,2,26,port1282,Tema,Ghana,GHA,2,0,1,0,0,3,3,10686,0,1200,0,0,11886,11886,0,0,53,0,0,53,53
2025-02-27 00:00:00+00:00,2025,2,27,port1282,Tema,Ghana,GHA,4,0,1,0,0,5,5,40850,0,2084,0,0,42935,42935,27,0,775,0,0,803,803
2025-02-28 00:00:00+00:00,2025,2,28,port1282,Tema,Ghana,GHA,3,0,0,0,2,3,5,13582,0,0,0,22337,13582,35920,31479,0,0,0,1903,31479,33382
2025-03-01 00:00:00+00:00,2025,3,1,port1282,Tema,Ghana,GHA,1,0,1,0,0,2,2,152,0,0,0,0,152,152,0,0,1077,0,0,1077,1077
2025-03-02 00:00:00+00:00,2025,3,2,port1282,Tema,Ghana,GHA,3,1,0,0,2,4,6,17359,0,0,0,4085,17359,21444,756,0,0,0,1903,756,2660
2025-03-03 00:00:00+00:00,2025,3,3,port1282,Tema,Ghana,GHA,3,4,0,0,0,7,7,36240,99220,0,0,0,135461,135461,662,0,0,0,0,662,662
2025-03-04 00:00:00+00:00,2025,3,4,port1282,Tema,Ghana,GHA,1,1,1,0,0,3,3,5945,29440,655,0,0,36041,36041,0,0,0,0,0,0,0
2025-03-05 00:00:00+00:00,2025,3,5,port1282,Tema,Ghana,GHA,3,0,0,0,0,3,3,53595,0,0,0,0,53595,53595,0,0,0,0,0,0,0
2025-03-06 00:00:00+00:00,2025,3,6,port1282,Tema,Ghana,GHA,3,2,0,0,0,5,5,5717,36860,0,0,0,42578,42578,7377,0,0,0,0,7377,7377
2025-03-07 00:00:00+00:00,2025,3,7,port1282,Tema,Ghana,GHA,4,1,0,0,1,5,6,19515,0,0,0,29777,19515,49292,883,28770,0,0,0,29653,29653
2025-03-08 00:00:00+00:00,2025,3,8,port1282,Tema,Ghana,GHA,2,2,1,0,0,5,5,12325,8818,1665,0,0,22809,22809,24240,0,0,0,0,24240,24240
2025-03-09 00:00:00+00:00,2025,3,9,port1282,Tema,Ghana,GHA,2,2,0,0,0,4,4,11001,49254,0,0,0,60255,60255,7673,0,0,0,0,7673,7673
2025-03-10 00:00:00+00:00,2025,3,10,port1282,Tema,Ghana,GHA,4,2,0,0,0,6,6,32226,50063,0,0,0,82289,82289,6499,0,0,0,0,6499,6499
2025-03-11 00:00:00+00:00,2025,3,11,port1282,Tema,Ghana,GHA,2,0,0,0,2,2,4,16939,0,0,0,18650,16939,35590,0,0,0,0,6491,0,6491
2025-03-12 00:00:00+00:00,2025,3,12,port1282,Tema,Ghana,GHA,3,1,0,0,0,4,4,37383,41785,0,0,0,79169,79169,20580,0,0,0,0,20580,20580
2025-03-13 00:00:00+00:00,2025,3,13,port1282,Tema,Ghana,GHA,3,0,0,0,0,3,3,24166,0,0,0,0,24166,24166,27,0,0,0,0,27,27
2025-03-14 00:00:00+00:00,2025,3,14,port1282,Tema,Ghana,GHA,1,0,1,0,1,2,3,8207,0,2084,0,0,10292,10292,1440,0,775,0,0,2215,2215
2025-03-15 00:00:00+00:00,2025,3,15,port1282,Tema,Ghana,GHA,5,1,0,0,0,6,6,11744,14512,0,0,0,26257,26257,18288,0,0,0,0,18288,18288
2025-03-16 00:00:00+00:00,2025,3,16,port1282,Tema,Ghana,GHA,1,1,0,0,0,2,2,16479,36496,0,0,0,52975,52975,0,0,0,0,0,0,0
2025-03-17 00:00:00+00:00,2025,3,17,port1282,Tema,Ghana,GHA,5,1,0,1,0,7,7,44780,16286,0,0,0,61067,61067,0,0,0,0,0,0,0
2025-03-18 00:00:00+00:00,2025,3,18,port1282,Tema,Ghana,GHA,2,0,1,0,1,3,4,863,0,4386,0,3484,5250,8734,1309,0,0,0,0,1309,1309
2025-03-19 00:00:00+00:00,2025,3,19,port1282,Tema,Ghana,GHA,2,0,0,0,0,2,2,8207,0,0,0,0,8207,8207,20476,0,0,0,0,20476,20476
2025-03-20 00:00:00+00:00,2025,3,20,port1282,Tema,Ghana,GHA,3,0,1,0,0,4,4,5731,0,888,0,0,6619,6619,8727,0,0,0,0,8727,8727
2025-03-21 00:00:00+00:00,2025,3,21,port1282,Tema,Ghana,GHA,4,1,0,0,1,5,6,30343,29669,0,0,0,60013,60013,7636,0,0,0,0,7636,7636
2025-03-22 00:00:00+00:00,2025,3,22,port1282,Tema,Ghana,GHA,2,1,0,0,0,3,3,5561,34141,0,0,0,39702,39702,24080,0,0,0,0,24080,24080
2025-03-23 00:00:00+00:00,2025,3,23,port1282,Tema,Ghana,GHA,1,0,0,0,0,1,1,0,0,0,0,0,0,0,0,0,0,0,0,0,0
2025-03-24 00:00:00+00:00,2025,3,24,port1282,Tema,Ghana,GHA,3,1,0,0,0,4,4,7676,46826,0,0,0,54502,54502,14507,0,0,0,0,14507,14507
2025-03-25 00:00:00+00:00,2025,3,25,port1282,Tema,Ghana,GHA,2,2,0,0,0,4,4,54534,61225,0,0,0,115760,115760,1440,789,0,0,0,2229,2229
2025-03-26 00:00:00+00:00,2025,3,26,port1282,Tema,Ghana,GHA,2,1,1,0,0,4,4,8628,18146,4878,0,0,31653,31653,683,0,0,0,0,683,683
2025-03-27 00:00:00+00:00,2025,3,27,port1282,Tema,Ghana,GHA,4,2,1,1,1,8,9,26127,46239,2084,3460,1178,77912,79091,1440,0,775,0,0,2215,2215
2025-03-28 00:00:00+00:00,2025,3,28,port1282,Tema,Ghana,GHA,2,1,0,0,1,3,4,26349,0,0,0,22244,26349,48594,0,2504,0,0,0,2504,2504
2025-03-29 00:00:00+00:00,2025,3,29,port1282,Tema,Ghana,GHA,4,0,1,0,0,5,5,20392,0,8666,0,0,29058,29058,1440,0,0,0,0,1440,1440
2025-03-30 00:00:00+00:00,2025,3,30,port1282,Tema,Ghana,GHA,2,1,1,0,1,4,5,8713,3985,0,0,0,12699,12699,0,0,423,0,0,423,423
2025-03-31 00:00:00+00:00,2025,3,31,port1282,Tema,Ghana,GHA,4,2,0,0,1,6,7,38992,48347,0,0,4085,87340,91425,1440,0,0,0,1903,1440,3343
2025-04-01 00:00:00+00:00,2025,4,1,port1282,Tema,Ghana,GHA,1,0,0,0,0,1,1,7846,0,0,0,0,7846,7846,0,0,0,0,0,0,0
2025-04-02 00:00:00+00:00,2025,4,2,port1282,Tema,Ghana,GHA,3,0,1,1,0,5,5,3825,0,642,1527,0,5995,5995,12004,0,0,0,0,12004,12004
2025-04-03 00:00:00+00:00,2025,4,3,port1282,Tema,Ghana,GHA,3,2,0,0,1,5,6,56580,37188,0,0,5859,93768,99628,0,0,0,0,0,0,0
2025-04-04 00:00:00+00:00,2025,4,4,port1282,Tema,Ghana,GHA,3,0,0,0,0,3,3,31026,0,0,0,0,31026,31026,4950,0,0,0,0,4950,4950
2025-04-05 00:00:00+00:00,2025,4,5,port1282,Tema,Ghana,GHA,1,2,0,0,1,3,4,11866,33486,0,0,4085,45353,49438,0,0,0,0,1903,0,1903
2025-04-06 00:00:00+00:00,2025,4,6,port1282,Tema,Ghana,GHA,3,0,0,0,0,3,3,19586,0,0,0,0,19586,19586,9796,0,0,0,0,9796,9796
2025-04-07 00:00:00+00:00,2025,4,7,port1282,Tema,Ghana,GHA,1,1,0,0,0,2,2,7483,0,0,0,0,7483,7483,0,0,0,0,0,0,0
2025-04-08 00:00:00+00:00,2025,4,8,port1282,Tema,Ghana,GHA,4,1,0,0,1,5,6,60825,20399,0,0,28595,81224,109820,0,789,0,0,0,789,789
2025-04-09 00:00:00+00:00,2025,4,9,port1282,Tema,Ghana,GHA,2,1,0,0,0,3,3,4491,12983,0,0,0,17475,17475,2336,0,0,0,0,2336,2336
2025-04-10 00:00:00+00:00,2025,4,10,port1282,Tema,Ghana,GHA,2,1,0,0,0,3,3,0,8228,0,0,0,8228,8228,28928,0,0,0,0,28928,28928
2025-04-11 00:00:00+00:00,2025,4,11,port1282,Tema,Ghana,GHA,2,1,0,0,0,3,3,1350,20399,0,0,0,21750,21750,0,789,0,0,0,789,789
2025-04-12 00:00:00+00:00,2025,4,12,port1282,Tema,Ghana,GHA,5,1,0,0,2,6,8,13822,43377,0,0,25855,57200,83055,30645,0,0,0,0,30645,30645
2025-04-13 00:00:00+00:00,2025,4,13,port1282,Tema,Ghana,GHA,2,1,0,0,0,3,3,17289,0,0,0,0,17289,17289,0,0,0,0,0,0,0
2025-04-14 00:00:00+00:00,2025,4,14,port1282,Tema,Ghana,GHA,2,3,0,0,0,5,5,22269,63317,0,0,0,85586,85586,0,0,0,0,0,0,0
2025-04-15 00:00:00+00:00,2025,4,15,port1282,Tema,Ghana,GHA,3,0,0,0,0,3,3,56995,0,0,0,0,56995,56995,0,0,0,0,0,0,0
2025-04-16 00:00:00+00:00,2025,4,16,port1282,Tema,Ghana,GHA,2,1,0,0,0,3,3,3312,43956,0,0,0,47269,47269,0,0,0,0,0,0,0
2025-04-17 00:00:00+00:00,2025,4,17,port1282,Tema,Ghana,GHA,1,1,0,0,0,2,2,3534,34314,0,0,0,37848,37848,0,0,0,0,0,0,0
2025-04-18 00:00:00+00:00,2025,4,18,port1282,Tema,Ghana,GHA,1,0,0,0,0,1,1,2309,0,0,0,0,2309,2309,0,0,0,0,0,0,0
2025-04-19 00:00:00+00:00,2025,4,19,port1282,Tema,Ghana,GHA,4,1,0,0,1,5,6,22328,29944,0,0,0,52273,52273,3770,0,0,0,0,3770,3770
2025-04-20 00:00:00+00:00,2025,4,20,port1282,Tema,Ghana,GHA,2,2,1,0,0,5,5,33164,38775,0,0,0,71940,71940,5179,0,2398,0,0,7577,7577
2025-04-21 00:00:00+00:00,2025,4,21,port1282,Tema,Ghana,GHA,2,2,1,1,0,6,6,17420,47213,1200,0,0,65833,65833,0,53399,53,0,0,53453,53453
2025-04-22 00:00:00+00:00,2025,4,22,port1282,Tema,Ghana,GHA,4,0,0,1,0,5,5,61420,0,0,0,0,61420,61420,0,0,0,0,0,0,0
2025-04-23 00:00:00+00:00,2025,4,23,port1282,Tema,Ghana,GHA,0,0,1,0,2,1,3,0,0,846,0,8171,846,9017,0,0,0,0,3807,0,3807
2025-04-24 00:00:00+00:00,2025,4,24,port1282,Tema,Ghana,GHA,2,1,0,0,0,3,3,4547,8511,0,0,0,13058,13058,12163,0,0,0,0,12163,12163
2025-04-25 00:00:00+00:00,2025,4,25,port1282,Tema,Ghana,GHA,1,1,0,0,1,2,3,8207,38648,0,0,21358,46855,68214,1440,0,0,0,0,1440,1440
2025-04-26 00:00:00+00:00,2025,4,26,port1282,Tema,Ghana,GHA,4,1,0,0,0,5,5,34849,2865,0,0,0,37715,37715,20243,0,0,0,0,20243,20243
2025-04-27 00:00:00+00:00,2025,4,27,port1282,Tema,Ghana,GHA,2,1,1,0,0,4,4,18483,27651,9592,0,0,55728,55728,0,0,0,0,0,0,0
2025-04-28 00:00:00+00:00,2025,4,28,port1282,Tema,Ghana,GHA,2,0,1,0,1,3,4,8207,0,2084,0,6246,10292,16538,15501,0,775,0,0,16276,16276
2025-04-29 00:00:00+00:00,2025,4,29,port1282,Tema,Ghana,GHA,3,1,0,1,0,5,5,44415,0,0,0,0,44415,44415,0,0,0,0,0,0,0
2025-04-30 00:00:00+00:00,2025,4,30,port1282,Tema,Ghana,GHA,5,2,1,0,1,8,9,47991,36092,3461,0,16945,87545,104490,0,0,0,0,0,0,0
2025-05-01 00:00:00+00:00,2025,5,1,port1282,Tema,Ghana,GHA,2,0,0,0,0,2,2,61912,0,0,0,0,61912,61912,1440,0,0,0,0,1440,1440
2025-05-02 00:00:00+00:00,2025,5,2,port1282,Tema,Ghana,GHA,4,0,0,0,1,4,5,22699,0,0,0,0,22699,22699,2357,0,0,0,0,2357,2357
2025-05-03 00:00:00+00:00,2025,5,3,port1282,Tema,Ghana,GHA,1,1,0,0,0,2,2,2697,40082,0,0,0,42780,42780,0,0,0,0,0,0,0
2025-05-04 00:00:00+00:00,2025,5,4,port1282,Tema,Ghana,GHA,3,4,1,0,0,8,8,34523,122885,0,0,0,157408,157408,647,26093,3057,0,0,29798,29798
2025-05-05 00:00:00+00:00,2025,5,5,port1282,Tema,Ghana,GHA,3,0,0,0,0,3,3,6534,0,0,0,0,6534,6534,25191,0,0,0,0,25191,25191
2025-05-06 00:00:00+00:00,2025,5,6,port1282,Tema,Ghana,GHA,2,2,0,0,0,4,4,13943,18644,0,0,0,32587,32587,0,0,0,0,0,0,0
2025-05-07 00:00:00+00:00,2025,5,7,port1282,Tema,Ghana,GHA,4,1,1,0,0,6,6,71494,4925,1995,0,0,78414,78414,0,0,0,0,0,0,0
2025-05-08 00:00:00+00:00,2025,5,8,port1282,Tema,Ghana,GHA,1,1,0,0,0,2,2,0,30980,0,0,0,30980,30980,0,0,0,0,0,0,0
2025-05-09 00:00:00+00:00,2025,5,9,port1282,Tema,Ghana,GHA,4,2,0,1,0,7,7,19247,479,0,0,0,19726,19726,25911,0,0,0,0,25911,25911
2025-05-10 00:00:00+00:00,2025,5,10,port1282,Tema,Ghana,GHA,2,2,1,0,0,5,5,5491,47669,1200,0,0,54361,54361,3506,0,53,0,0,3560,3560
2025-05-11 00:00:00+00:00,2025,5,11,port1282,Tema,Ghana,GHA,3,1,0,0,0,4,4,20189,38592,0,0,0,58782,58782,6020,0,0,0,0,6020,6020
2025-05-12 00:00:00+00:00,2025,5,12,port1282,Tema,Ghana,GHA,4,0,0,0,0,4,4,51474,0,0,0,0,51474,51474,0,0,0,0,0,0,0
2025-05-13 00:00:00+00:00,2025,5,13,port1282,Tema,Ghana,GHA,1,3,0,0,0,4,4,8207,52003,0,0,0,60210,60210,1440,0,0,0,0,1440,1440
2025-05-14 00:00:00+00:00,2025,5,14,port1282,Tema,Ghana,GHA,3,0,0,0,0,3,3,20238,0,0,0,0,20238,20238,12035,0,0,0,0,12035,12035
2025-05-15 00:00:00+00:00,2025,5,15,port1282,Tema,Ghana,GHA,2,1,0,0,0,3,3,20107,43305,0,0,0,63412,63412,0,0,0,0,0,0,0
2025-05-16 00:00:00+00:00,2025,5,16,port1282,Tema,Ghana,GHA,4,1,0,0,0,5,5,5433,10065,0,0,0,15499,15499,1451,0,0,0,0,1451,1451
2025-05-17 00:00:00+00:00,2025,5,17,port1282,Tema,Ghana,GHA,1,3,0,0,0,4,4,7306,83852,0,0,0,91158,91158,0,28761,0,0,0,28761,28761
2025-05-18 00:00:00+00:00,2025,5,18,port1282,Tema,Ghana,GHA,3,1,0,0,1,4,5,30518,43449,0,0,28150,73967,102118,27453,0,0,0,0,27453,27453
2025-05-19 00:00:00+00:00,2025,5,19,port1282,Tema,Ghana,GHA,3,1,0,0,0,4,4,23253,26078,0,0,0,49332,49332,1440,0,0,0,0,1440,1440
2025-05-20 00:00:00+00:00,2025,5,20,port1282,Tema,Ghana,GHA,2,1,0,0,0,3,3,14307,2216,0,0,0,16524,16524,0,0,0,0,0,0,0
2025-05-21 00:00:00+00:00,2025,5,21,port1282,Tema,Ghana,GHA,3,3,0,0,0,6,6,669,32122,0,0,0,32792,32792,25279,0,0,0,0,25279,25279
2025-05-22 00:00:00+00:00,2025,5,22,port1282,Tema,Ghana,GHA,4,1,0,0,0,5,5,33338,12321,0,0,0,45659,45659,1440,0,0,0,0,1440,1440
2025-05-23 00:00:00+00:00,2025,5,23,port1282,Tema,Ghana,GHA,4,2,0,0,1,6,7,40559,55877,0,0,1347,96436,97784,0,0,0,0,0,0,0
2025-05-24 00:00:00+00:00,2025,5,24,port1282,Tema,Ghana,GHA,2,0,0,1,0,3,3,38431,0,0,1024,0,39455,39455,0,0,0,0,0,0,0
2025-05-25 00:00:00+00:00,2025,5,25,port1282,Tema,Ghana,GHA,4,0,1,0,0,5,5,36410,0,0,0,0,36410,36410,24445,0,244,0,0,24690,24690
2025-05-26 00:00:00+00:00,2025,5,26,port1282,Tema,Ghana,GHA,2,1,1,0,1,4,5,47236,0,0,0,40389,47236,87625,1440,12254,2834,0,0,16529,16529
2025-05-27 00:00:00+00:00,2025,5,27,port1282,Tema,Ghana,GHA,2,1,0,0,0,3,3,16492,34607,0,0,0,51099,51099,0,0,0,0,0,0,0
2025-05-28 00:00:00+00:00,2025,5,28,port1282,Tema,Ghana,GHA,3,0,0,0,0,3,3,25602,0,0,0,0,25602,25602,1440,0,0,0,0,1440,1440
2025-05-29 00:00:00+00:00,2025,5,29,port1282,Tema,Ghana,GHA,4,2,0,0,1,6,7,15442,92909,0,0,0,108352,108352,0,0,0,0,0,0,0
2025-05-30 00:00:00+00:00,2025,5,30,port1282,Tema,Ghana,GHA,4,1,1,0,0,6,6,6366,33668,5930,0,0,45965,45965,3588,0,0,0,0,3588,3588
2025-05-31 00:00:00+00:00,2025,5,31,port1282,Tema,Ghana,GHA,4,3,0,0,0,7,7,57109,74401,0,0,0,131511,131511,1868,0,0,0,0,1868,1868
2025-06-01 00:00:00+00:00,2025,6,1,port1282,Tema,Ghana,GHA,2,0,0,0,0,2,2,32483,0,0,0,0,32483,32483,1440,0,0,0,0,1440,1440
2025-06-02 00:00:00+00:00,2025,6,2,port1282,Tema,Ghana,GHA,1,1,0,0,2,2,4,3898,42385,0,0,30310,46284,76594,0,0,0,0,1811,0,1811
2025-06-03 00:00:00+00:00,2025,6,3,port1282,Tema,Ghana,GHA,0,1,0,0,2,1,3,0,20399,0,0,38227,20399,58626,0,789,0,0,0,789,789
2025-06-04 00:00:00+00:00,2025,6,4,port1282,Tema,Ghana,GHA,3,1,0,0,0,4,4,38053,9535,0,0,0,47589,47589,0,0,0,0,0,0,0
2025-06-05 00:00:00+00:00,2025,6,5,port1282,Tema,Ghana,GHA,2,3,0,0,0,5,5,2874,55516,0,0,0,58391,58391,639,0,0,0,0,639,639
2025-06-06 00:00:00+00:00,2025,6,6,port1282,Tema,Ghana,GHA,3,0,0,0,0,3,3,32380,0,0,0,0,32380,32380,1440,0,0,0,0,1440,1440
2025-06-07 00:00:00+00:00,2025,6,7,port1282,Tema,Ghana,GHA,2,0,0,0,2,2,4,7198,0,0,0,8068,7198,15266,25297,0,0,0,1903,25297,27200
2025-06-08 00:00:00+00:00,2025,6,8,port1282,Tema,Ghana,GHA,3,2,0,0,1,5,6,36842,40853,0,0,0,77695,77695,0,0,0,0,0,0,0
2025-06-09 00:00:00+00:00,2025,6,9,port1282,Tema,Ghana,GHA,3,1,0,0,0,4,4,46409,50237,0,0,0,96647,96647,18276,0,0,0,0,18276,18276
2025-06-10 00:00:00+00:00,2025,6,10,port1282,Tema,Ghana,GHA,1,1,0,0,0,2,2,486,39103,0,0,0,39590,39590,0,0,0,0,0,0,0
2025-06-11 00:00:00+00:00,2025,6,11,port1282,Tema,Ghana,GHA,4,1,0,0,1,5,6,30494,41608,0,0,30358,72102,102461,33833,0,0,0,0,33833,33833
2025-06-12 00:00:00+00:00,2025,6,12,port1282,Tema,Ghana,GHA,3,1,0,0,0,4,4,35457,5914,0,0,0,41371,41371,0,0,0,0,0,0,0
2025-06-13 00:00:00+00:00,2025,6,13,port1282,Tema,Ghana,GHA,2,1,0,0,0,3,3,3690,0,0,0,0,3690,3690,0,0,0,0,0,0,0
2025-06-14 00:00:00+00:00,2025,6,14,port1282,Tema,Ghana,GHA,6,1,1,0,1,8,9,61448,4028,2761,0,0,68238,68238,1440,0,0,0,0,1440,1440
2025-06-15 00:00:00+00:00,2025,6,15,port1282,Tema,Ghana,GHA,2,2,0,0,0,4,4,3921,53998,0,0,0,57919,57919,16182,0,0,0,0,16182,16182
2025-06-16 00:00:00+00:00,2025,6,16,port1282,Tema,Ghana,GHA,3,0,0,1,0,4,4,58594,0,0,2778,0,61372,61372,3468,0,0,0,0,3468,3468
2025-06-17 00:00:00+00:00,2025,6,17,port1282,Tema,Ghana,GHA,3,1,0,0,2,4,6,15015,25372,0,0,0,40387,40387,24445,0,0,0,0,24445,24445
2025-06-18 00:00:00+00:00,2025,6,18,port1282,Tema,Ghana,GHA,2,0,1,0,2,3,5,41488,0,5452,0,25427,46941,72369,1440,0,0,0,0,1440,1440
2025-06-19 00:00:00+00:00,2025,6,19,port1282,Tema,Ghana,GHA,3,2,1,1,1,7,8,29004,51261,7413,0,9352,87680,97032,0,0,0,0,0,0,0
2025-06-20 00:00:00+00:00,2025,6,20,port1282,Tema,Ghana,GHA,1,0,0,0,0,1,1,29600,0,0,0,0,29600,29600,0,0,0,0,0,0,0
2025-06-21 00:00:00+00:00,2025,6,21,port1282,Tema,Ghana,GHA,3,1,0,0,1,4,5,16291,46721,0,0,0,63013,63013,10765,0,0,0,32570,10765,43336
2025-06-22 00:00:00+00:00,2025,6,22,port1282,Tema,Ghana,GHA,4,2,0,0,0,6,6,36839,73638,0,0,0,110477,110477,0,0,0,0,0,0,0
2025-06-23 00:00:00+00:00,2025,6,23,port1282,Tema,Ghana,GHA,3,1,0,0,0,4,4,41920,30444,0,0,0,72365,72365,1440,0,0,0,0,1440,1440
2025-06-24 00:00:00+00:00,2025,6,24,port1282,Tema,Ghana,GHA,1,0,0,0,0,1,1,8207,0,0,0,0,8207,8207,1440,0,0,0,0,1440,1440
2025-06-25 00:00:00+00:00,2025,6,25,port1282,Tema,Ghana,GHA,5,2,0,0,1,7,8,63115,12411,0,0,24171,75527,99698,44073,0,0,0,0,44073,44073
2025-06-26 00:00:00+00:00,2025,6,26,port1282,Tema,Ghana,GHA,1,0,0,1,0,2,2,1803,0,0,1146,0,2949,2949,0,0,0,25,0,25,25
2025-06-27 00:00:00+00:00,2025,6,27,port1282,Tema,Ghana,GHA,2,0,0,0,0,2,2,7011,0,0,0,0,7011,7011,0,0,0,0,0,0,0
2025-06-28 00:00:00+00:00,2025,6,28,port1282,Tema,Ghana,GHA,1,1,0,0,0,2,2,0,38909,0,0,0,38909,38909,676,0,0,0,0,676,676
2025-06-29 00:00:00+00:00,2025,6,29,port1282,Tema,Ghana,GHA,3,1,0,0,1,4,5,16005,41436,0,0,0,57442,57442,1440,0,0,0,0,1440,1440
2025-06-30 00:00:00+00:00,2025,6,30,port1282,Tema,Ghana,GHA,3,1,1,0,1,5,6,15453,20399,799,0,26712,36652,63364,3474,789,0,0,0,4263,4263
2025-07-01 00:00:00+00:00,2025,7,1,port1282,Tema,Ghana,GHA,5,1,0,0,0,6,6,34377,40211,0,0,0,74589,74589,15628,0,0,0,0,15628,15628
2025-07-02 00:00:00+00:00,2025,7,2,port1282,Tema,Ghana,GHA,2,2,0,0,1,4,5,9498,52470,0,0,0,61969,61969,0,0,0,0,0,0,0
2025-07-03 00:00:00+00:00,2025,7,3,port1282,Tema,Ghana,GHA,3,1,0,0,0,4,4,23871,20917,0,0,0,44788,44788,1440,0,0,0,0,1440,1440
2025-07-04 00:00:00+00:00,2025,7,4,port1282,Tema,Ghana,GHA,1,0,0,0,0,1,1,12128,0,0,0,0,12128,12128,0,0,0,0,0,0,0
2025-07-05 00:00:00+00:00,2025,7,5,port1282,Tema,Ghana,GHA,4,1,0,0,1,5,6,88338,37174,0,0,4085,125513,129598,0,0,0,0,1903,0,1903
2025-07-06 00:00:00+00:00,2025,7,6,port1282,Tema,Ghana,GHA,2,1,0,0,0,3,3,0,2672,0,0,0,2672,2672,39245,0,0,0,0,39245,39245
2025-07-07 00:00:00+00:00,2025,7,7,port1282,Tema,Ghana,GHA,1,0,0,0,0,1,1,18452,0,0,0,0,18452,18452,0,0,0,0,0,0,0
2025-07-08 00:00:00+00:00,2025,7,8,port1282,Tema,Ghana,GHA,2,2,0,0,1,4,5,51052,38334,0,0,4085,89386,93471,0,0,0,0,1903,0,1903
2025-07-09 00:00:00+00:00,2025,7,9,port1282,Tema,Ghana,GHA,1,0,1,0,1,2,3,8207,0,1323,0,4139,9530,13669,1440,0,0,0,0,1440,1440
2025-07-10 00:00:00+00:00,2025,7,10,port1282,Tema,Ghana,GHA,5,0,0,0,0,5,5,30924,0,0,0,0,30924,30924,1440,0,0,0,0,1440,1440
2025-07-11 00:00:00+00:00,2025,7,11,port1282,Tema,Ghana,GHA,2,1,0,1,0,4,4,14411,29892,0,2429,0,46732,46732,0,0,0,0,0,0,0
2025-07-12 00:00:00+00:00,2025,7,12,port1282,Tema,Ghana,GHA,4,1,1,0,0,6,6,16316,11016,2084,0,0,29418,29418,11485,0,775,0,0,12260,12260
2025-07-13 00:00:00+00:00,2025,7,13,port1282,Tema,Ghana,GHA,2,0,0,0,0,2,2,1134,0,0,0,0,1134,1134,19036,0,0,0,0,19036,19036
2025-07-14 00:00:00+00:00,2025,7,14,port1282,Tema,Ghana,GHA,2,1,0,0,0,3,3,4896,0,0,0,0,4896,4896,0,0,0,0,0,0,0
2025-07-15 00:00:00+00:00,2025,7,15,port1282,Tema,Ghana,GHA,4,2,0,0,1,6,7,48465,11480,0,0,233,59946,60179,0,0,0,0,0,0,0
2025-07-16 00:00:00+00:00,2025,7,16,port1282,Tema,Ghana,GHA,1,2,0,0,0,3,3,4523,69680,0,0,0,74204,74204,0,0,0,0,0,0,0
2025-07-17 00:00:00+00:00,2025,7,17,port1282,Tema,Ghana,GHA,2,0,2,0,1,4,5,30924,0,3611,0,9373,34536,43909,0,0,775,0,0,775,775
2025-07-18 00:00:00+00:00,2025,7,18,port1282,Tema,Ghana,GHA,3,0,1,0,0,4,4,23224,0,835,0,0,24060,24060,0,0,0,0,0,0,0
2025-07-19 00:00:00+00:00,2025,7,19,port1282,Tema,Ghana,GHA,5,1,0,1,1,7,8,21121,13375,0,0,4085,34497,38583,1440,0,0,0,1903,1440,3343
2025-07-20 00:00:00+00:00,2025,7,20,port1282,Tema,Ghana,GHA,4,1,0,1,1,6,7,23024,3018,0,1146,0,27188,27188,29356,0,0,25,0,29382,29382
2025-07-21 00:00:00+00:00,2025,7,21,port1282,Tema,Ghana,GHA,3,3,0,0,0,6,6,58398,56611,0,0,0,115009,115009,0,0,0,0,0,0,0
2025-07-22 00:00:00+00:00,2025,7,22,port1282,Tema,Ghana,GHA,1,1,0,0,1,2,3,0,35980,0,0,4085,35980,40066,2176,0,0,0,1903,2176,4079
2025-07-23 00:00:00+00:00,2025,7,23,port1282,Tema,Ghana,GHA,2,1,1,0,0,4,4,29612,32495,1200,0,0,63307,63307,0,0,53,0,0,53,53
2025-07-24 00:00:00+00:00,2025,7,24,port1282,Tema,Ghana,GHA,6,0,0,0,0,6,6,76538,0,0,0,0,76538,76538,6683,0,0,0,0,6683,6683
2025-07-25 00:00:00+00:00,2025,7,25,port1282,Tema,Ghana,GHA,1,2,0,0,0,3,3,8207,45022,0,0,0,53229,53229,1440,0,0,0,0,1440,1440
2025-07-26 00:00:00+00:00,2025,7,26,port1282,Tema,Ghana,GHA,5,2,0,1,0,8,8,30766,56083,0,0,0,86850,86850,24565,0,0,0,0,24565,24565
2025-07-27 00:00:00+00:00,2025,7,27,port1282,Tema,Ghana,GHA,2,2,0,0,1,4,5,12568,53514,0,0,22396,66082,88479,16220,0,0,0,0,16220,16220
2025-07-28 00:00:00+00:00,2025,7,28,port1282,Tema,Ghana,GHA,0,0,0,0,0,0,0,0,0,0,0,0,0,0,0,0,0,0,0,0,0
2025-07-29 00:00:00+00:00,2025,7,29,port1282,Tema,Ghana,GHA,3,2,0,0,0,5,5,48235,55507,0,0,0,103743,103743,0,0,0,0,0,0,0
2025-07-30 00:00:00+00:00,2025,7,30,port1282,Tema,Ghana,GHA,4,1,0,0,0,5,5,35235,9709,0,0,0,44944,44944,0,0,0,0,0,0,0
2025-07-31 00:00:00+00:00,2025,7,31,port1282,Tema,Ghana,GHA,2,1,0,0,2,3,5,26944,44376,0,0,0,71321,71321,1440,0,0,0,0,1440,1440
2025-08-01 00:00:00+00:00,2025,8,1,port1282,Tema,Ghana,GHA,4,1,0,0,1,5,6,47798,3284,0,0,9086,51083,60170,0,0,0,0,0,0,0
2025-08-02 00:00:00+00:00,2025,8,2,port1282,Tema,Ghana,GHA,3,0,0,0,0,3,3,12323,0,0,0,0,12323,12323,1440,0,0,0,0,1440,1440
2025-08-03 00:00:00+00:00,2025,8,3,port1282,Tema,Ghana,GHA,4,2,0,0,0,6,6,17019,66187,0,0,0,83207,83207,31839,0,0,0,0,31839,31839
2025-08-04 00:00:00+00:00,2025,8,4,port1282,Tema,Ghana,GHA,4,0,1,0,1,5,6,45338,0,17614,0,0,62953,62953,0,0,0,0,0,0,0
2025-08-05 00:00:00+00:00,2025,8,5,port1282,Tema,Ghana,GHA,2,2,0,0,1,4,5,13986,40945,0,0,0,54932,54932,0,889,0,0,0,889,889
2025-08-06 00:00:00+00:00,2025,8,6,port1282,Tema,Ghana,GHA,2,3,0,0,0,5,5,8949,84890,0,0,0,93839,93839,1440,789,0,0,0,2229,2229
2025-08-07 00:00:00+00:00,2025,8,7,port1282,Tema,Ghana,GHA,3,1,0,0,0,4,4,83451,24412,0,0,0,107864,107864,0,0,0,0,0,0,0
2025-08-08 00:00:00+00:00,2025,8,8,port1282,Tema,Ghana,GHA,2,2,1,0,0,5,5,10375,41035,0,0,0,51410,51410,0,0,0,0,0,0,0
2025-08-09 00:00:00+00:00,2025,8,9,port1282,Tema,Ghana,GHA,3,0,0,0,1,3,4,30549,0,0,0,4085,30549,34635,24047,0,0,0,1903,24047,25951
2025-08-10 00:00:00+00:00,2025,8,10,port1282,Tema,Ghana,GHA,0,2,0,1,0,3,3,0,69205,0,853,0,70059,70059,0,0,0,0,0,0,0
2025-08-11 00:00:00+00:00,2025,8,11,port1282,Tema,Ghana,GHA,6,0,2,0,0,8,8,41226,0,2969,0,0,44195,44195,27916,0,775,0,0,28691,28691
2025-08-12 00:00:00+00:00,2025,8,12,port1282,Tema,Ghana,GHA,2,2,0,0,1,4,5,30772,38565,0,0,7119,69338,76457,364,0,0,0,839,364,1203
2025-08-13 00:00:00+00:00,2025,8,13,port1282,Tema,Ghana,GHA,2,0,0,1,2,3,5,25479,0,0,509,5859,25988,31848,1440,0,0,0,41359,1440,42799
2025-08-14 00:00:00+00:00,2025,8,14,port1282,Tema,Ghana,GHA,4,1,0,0,0,5,5,76923,0,0,0,0,76923,76923,0,0,0,0,0,0,0
2025-08-15 00:00:00+00:00,2025,8,15,port1282,Tema,Ghana,GHA,1,4,0,0,1,5,6,0,93790,0,0,13743,93790,107534,12349,789,0,0,0,13138,13138
2025-08-16 00:00:00+00:00,2025,8,16,port1282,Tema,Ghana,GHA,3,1,0,0,1,4,5,11555,16552,0,0,0,28107,28107,6670,0,0,0,0,6670,6670
2025-08-17 00:00:00+00:00,2025,8,17,port1282,Tema,Ghana,GHA,4,0,0,0,1,4,5,10179,0,0,0,9891,10179,20071,5592,0,0,0,0,5592,5592
2025-08-18 00:00:00+00:00,2025,8,18,port1282,Tema,Ghana,GHA,4,1,0,0,1,5,6,82523,41142,0,0,4085,123666,127751,25205,0,0,0,1903,25205,27109
2025-08-19 00:00:00+00:00,2025,8,19,port1282,Tema,Ghana,GHA,3,0,0,0,0,3,3,17009,0,0,0,0,17009,17009,362,0,0,0,0,362,362
2025-08-20 00:00:00+00:00,2025,8,20,port1282,Tema,Ghana,GHA,1,0,0,0,0,1,1,6496,0,0,0,0,6496,6496,0,0,0,0,0,0,0
2025-08-21 00:00:00+00:00,2025,8,21,port1282,Tema,Ghana,GHA,1,3,1,0,1,5,6,15888,72405,141,0,0,88435,88435,0,0,0,0,16969,0,16969
2025-08-22 00:00:00+00:00,2025,8,22,port1282,Tema,Ghana,GHA,4,0,0,0,0,4,4,8591,0,0,0,0,8591,8591,0,0,0,0,0,0,0
2025-08-23 00:00:00+00:00,2025,8,23,port1282,Tema,Ghana,GHA,5,3,0,0,1,8,9,75575,27110,0,0,7119,102686,109805,1440,0,0,0,839,1440,2279
2025-08-24 00:00:00+00:00,2025,8,24,port1282,Tema,Ghana,GHA,3,0,0,0,1,3,4,17553,0,0,0,4085,17553,21639,20511,0,0,0,1903,20511,22415
2025-08-25 00:00:00+00:00,2025,8,25,port1282,Tema,Ghana,GHA,0,3,1,0,0,4,4,0,28771,1866,0,0,30637,30637,0,0,0,0,0,0,0
2025-08-26 00:00:00+00:00,2025,8,26,port1282,Tema,Ghana,GHA,4,0,0,0,0,4,4,68478,0,0,0,0,68478,68478,1440,0,0,0,0,1440,1440
2025-08-27 00:00:00+00:00,2025,8,27,port1282,Tema,Ghana,GHA,1,0,1,1,1,3,4,1938,0,401,0,0,2339,2339,0,0,0,0,17332,0,17332
2025-08-28 00:00:00+00:00,2025,8,28,port1282,Tema,Ghana,GHA,3,3,0,0,0,6,6,8274,78615,0,0,0,86889,86889,0,789,0,0,0,789,789
2025-08-29 00:00:00+00:00,2025,8,29,port1282,Tema,Ghana,GHA,5,2,0,1,0,8,8,55553,42972,0,1146,0,99671,99671,0,0,0,25,0,25,25
2025-08-30 00:00:00+00:00,2025,8,30,port1282,Tema,Ghana,GHA,1,1,0,0,1,2,3,18094,40137,0,0,0,58232,58232,0,0,0,0,0,0,0
2025-08-31 00:00:00+00:00,2025,8,31,port1282,Tema,Ghana,GHA,3,0,0,0,0,3,3,10760,0,0,0,0,10760,10760,27916,0,0,0,0,27916,27916
2025-09-01 00:00:00+00:00,2025,9,1,port1282,Tema,Ghana,GHA,2,2,0,0,0,4,4,14236,94555,0,0,0,108791,108791,0,0,0,0,0,0,0
2025-09-02 00:00:00+00:00,2025,9,2,port1282,Tema,Ghana,GHA,4,1,0,0,0,5,5,14206,25515,0,0,0,39722,39722,21725,0,0,0,0,21725,21725
2025-09-03 00:00:00+00:00,2025,9,3,port1282,Tema,Ghana,GHA,4,0,0,0,1,4,5,31974,0,0,0,0,31974,31974,27,0,0,0,0,27,27
2025-09-04 00:00:00+00:00,2025,9,4,port1282,Tema,Ghana,GHA,1,1,0,0,0,2,2,8207,30065,0,0,0,38272,38272,1440,0,0,0,0,1440,1440
2025-09-05 00:00:00+00:00,2025,9,5,port1282,Tema,Ghana,GHA,4,1,0,0,0,5,5,3223,0,0,0,0,3223,3223,26585,0,0,0,0,26585,26585
2025-09-06 00:00:00+00:00,2025,9,6,port1282,Tema,Ghana,GHA,4,1,0,0,0,5,5,23145,48162,0,0,0,71307,71307,17956,0,0,0,0,17956,17956
2025-09-07 00:00:00+00:00,2025,9,7,port1282,Tema,Ghana,GHA,1,2,0,0,0,3,3,23238,59848,0,0,0,83087,83087,0,0,0,0,0,0,0
2025-09-08 00:00:00+00:00,2025,9,8,port1282,Tema,Ghana,GHA,3,2,1,0,1,6,7,11116,44474,0,0,31380,55590,86971,18501,0,3071,0,0,21572,21572
2025-09-09 00:00:00+00:00,2025,9,9,port1282,Tema,Ghana,GHA,3,0,0,0,0,3,3,71585,0,0,0,0,71585,71585,1440,0,0,0,0,1440,1440
2025-09-10 00:00:00+00:00,2025,9,10,port1282,Tema,Ghana,GHA,1,0,0,1,1,2,3,152,0,0,3053,0,3206,3206,0,0,0,0,0,0,0
2025-09-11 00:00:00+00:00,2025,9,11,port1282,Tema,Ghana,GHA,3,3,0,0,1,6,7,19107,86476,0,0,26134,105583,131718,0,0,0,0,0,0,0
2025-09-12 00:00:00+00:00,2025,9,12,port1282,Tema,Ghana,GHA,2,0,0,0,1,2,3,17003,0,0,0,0,17003,17003,1440,0,0,0,0,1440,1440
2025-09-13 00:00:00+00:00,2025,9,13,port1282,Tema,Ghana,GHA,2,0,0,0,0,2,2,12228,0,0,0,0,12228,12228,19527,0,0,0,0,19527,19527
2025-09-14 00:00:00+00:00,2025,9,14,port1282,Tema,Ghana,GHA,3,1,0,0,0,4,4,38401,16810,0,0,0,55212,55212,1440,0,0,0,0,1440,1440
2025-09-15 00:00:00+00:00,2025,9,15,port1282,Tema,Ghana,GHA,4,1,0,0,1,5,6,76643,48362,0,0,4915,125006,129921,3273,0,0,0,0,3273,3273
2025-09-16 00:00:00+00:00,2025,9,16,port1282,Tema,Ghana,GHA,3,0,2,1,0,6,6,46177,0,4986,1146,0,52310,52310,1440,0,5295,25,0,6761,6761
2025-09-17 00:00:00+00:00,2025,9,17,port1282,Tema,Ghana,GHA,2,1,0,0,2,3,5,2232,0,0,0,3443,2232,5676,0,0,0,0,0,0,0
2025-09-18 00:00:00+00:00,2025,9,18,port1282,Tema,Ghana,GHA,3,1,0,1,0,5,5,23831,11811,0,0,0,35643,35643,3784,0,0,0,0,3784,3784
2025-09-19 00:00:00+00:00,2025,9,19,port1282,Tema,Ghana,GHA,2,2,0,0,0,4,4,11604,54844,0,0,0,66448,66448,0,0,0,0,0,0,0
2025-09-20 00:00:00+00:00,2025,9,20,port1282,Tema,Ghana,GHA,6,0,0,0,0,6,6,24829,0,0,0,0,24829,24829,34657,0,0,0,0,34657,34657
2025-09-21 00:00:00+00:00,2025,9,21,port1282,Tema,Ghana,GHA,0,2,0,0,1,2,3,0,53304,0,0,11827,53304,65131,0,0,0,0,0,0,0
2025-09-22 00:00:00+00:00,2025,9,22,port1282,Tema,Ghana,GHA,5,0,0,0,0,5,5,71112,0,0,0,0,71112,71112,18462,0,0,0,0,18462,18462
2025-09-23 00:00:00+00:00,2025,9,23,port1282,Tema,Ghana,GHA,2,1,0,0,1,3,4,10208,38501,0,0,0,48710,48710,14461,0,0,0,0,14461,14461
2025-09-24 00:00:00+00:00,2025,9,24,port1282,Tema,Ghana,GHA,2,0,0,0,0,2,2,13848,0,0,0,0,13848,13848,0,0,0,0,0,0,0
2025-09-25 00:00:00+00:00,2025,9,25,port1282,Tema,Ghana,GHA,5,2,0,0,0,7,7,58441,43596,0,0,0,102037,102037,3157,0,0,0,0,3157,3157
2025-09-26 00:00:00+00:00,2025,9,26,port1282,Tema,Ghana,GHA,4,0,0,0,0,4,4,53907,0,0,0,0,53907,53907,0,0,0,0,0,0,0
2025-09-27 00:00:00+00:00,2025,9,27,port1282,Tema,Ghana,GHA,2,1,0,0,1,3,4,22227,31230,0,0,14217,53457,67674,1440,0,0,0,0,1440,1440
2025-09-28 00:00:00+00:00,2025,9,28,port1282,Tema,Ghana,GHA,3,3,0,0,0,6,6,0,51854,0,0,0,51854,51854,41924,0,0,0,0,41924,41924
2025-09-29 00:00:00+00:00,2025,9,29,port1282,Tema,Ghana,GHA,2,0,1,0,1,3,4,16364,0,2191,0,32735,18556,51291,0,0,0,0,0,0,0
2025-09-30 00:00:00+00:00,2025,9,30,port1282,Tema,Ghana,GHA,3,0,0,0,0,3,3,15683,0,0,0,0,15683,15683,0,0,0,0,0,0,0
2025-10-01 00:00:00+00:00,2025,10,1,port1282,Tema,Ghana,GHA,3,2,0,1,0,6,6,17812,49322,0,0,0,67134,67134,18054,0,0,0,0,18054,18054
2025-10-02 00:00:00+00:00,2025,10,2,port1282,Tema,Ghana,GHA,3,0,0,0,0,3,3,53418,0,0,0,0,53418,53418,1440,0,0,0,0,1440,1440
2025-10-03 00:00:00+00:00,2025,10,3,port1282,Tema,Ghana,GHA,4,0,0,0,1,4,5,15899,0,0,0,6155,15899,22055,24445,0,0,0,3183,24445,27629
2025-10-04 00:00:00+00:00,2025,10,4,port1282,Tema,Ghana,GHA,1,2,1,1,1,5,6,8207,42612,2343,2446,2730,55609,58340,1440,0,0,0,0,1440,1440
2025-10-05 00:00:00+00:00,2025,10,5,port1282,Tema,Ghana,GHA,3,0,0,0,1,3,4,7719,0,0,0,516,7719,8235,2799,0,0,0,0,2799,2799
2025-10-06 00:00:00+00:00,2025,10,6,port1282,Tema,Ghana,GHA,1,0,0,0,1,1,2,0,0,0,0,0,0,0,0,0,0,0,0,0,0
2025-10-07 00:00:00+00:00,2025,10,7,port1282,Tema,Ghana,GHA,4,2,0,0,0,6,6,31573,41770,0,0,0,73343,73343,8199,25867,0,0,0,34067,34067
2025-10-08 00:00:00+00:00,2025,10,8,port1282,Tema,Ghana,GHA,3,0,0,0,0,3,3,88873,0,0,0,0,88873,88873,0,0,0,0,0,0,0
2025-10-09 00:00:00+00:00,2025,10,9,port1282,Tema,Ghana,GHA,1,2,0,0,0,3,3,7846,55133,0,0,0,62979,62979,0,0,0,0,0,0,0
2025-10-10 00:00:00+00:00,2025,10,10,port1282,Tema,Ghana,GHA,2,0,0,0,0,2,2,10279,0,0,0,0,10279,10279,10932,0,0,0,0,10932,10932
2025-10-11 00:00:00+00:00,2025,10,11,port1282,Tema,Ghana,GHA,3,0,0,0,0,3,3,4365,0,0,0,0,4365,4365,1914,0,0,0,0,1914,1914
2025-10-12 00:00:00+00:00,2025,10,12,port1282,Tema,Ghana,GHA,4,1,0,0,1,5,6,41281,47237,0,0,7119,88519,95638,0,0,0,0,839,0,839
2025-10-13 00:00:00+00:00,2025,10,13,port1282,Tema,Ghana,GHA,3,0,0,0,1,3,4,20866,0,0,0,0,20866,20866,6930,0,0,0,0,6930,6930
2025-10-14 00:00:00+00:00,2025,10,14,port1282,Tema,Ghana,GHA,5,0,0,0,0,5,5,43905,0,0,0,0,43905,43905,7393,0,0,0,0,7393,7393
2025-10-15 00:00:00+00:00,2025,10,15,port1282,Tema,Ghana,GHA,3,0,0,0,0,3,3,62974,0,0,0,0,62974,62974,0,0,0,0,0,0,0
2025-10-16 00:00:00+00:00,2025,10,16,port1282,Tema,Ghana,GHA,2,1,1,0,0,4,4,32904,40681,1850,0,0,75436,75436,18462,0,0,0,0,18462,18462
2025-10-17 00:00:00+00:00,2025,10,17,port1282,Tema,Ghana,GHA,0,0,0,0,0,0,0,0,0,0,0,0,0,0,0,0,0,0,0,0,0
2025-10-18 00:00:00+00:00,2025,10,18,port1282,Tema,Ghana,GHA,2,0,1,0,0,3,3,1487,0,2084,0,0,3572,3572,486,0,775,0,0,1261,1261
2025-10-19 00:00:00+00:00,2025,10,19,port1282,Tema,Ghana,GHA,3,1,1,1,0,6,6,9063,0,2084,0,0,11148,11148,3479,0,775,945,0,5200,5200
2025-10-20 00:00:00+00:00,2025,10,20,port1282,Tema,Ghana,GHA,3,0,0,1,1,4,5,25956,0,0,571,0,26528,26528,24980,0,0,0,0,24980,24980
2025-10-21 00:00:00+00:00,2025,10,21,port1282,Tema,Ghana,GHA,4,1,0,0,0,5,5,28942,41084,0,0,0,70026,70026,0,0,0,0,0,0,0
2025-10-22 00:00:00+00:00,2025,10,22,port1282,Tema,Ghana,GHA,4,1,0,0,0,5,5,21731,18880,0,0,0,40611,40611,1440,0,0,0,0,1440,1440
2025-10-23 00:00:00+00:00,2025,10,23,port1282,Tema,Ghana,GHA,5,2,0,0,0,7,7,23575,48685,0,0,0,72261,72261,3242,0,0,0,0,3242,3242
2025-10-24 00:00:00+00:00,2025,10,24,port1282,Tema,Ghana,GHA,2,1,0,0,2,3,5,10903,20399,0,0,6454,31302,37757,6248,789,0,0,1882,7037,8920
2025-10-25 00:00:00+00:00,2025,10,25,port1282,Tema,Ghana,GHA,3,2,0,0,1,5,6,5137,39037,0,0,4085,44175,48261,16662,0,0,0,1903,16662,18565
2025-10-26 00:00:00+00:00,2025,10,26,port1282,Tema,Ghana,GHA,4,0,0,0,1,4,5,44473,0,0,0,3026,44473,47499,2551,0,0,0,0,2551,2551
2025-10-27 00:00:00+00:00,2025,10,27,port1282,Tema,Ghana,GHA,2,1,0,0,1,3,4,24590,32776,0,0,0,57366,57366,1440,0,0,0,0,1440,1440
2025-10-28 00:00:00+00:00,2025,10,28,port1282,Tema,Ghana,GHA,4,1,1,0,0,6,6,68743,34982,0,0,0,103725,103725,21213,0,244,0,0,21457,21457
2025-10-29 00:00:00+00:00,2025,10,29,port1282,Tema,Ghana,GHA,1,1,0,0,0,2,2,0,556,0,0,0,556,556,19276,0,0,0,0,19276,19276
2025-10-30 00:00:00+00:00,2025,10,30,port1282,Tema,Ghana,GHA,3,1,0,1,0,5,5,42992,6628,0,1123,0,50744,50744,0,0,0,28,0,28,28
2025-10-31 00:00:00+00:00,2025,10,31,port1282,Tema,Ghana,GHA,2,1,0,0,0,3,3,3224,29051,0,0,0,32276,32276,0,0,0,0,0,0,0
2025-11-01 00:00:00+00:00,2025,11,1,port1282,Tema,Ghana,GHA,2,0,0,0,1,2,3,60351,0,0,0,24171,60351,84523,0,0,0,0,0,0,0
2025-11-02 00:00:00+00:00,2025,11,2,port1282,Tema,Ghana,GHA,6,0,0,0,0,6,6,23628,0,0,0,0,23628,23628,13948,0,0,0,0,13948,13948
2025-11-03 00:00:00+00:00,2025,11,3,port1282,Tema,Ghana,GHA,1,2,1,0,0,4,4,0,50526,0,0,0,50526,50526,1476,0,1043,0,0,2519,2519
2025-11-04 00:00:00+00:00,2025,11,4,port1282,Tema,Ghana,GHA,2,1,1,0,0,4,4,28333,9525,0,0,0,37858,37858,1459,0,3138,0,0,4598,4598
2025-11-05 00:00:00+00:00,2025,11,5,port1282,Tema,Ghana,GHA,3,1,0,1,0,5,5,12899,40137,0,0,0,53036,53036,3824,0,0,0,0,3824,3824
2025-11-06 00:00:00+00:00,2025,11,6,port1282,Tema,Ghana,GHA,4,1,0,0,2,5,7,49435,38678,0,0,3464,88113,91578,12956,0,0,0,0,12956,12956
2025-11-07 00:00:00+00:00,2025,11,7,port1282,Tema,Ghana,GHA,1,2,0,0,3,3,6,0,83478,0,0,41739,83478,125217,11846,0,0,0,0,11846,11846
2025-11-08 00:00:00+00:00,2025,11,8,port1282,Tema,Ghana,GHA,5,1,0,0,0,6,6,44340,7926,0,0,0,52266,52266,0,0,0,0,0,0,0
2025-11-09 00:00:00+00:00,2025,11,9,port1282,Tema,Ghana,GHA,3,0,2,0,0,5,5,26643,0,7340,0,0,33983,33983,16190,0,648,0,0,16839,16839
2025-11-10 00:00:00+00:00,2025,11,10,port1282,Tema,Ghana,GHA,3,2,0,0,0,5,5,22699,20399,0,0,0,43098,43098,0,789,0,0,0,789,789
2025-11-11 00:00:00+00:00,2025,11,11,port1282,Tema,Ghana,GHA,2,0,0,0,0,2,2,22640,0,0,0,0,22640,22640,0,0,0,0,0,0,0
2025-11-12 00:00:00+00:00,2025,11,12,port1282,Tema,Ghana,GHA,3,2,0,0,0,5,5,51073,47524,0,0,0,98597,98597,0,789,0,0,0,789,789
2025-11-13 00:00:00+00:00,2025,11,13,port1282,Tema,Ghana,GHA,2,0,0,1,1,3,4,11571,0,0,509,4085,12081,16167,0,0,0,0,1903,0,1903
2025-11-14 00:00:00+00:00,2025,11,14,port1282,Tema,Ghana,GHA,2,0,2,0,1,4,5,6350,0,3965,0,2381,10316,12697,16867,0,53,0,1811,16921,18733
2025-11-15 00:00:00+00:00,2025,11,15,port1282,Tema,Ghana,GHA,3,1,0,0,0,4,4,24938,50123,0,0,0,75062,75062,0,0,0,0,0,0,0
2025-11-16 00:00:00+00:00,2025,11,16,port1282,Tema,Ghana,GHA,2,1,0,0,0,3,3,9073,0,0,0,0,9073,9073,0,22279,0,0,0,22279,22279
2025-11-17 00:00:00+00:00,2025,11,17,port1282,Tema,Ghana,GHA,5,1,1,0,1,7,8,51776,23507,956,0,0,76241,76241,23747,0,0,0,0,23747,23747
2025-11-18 00:00:00+00:00,2025,11,18,port1282,Tema,Ghana,GHA,2,0,0,0,0,2,2,19640,0,0,0,0,19640,19640,0,0,0,0,0,0,0
2025-11-19 00:00:00+00:00,2025,11,19,port1282,Tema,Ghana,GHA,3,1,0,0,1,4,5,11343,39613,0,0,0,50957,50957,0,0,0,0,0,0,0
2025-11-20 00:00:00+00:00,2025,11,20,port1282,Tema,Ghana,GHA,4,1,0,0,0,5,5,30682,41176,0,0,0,71858,71858,20476,0,0,0,0,20476,20476
2025-11-21 00:00:00+00:00,2025,11,21,port1282,Tema,Ghana,GHA,2,1,0,0,1,3,4,7117,940,0,0,1555,8058,9613,652,0,0,0,0,652,652
2025-11-22 00:00:00+00:00,2025,11,22,port1282,Tema,Ghana,GHA,4,0,1,1,0,6,6,8309,0,0,1533,0,9843,9843,524,0,4474,0,0,4999,4999
2025-11-23 00:00:00+00:00,2025,11,23,port1282,Tema,Ghana,GHA,4,1,0,0,0,5,5,12661,44322,0,0,0,56983,56983,24445,0,0,0,0,24445,24445
2025-11-24 00:00:00+00:00,2025,11,24,port1282,Tema,Ghana,GHA,2,2,0,0,0,4,4,6518,63580,0,0,0,70098,70098,0,789,0,0,0,789,789
2025-11-25 00:00:00+00:00,2025,11,25,port1282,Tema,Ghana,GHA,4,0,0,0,0,4,4,27116,0,0,0,0,27116,27116,7609,0,0,0,0,7609,7609
2025-11-26 00:00:00+00:00,2025,11,26,port1282,Tema,Ghana,GHA,2,1,1,0,0,4,4,0,32275,6664,0,0,38940,38940,41340,0,0,0,0,41340,41340
2025-11-27 00:00:00+00:00,2025,11,27,port1282,Tema,Ghana,GHA,3,3,0,0,0,6,6,19578,21461,0,0,0,41040,41040,1890,31128,0,0,0,33019,33019
2025-11-28 00:00:00+00:00,2025,11,28,port1282,Tema,Ghana,GHA,4,1,1,0,1,6,7,40430,38738,3067,0,4085,82237,86322,0,0,0,0,1903,0,1903
2025-11-29 00:00:00+00:00,2025,11,29,port1282,Tema,Ghana,GHA,2,0,0,0,0,2,2,8207,0,0,0,0,8207,8207,3623,0,0,0,0,3623,3623
2025-11-30 00:00:00+00:00,2025,11,30,port1282,Tema,Ghana,GHA,3,1,0,1,0,5,5,59576,0,0,2302,0,61878,61878,0,0,0,0,0,0,0
2025-12-01 00:00:00+00:00,2025,12,1,port1282,Tema,Ghana,GHA,2,0,0,1,0,3,3,14545,0,0,2354,0,16899,16899,0,0,0,0,0,0,0
2025-12-02 00:00:00+00:00,2025,12,2,port1282,Tema,Ghana,GHA,4,2,1,1,0,8,8,65035,100380,439,0,0,165855,165855,0,0,0,0,0,0,0
2025-12-03 00:00:00+00:00,2025,12,3,port1282,Tema,Ghana,GHA,3,1,0,0,1,4,5,5890,0,0,0,0,5890,5890,12691,0,0,0,0,12691,12691
2025-12-04 00:00:00+00:00,2025,12,4,port1282,Tema,Ghana,GHA,2,0,0,0,0,2,2,0,0,0,0,0,0,0,15219,0,0,0,0,15219,15219
2025-12-05 00:00:00+00:00,2025,12,5,port1282,Tema,Ghana,GHA,3,1,0,0,0,4,4,25153,27769,0,0,0,52923,52923,0,0,0,0,0,0,0
2025-12-06 00:00:00+00:00,2025,12,6,port1282,Tema,Ghana,GHA,4,1,0,0,0,5,5,21323,14241,0,0,0,35565,35565,8410,0,0,0,0,8410,8410
2025-12-07 00:00:00+00:00,2025,12,7,port1282,Tema,Ghana,GHA,5,1,1,0,0,7,7,29844,2918,0,0,0,32763,32763,33490,0,555,0,0,34045,34045
2025-12-08 00:00:00+00:00,2025,12,8,port1282,Tema,Ghana,GHA,2,1,0,0,0,3,3,17621,20399,0,0,0,38021,38021,0,789,0,0,0,789,789
2025-12-09 00:00:00+00:00,2025,12,9,port1282,Tema,Ghana,GHA,3,0,0,0,1,3,4,43878,0,0,0,6528,43878,50407,0,0,0,0,0,0,0
2025-12-10 00:00:00+00:00,2025,12,10,port1282,Tema,Ghana,GHA,3,2,1,0,0,6,6,9559,50773,5860,0,0,66193,66193,2330,0,0,0,0,2330,2330
2025-12-11 00:00:00+00:00,2025,12,11,port1282,Tema,Ghana,GHA,3,0,0,0,1,3,4,51193,0,0,0,27331,51193,78525,0,0,0,0,0,0,0
2025-12-12 00:00:00+00:00,2025,12,12,port1282,Tema,Ghana,GHA,4,3,1,0,1,8,9,24878,20399,0,0,0,45278,45278,5735,34572,218,0,0,40526,40526
2025-12-13 00:00:00+00:00,2025,12,13,port1282,Tema,Ghana,GHA,4,2,0,0,0,6,6,28632,41843,0,0,0,70475,70475,798,0,0,0,0,798,798
2025-12-14 00:00:00+00:00,2025,12,14,port1282,Tema,Ghana,GHA,2,1,0,0,1,3,4,18106,45853,0,0,4085,63960,68045,0,0,0,0,1903,0,1903
2025-12-15 00:00:00+00:00,2025,12,15,port1282,Tema,Ghana,GHA,6,1,0,0,0,7,7,54446,26650,0,0,0,81097,81097,14879,0,0,0,0,14879,14879
2025-12-16 00:00:00+00:00,2025,12,16,port1282,Tema,Ghana,GHA,2,2,0,0,1,4,5,35277,73846,0,0,2653,109124,111778,0,0,0,0,0,0,0
2025-12-17 00:00:00+00:00,2025,12,17,port1282,Tema,Ghana,GHA,1,0,0,0,1,1,2,23078,0,0,0,19051,23078,42130,0,0,0,0,0,0,0
2025-12-18 00:00:00+00:00,2025,12,18,port1282,Tema,Ghana,GHA,2,1,1,0,0,4,4,19543,0,882,0,0,20425,20425,0,19573,0,0,0,19573,19573
2025-12-19 00:00:00+00:00,2025,12,19,port1282,Tema,Ghana,GHA,3,1,0,0,1,4,5,64456,2398,0,0,33135,66855,99990,0,0,0,0,0,0,0
2025-12-20 00:00:00+00:00,2025,12,20,port1282,Tema,Ghana,GHA,3,1,0,0,0,4,4,31452,31525,0,0,0,62978,62978,8351,0,0,0,0,8351,8351
2025-12-21 00:00:00+00:00,2025,12,21,port1282,Tema,Ghana,GHA,1,1,0,0,0,2,2,17189,44428,0,0,0,61618,61618,0,0,0,0,0,0,0
2025-12-22 00:00:00+00:00,2025,12,22,port1282,Tema,Ghana,GHA,6,0,0,1,0,7,7,34037,0,0,1520,0,35557,35557,17046,0,0,0,0,17046,17046
2025-12-23 00:00:00+00:00,2025,12,23,port1282,Tema,Ghana,GHA,3,2,0,1,1,6,7,37824,50191,0,4587,5239,92604,97843,0,0,0,0,0,0,0
2025-12-24 00:00:00+00:00,2025,12,24,port1282,Tema,Ghana,GHA,1,1,1,1,0,4,4,54032,0,3623,1160,0,58816,58816,0,0,0,0,0,0,0
2025-12-25 00:00:00+00:00,2025,12,25,port1282,Tema,Ghana,GHA,1,1,0,0,0,2,2,9114,49322,0,0,0,58437,58437,0,0,0,0,0,0,0
2025-12-26 00:00:00+00:00,2025,12,26,port1282,Tema,Ghana,GHA,1,2,0,0,1,3,4,6798,36035,0,0,0,42834,42834,0,0,0,0,0,0,0
2025-12-27 00:00:00+00:00,2025,12,27,port1282,Tema,Ghana,GHA,2,1,0,0,1,3,4,23238,484,0,0,0,23723,23723,1459,0,0,0,0,1459,1459
2025-12-28 00:00:00+00:00,2025,12,28,port1282,Tema,Ghana,GHA,2,1,0,0,0,3,3,3434,20399,0,0,0,23833,23833,0,789,0,0,0,789,789
2025-12-29 00:00:00+00:00,2025,12,29,port1282,Tema,Ghana,GHA,5,1,0,0,1,6,7,52324,40678,0,0,3616,93003,96620,3678,0,0,0,0,3678,3678
2025-12-30 00:00:00+00:00,2025,12,30,port1282,Tema,Ghana,GHA,5,0,0,0,2,5,7,6019,0,0,0,4085,6019,10105,12948,0,0,0,6062,12948,19011
2025-12-31 00:00:00+00:00,2025,12,31,port1282,Tema,Ghana,GHA,4,0,2,0,0,6,6,19784,0,190,0,0,19974,19974,5471,0,6137,0,0,11608,11608
2026-01-01 00:00:00+00:00,2026,1,1,port1282,Tema,Ghana,GHA,4,2,0,0,0,6,6,92001,43938,0,0,0,135939,135939,7157,0,0,0,0,7157,7157
2026-01-02 00:00:00+00:00,2026,1,2,port1282,Tema,Ghana,GHA,2,1,0,0,0,3,3,46064,0,0,0,0,46064,46064,0,0,0,0,0,0,0
2026-01-03 00:00:00+00:00,2026,1,3,port1282,Tema,Ghana,GHA,2,1,1,0,0,4,4,6737,35701,1200,0,0,43639,43639,21285,0,53,0,0,21339,21339
2026-01-04 00:00:00+00:00,2026,1,4,port1282,Tema,Ghana,GHA,3,0,0,0,1,3,4,8704,0,0,0,4085,8704,12790,3516,0,0,0,1903,3516,5420
2026-01-05 00:00:00+00:00,2026,1,5,port1282,Tema,Ghana,GHA,2,1,0,0,0,3,3,10424,28800,0,0,0,39224,39224,0,0,0,0,0,0,0
2026-01-06 00:00:00+00:00,2026,1,6,port1282,Tema,Ghana,GHA,4,0,0,1,0,5,5,35065,0,0,0,0,35065,35065,7217,0,0,0,0,7217,7217
2026-01-07 00:00:00+00:00,2026,1,7,port1282,Tema,Ghana,GHA,1,2,0,0,0,3,3,0,60471,0,0,0,60471,60471,9102,0,0,0,0,9102,9102
2026-01-08 00:00:00+00:00,2026,1,8,port1282,Tema,Ghana,GHA,2,1,0,0,0,3,3,32998,37065,0,0,0,70063,70063,0,0,0,0,0,0,0
2026-01-09 00:00:00+00:00,2026,1,9,port1282,Tema,Ghana,GHA,4,1,0,0,2,5,7,60397,13247,0,0,7119,73645,80764,1231,0,0,0,45562,1231,46793
2026-01-10 00:00:00+00:00,2026,1,10,port1282,Tema,Ghana,GHA,3,1,0,0,0,4,4,22498,13480,0,0,0,35978,35978,0,3409,0,0,0,3409,3409
2026-01-11 00:00:00+00:00,2026,1,11,port1282,Tema,Ghana,GHA,0,2,0,0,0,2,2,0,44756,0,0,0,44756,44756,0,0,0,0,0,0,0
2026-01-12 00:00:00+00:00,2026,1,12,port1282,Tema,Ghana,GHA,3,0,0,0,0,3,3,56301,0,0,0,0,56301,56301,0,0,0,0,0,0,0
2026-01-13 00:00:00+00:00,2026,1,13,port1282,Tema,Ghana,GHA,5,0,0,0,0,5,5,60664,0,0,0,0,60664,60664,2880,0,0,0,0,2880,2880
2026-01-14 00:00:00+00:00,2026,1,14,port1282,Tema,Ghana,GHA,3,2,0,0,0,5,5,39300,19139,0,0,0,58439,58439,0,0,0,0,0,0,0
2026-01-15 00:00:00+00:00,2026,1,15,port1282,Tema,Ghana,GHA,3,1,0,0,0,4,4,12598,44428,0,0,0,57027,57027,798,0,0,0,0,798,798
2026-01-16 00:00:00+00:00,2026,1,16,port1282,Tema,Ghana,GHA,4,0,0,1,1,5,6,48346,0,0,0,0,48346,48346,12378,0,0,0,0,12378,12378
2026-01-17 00:00:00+00:00,2026,1,17,port1282,Tema,Ghana,GHA,2,3,0,0,2,5,7,12119,37966,0,0,28733,50086,78819,0,21813,0,0,1903,21813,23716
2026-01-18 00:00:00+00:00,2026,1,18,port1282,Tema,Ghana,GHA,3,1,0,0,0,4,4,45828,28460,0,0,0,74289,74289,0,0,0,0,0,0,0
2026-01-19 00:00:00+00:00,2026,1,19,port1282,Tema,Ghana,GHA,3,1,1,0,0,5,5,43985,38530,683,0,0,83198,83198,0,0,0,0,0,0,0
2026-01-20 00:00:00+00:00,2026,1,20,port1282,Tema,Ghana,GHA,2,0,1,1,0,4,4,0,0,2084,2297,0,4382,4382,26834,0,775,0,0,27609,27609
2026-01-21 00:00:00+00:00,2026,1,21,port1282,Tema,Ghana,GHA,3,0,0,1,0,4,4,28468,0,0,1123,0,29592,29592,1306,0,0,28,0,1335,1335
2026-01-22 00:00:00+00:00,2026,1,22,port1282,Tema,Ghana,GHA,3,0,0,0,0,3,3,21533,0,0,0,0,21533,21533,1440,0,0,0,0,1440,1440
2026-01-23 00:00:00+00:00,2026,1,23,port1282,Tema,Ghana,GHA,5,2,1,0,1,8,9,46727,93841,1708,0,0,142277,142277,1440,0,0,0,0,1440,1440
2026-01-24 00:00:00+00:00,2026,1,24,port1282,Tema,Ghana,GHA,3,2,0,0,0,5,5,38928,46648,0,0,0,85577,85577,0,8611,0,0,0,8611,8611
2026-01-25 00:00:00+00:00,2026,1,25,port1282,Tema,Ghana,GHA,2,0,0,0,0,2,2,22520,0,0,0,0,22520,22520,0,0,0,0,0,0,0
2026-01-26 00:00:00+00:00,2026,1,26,port1282,Tema,Ghana,GHA,3,0,0,0,0,3,3,17654,0,0,0,0,17654,17654,13646,0,0,0,0,13646,13646
2026-01-27 00:00:00+00:00,2026,1,27,port1282,Tema,Ghana,GHA,3,3,0,0,0,6,6,35535,26114,0,0,0,61650,61650,0,789,0,0,0,789,789
2026-01-28 00:00:00+00:00,2026,1,28,port1282,Tema,Ghana,GHA,3,1,0,0,0,4,4,1094,39216,0,0,0,40311,40311,7024,0,0,0,0,7024,7024
2026-01-29 00:00:00+00:00,2026,1,29,port1282,Tema,Ghana,GHA,5,1,1,0,0,7,7,75261,1045,1416,0,0,77723,77723,4583,0,0,0,0,4583,4583
2026-01-30 00:00:00+00:00,2026,1,30,port1282,Tema,Ghana,GHA,2,0,1,0,0,3,3,8633,0,2084,0,0,10718,10718,15836,0,775,0,0,16611,16611
2026-01-31 00:00:00+00:00,2026,1,31,port1282,Tema,Ghana,GHA,2,1,2,0,1,5,6,7569,50854,10220,0,0,68645,68645,18975,0,775,0,0,19751,19751
2026-02-01 00:00:00+00:00,2026,2,1,port1282,Tema,Ghana,GHA,3,1,0,0,1,4,5,0,14639,0,0,5077,14639,19717,11307,0,0,0,0,11307,11307
2026-02-02 00:00:00+00:00,2026,2,2,port1282,Tema,Ghana,GHA,4,1,0,1,0,6,6,70604,43236,0,1146,0,114987,114987,0,0,0,25,0,25,25
2026-02-03 00:00:00+00:00,2026,2,3,port1282,Tema,Ghana,GHA,2,1,1,0,0,4,4,29283,90770,4837,0,0,124890,124890,1440,0,0,0,0,1440,1440
2026-02-04 00:00:00+00:00,2026,2,4,port1282,Tema,Ghana,GHA,3,0,1,0,0,4,4,27010,0,2282,0,0,29293,29293,0,0,0,0,0,0,0
2026-02-05 00:00:00+00:00,2026,2,5,port1282,Tema,Ghana,GHA,3,0,0,0,1,3,4,8207,0,0,0,1668,8207,9875,15669,0,0,0,0,15669,15669
2026-02-06 00:00:00+00:00,2026,2,6,port1282,Tema,Ghana,GHA,3,2,0,1,0,6,6,47893,44723,0,3000,0,95617,95617,1440,0,0,0,0,1440,1440
2026-02-07 00:00:00+00:00,2026,2,7,port1282,Tema,Ghana,GHA,4,1,0,0,0,5,5,14987,0,0,0,0,14987,14987,2952,0,0,0,0,2952,2952
2026-02-08 00:00:00+00:00,2026,2,8,port1282,Tema,Ghana,GHA,2,2,0,1,0,5,5,18208,15561,0,0,0,33769,33769,5085,0,0,0,0,5085,5085
2026-02-09 00:00:00+00:00,2026,2,9,port1282,Tema,Ghana,GHA,3,1,0,1,1,5,6,34358,5564,0,0,0,39922,39922,1440,0,0,0,0,1440,1440
2026-02-10 00:00:00+00:00,2026,2,10,port1282,Tema,Ghana,GHA,3,0,0,0,1,3,4,16804,0,0,0,26588,16804,43393,24980,0,0,0,0,24980,24980
2026-02-11 00:00:00+00:00,2026,2,11,port1282,Tema,Ghana,GHA,2,0,0,0,0,2,2,18966,0,0,0,0,18966,18966,0,0,0,0,0,0,0
2026-02-12 00:00:00+00:00,2026,2,12,port1282,Tema,Ghana,GHA,3,1,0,0,1,4,5,63243,20328,0,0,24245,83572,107817,0,0,0,0,0,0,0
2026-02-13 00:00:00+00:00,2026,2,13,port1282,Tema,Ghana,GHA,3,1,1,0,0,5,5,8207,24834,3205,0,0,36246,36246,10816,0,0,0,0,10816,10816
2026-02-14 00:00:00+00:00,2026,2,14,port1282,Tema,Ghana,GHA,3,1,0,0,1,4,5,16561,21369,0,0,25334,37930,63264,5242,0,0,0,0,5242,5242
2026-02-15 00:00:00+00:00,2026,2,15,port1282,Tema,Ghana,GHA,4,1,0,0,0,5,5,29406,15943,0,0,0,45350,45350,1289,0,0,0,0,1289,1289
2026-02-16 00:00:00+00:00,2026,2,16,port1282,Tema,Ghana,GHA,1,0,0,0,0,1,1,17031,0,0,0,0,17031,17031,0,0,0,0,0,0,0
2026-02-17 00:00:00+00:00,2026,2,17,port1282,Tema,Ghana,GHA,3,0,1,1,0,5,5,8207,0,1753,0,0,9960,9960,31817,0,0,0,0,31817,31817
2026-02-18 00:00:00+00:00,2026,2,18,port1282,Tema,Ghana,GHA,2,1,0,0,0,3,3,107306,24918,0,0,0,132224,132224,0,0,0,0,0,0,0
2026-02-19 00:00:00+00:00,2026,2,19,port1282,Tema,Ghana,GHA,4,1,1,0,0,6,6,5911,42839,552,0,0,49303,49303,8413,0,0,0,0,8413,8413
2026-02-20 00:00:00+00:00,2026,2,20,port1282,Tema,Ghana,GHA,1,2,0,0,1,3,4,2020,43124,0,0,4085,45144,49230,0,0,0,0,1903,0,1903
2026-02-21 00:00:00+00:00,2026,2,21,port1282,Tema,Ghana,GHA,1,0,1,0,0,2,2,0,0,0,0,0,0,0,11462,0,3161,0,0,14624,14624
2026-02-22 00:00:00+00:00,2026,2,22,port1282,Tema,Ghana,GHA,3,1,0,0,0,4,4,11374,27212,0,0,0,38587,38587,3696,0,0,0,0,3696,3696
2026-02-23 00:00:00+00:00,2026,2,23,port1282,Tema,Ghana,GHA,3,3,0,0,0,6,6,87693,112767,0,0,0,200460,200460,0,0,0,0,0,0,0
2026-02-24 00:00:00+00:00,2026,2,24,port1282,Tema,Ghana,GHA,1,0,0,0,1,1,2,12030,0,0,0,0,12030,12030,0,0,0,0,0,0,0
2026-02-25 00:00:00+00:00,2026,2,25,port1282,Tema,Ghana,GHA,1,2,0,0,0,3,3,1043,16964,0,0,0,18008,18008,0,0,0,0,0,0,0
2026-02-26 00:00:00+00:00,2026,2,26,port1282,Tema,Ghana,GHA,4,1,1,0,0,6,6,46799,33893,0,0,0,80693,80693,29159,0,0,0,0,29159,29159
2026-02-27 00:00:00+00:00,2026,2,27,port1282,Tema,Ghana,GHA,2,0,0,0,1,2,3,23132,0,0,0,4085,23132,27217,0,0,0,0,1903,0,1903
2026-02-28 00:00:00+00:00,2026,2,28,port1282,Tema,Ghana,GHA,3,0,0,1,0,4,4,3308,0,0,0,0,3308,3308,4534,0,0,0,0,4534,4534
2026-03-01 00:00:00+00:00,2026,3,1,port1282,Tema,Ghana,GHA,2,2,1,0,0,5,5,0,68833,0,0,0,68833,68833,17200,0,0,0,0,17200,17200
2026-03-02 00:00:00+00:00,2026,3,2,port1282,Tema,Ghana,GHA,3,0,0,0,0,3,3,32771,0,0,0,0,32771,32771,0,0,0,0,0,0,0
2026-03-03 00:00:00+00:00,2026,3,3,port1282,Tema,Ghana,GHA,3,1,0,0,0,4,4,30051,26765,0,0,0,56817,56817,0,0,0,0,0,0,0
2026-03-04 00:00:00+00:00,2026,3,4,port1282,Tema,Ghana,GHA,3,2,1,0,3,6,9,41459,10355,2885,0,19111,54700,73811,0,0,0,0,0,0,0
2026-03-05 00:00:00+00:00,2026,3,5,port1282,Tema,Ghana,GHA,2,2,1,0,0,5,5,11170,91948,15694,0,0,118813,118813,1920,0,0,0,0,1920,1920
2026-03-06 00:00:00+00:00,2026,3,6,port1282,Tema,Ghana,GHA,4,2,0,0,0,6,6,51778,48504,0,0,0,100282,100282,26216,0,0,0,0,26216,26216
2026-03-07 00:00:00+00:00,2026,3,7,port1282,Tema,Ghana,GHA,3,0,0,1,0,4,4,12633,0,0,3302,0,15935,15935,15110,0,0,0,0,15110,15110
2026-03-08 00:00:00+00:00,2026,3,8,port1282,Tema,Ghana,GHA,3,0,1,0,0,4,4,11931,0,3490,0,0,15421,15421,496,0,0,0,0,496,496
2026-03-09 00:00:00+00:00,2026,3,9,port1282,Tema,Ghana,GHA,4,1,0,0,0,5,5,37473,9875,0,0,0,47348,47348,5371,0,0,0,0,5371,5371
2026-03-10 00:00:00+00:00,2026,3,10,port1282,Tema,Ghana,GHA,1,0,0,1,0,2,2,5948,0,0,508,0,6456,6456,0,0,0,0,0,0,0
2026-03-11 00:00:00+00:00,2026,3,11,port1282,Tema,Ghana,GHA,3,2,0,0,0,5,5,25986,43810,0,0,0,69796,69796,2912,0,0,0,0,2912,2912
2026-03-12 00:00:00+00:00,2026,3,12,port1282,Tema,Ghana,GHA,4,1,0,0,0,5,5,82852,8827,0,0,0,91679,91679,3678,0,0,0,0,3678,3678
2026-03-13 00:00:00+00:00,2026,3,13,port1282,Tema,Ghana,GHA,3,3,0,0,0,6,6,21551,80508,0,0,0,102060,102060,8542,0,0,0,0,8542,8542
2026-03-14 00:00:00+00:00,2026,3,14,port1282,Tema,Ghana,GHA,4,0,0,0,1,4,5,32060,0,0,0,4085,32060,36146,0,0,0,0,1903,0,1903
2026-03-15 00:00:00+00:00,2026,3,15,port1282,Tema,Ghana,GHA,3,1,0,0,0,4,4,18241,27665,0,0,0,45906,45906,21599,0,0,0,0,21599,21599
2026-03-16 00:00:00+00:00,2026,3,16,port1282,Tema,Ghana,GHA,4,1,0,0,2,5,7,55711,7276,0,0,29574,62987,92561,5178,0,0,0,0,5178,5178
2026-03-17 00:00:00+00:00,2026,3,17,port1282,Tema,Ghana,GHA,0,2,0,0,0,2,2,0,54930,0,0,0,54930,54930,0,0,0,0,0,0,0
2026-03-18 00:00:00+00:00,2026,3,18,port1282,Tema,Ghana,GHA,3,1,0,0,0,4,4,45754,44130,0,0,0,89885,89885,7522,0,0,0,0,7522,7522
2026-03-19 00:00:00+00:00,2026,3,19,port1282,Tema,Ghana,GHA,3,0,0,0,2,3,5,6400,0,0,0,14810,6400,21211,0,0,0,0,1903,0,1903
2026-03-20 00:00:00+00:00,2026,3,20,port1282,Tema,Ghana,GHA,5,1,1,0,0,7,7,46226,39059,779,0,0,86066,86066,9382,0,0,0,0,9382,9382
2026-03-21 00:00:00+00:00,2026,3,21,port1282,Tema,Ghana,GHA,3,2,1,0,0,6,6,11581,30395,4409,0,0,46386,46386,6993,0,0,0,0,6993,6993
2026-03-22 00:00:00+00:00,2026,3,22,port1282,Tema,Ghana,GHA,2,2,1,0,0,5,5,15490,0,4448,0,0,19939,19939,24445,0,0,0,0,24445,24445
2026-03-23 00:00:00+00:00,2026,3,23,port1282,Tema,Ghana,GHA,2,1,1,0,1,4,5,14052,1663,6919,0,1827,22635,24463,0,0,0,0,0,0,0
2026-03-24 00:00:00+00:00,2026,3,24,port1282,Tema,Ghana,GHA,4,2,0,0,1,6,7,74106,59334,0,0,0,133440,133440,0,0,0,0,0,0,0
2026-03-25 00:00:00+00:00,2026,3,25,port1282,Tema,Ghana,GHA,1,1,0,0,1,2,3,2170,0,0,0,5239,2170,7409,0,0,0,0,0,0,0
2026-03-26 00:00:00+00:00,2026,3,26,port1282,Tema,Ghana,GHA,3,0,0,1,0,4,4,18738,0,0,1115,0,19853,19853,25957,0,0,0,0,25957,25957
2026-03-27 00:00:00+00:00,2026,3,27,port1282,Tema,Ghana,GHA,4,1,0,0,1,5,6,59881,579,0,0,20268,60461,80730,3438,0,0,0,0,3438,3438
2026-03-28 00:00:00+00:00,2026,3,28,port1282,Tema,Ghana,GHA,3,0,0,0,0,3,3,16252,0,0,0,0,16252,16252,1440,0,0,0,0,1440,1440
2026-03-29 00:00:00+00:00,2026,3,29,port1282,Tema,Ghana,GHA,2,0,0,0,0,2,2,17335,0,0,0,0,17335,17335,0,0,0,0,0,0,0
2026-03-30 00:00:00+00:00,2026,3,30,port1282,Tema,Ghana,GHA,6,1,0,1,1,8,9,43345,40802,0,0,8292,84148,92440,0,0,0,0,0,0,0
2026-03-31 00:00:00+00:00,2026,3,31,port1282,Tema,Ghana,GHA,2,1,1,0,0,4,4,34126,32057,0,0,0,66184,66184,0,0,4074,0,0,4074,4074
2026-04-01 00:00:00+00:00,2026,4,1,port1282,Tema,Ghana,GHA,3,2,0,0,1,5,6,50922,48257,0,0,4085,99179,103265,805,0,0,0,1903,805,2708
2026-04-02 00:00:00+00:00,2026,4,2,port1282,Tema,Ghana,GHA,0,1,0,0,0,1,1,0,42136,0,0,0,42136,42136,0,0,0,0,0,0,0
2026-04-03 00:00:00+00:00,2026,4,3,port1282,Tema,Ghana,GHA,0,0,0,0,0,0,0,0,0,0,0,0,0,0,0,0,0,0,0,0,0
2026-04-04 00:00:00+00:00,2026,4,4,port1282,Tema,Ghana,GHA,2,0,1,1,1,4,5,27555,0,910,1146,13032,29611,42643,798,0,0,25,0,824,824
2026-04-05 00:00:00+00:00,2026,4,5,port1282,Tema,Ghana,GHA,3,2,0,0,0,5,5,92938,57203,0,0,0,150141,150141,1440,0,0,0,0,1440,1440
2026-04-06 00:00:00+00:00,2026,4,6,port1282,Tema,Ghana,GHA,2,1,0,0,0,3,3,8207,42847,0,0,0,51054,51054,3290,0,0,0,0,3290,3290
2026-04-07 00:00:00+00:00,2026,4,7,port1282,Tema,Ghana,GHA,3,3,2,0,0,8,8,70438,0,931,0,0,71370,71370,0,22312,0,0,0,22312,22312
2026-04-08 00:00:00+00:00,2026,4,8,port1282,Tema,Ghana,GHA,4,0,0,0,0,4,4,20567,0,0,0,0,20567,20567,46592,0,0,0,0,46592,46592
2026-04-09 00:00:00+00:00,2026,4,9,port1282,Tema,Ghana,GHA,0,1,0,0,0,1,1,0,39686,0,0,0,39686,39686,0,0,0,0,0,0,0
2026-04-10 00:00:00+00:00,2026,4,10,port1282,Tema,Ghana,GHA,4,2,0,0,0,6,6,17756,43039,0,0,0,60796,60796,38489,0,0,0,0,38489,38489
2026-04-11 00:00:00+00:00,2026,4,11,port1282,Tema,Ghana,GHA,1,0,0,1,1,2,3,8207,0,0,0,7119,8207,15326,1440,0,0,0,839,1440,2279
2026-04-12 00:00:00+00:00,2026,4,12,port1282,Tema,Ghana,GHA,5,0,0,0,0,5,5,44894,0,0,0,0,44894,44894,0,0,0,0,0,0,0
2026-04-13 00:00:00+00:00,2026,4,13,port1282,Tema,Ghana,GHA,2,2,0,0,1,4,5,54929,94904,0,0,7119,149834,156953,0,0,0,0,839,0,839
2026-04-14 00:00:00+00:00,2026,4,14,port1282,Tema,Ghana,GHA,4,1,1,0,0,6,6,9040,40878,3741,0,0,53660,53660,11771,0,0,0,0,11771,11771
2026-04-15 00:00:00+00:00,2026,4,15,port1282,Tema,Ghana,GHA,1,2,0,0,1,3,4,388,41329,0,0,0,41718,41718,0,0,0,0,0,0,0
2026-04-16 00:00:00+00:00,2026,4,16,port1282,Tema,Ghana,GHA,2,0,0,1,0,3,3,17279,0,0,0,0,17279,17279,1440,0,0,0,0,1440,1440
2026-04-17 00:00:00+00:00,2026,4,17,port1282,Tema,Ghana,GHA,5,1,0,0,1,6,7,67827,50005,0,0,6155,117833,123988,33337,0,0,0,3183,33337,36521
2026-04-18 00:00:00+00:00,2026,4,18,port1282,Tema,Ghana,GHA,0,2,0,0,1,2,3,0,45323,0,0,4085,45323,49409,0,0,0,0,1903,0,1903
2026-04-19 00:00:00+00:00,2026,4,19,port1282,Tema,Ghana,GHA,3,0,0,0,0,3,3,60038,0,0,0,0,60038,60038,0,0,0,0,0,0,0
2026-04-20 00:00:00+00:00,2026,4,20,port1282,Tema,Ghana,GHA,3,3,0,0,0,6,6,35342,75834,0,0,0,111176,111176,0,902,0,0,0,902,902
2026-04-21 00:00:00+00:00,2026,4,21,port1282,Tema,Ghana,GHA,3,1,0,0,1,4,5,11598,41870,0,0,1838,53469,55308,1440,0,0,0,4072,1440,5512
2026-04-22 00:00:00+00:00,2026,4,22,port1282,Tema,Ghana,GHA,1,0,0,1,0,2,2,4603,0,0,3877,0,8480,8480,0,0,0,0,0,0,0
2026-04-23 00:00:00+00:00,2026,4,23,port1282,Tema,Ghana,GHA,2,1,1,1,2,5,7,22197,42192,0,1209,7574,65599,73174,1440,0,727,0,333,2167,2500
2026-04-24 00:00:00+00:00,2026,4,24,port1282,Tema,Ghana,GHA,3,0,0,0,0,3,3,28323,0,0,0,0,28323,28323,0,0,0,0,0,0,0
2026-04-25 00:00:00+00:00,2026,4,25,port1282,Tema,Ghana,GHA,4,0,2,0,0,6,6,18746,0,4169,0,0,22916,22916,8242,0,1551,0,0,9793,9793
2026-04-26 00:00:00+00:00,2026,4,26,port1282,Tema,Ghana,GHA,3,0,1,0,0,4,4,23356,0,3089,0,0,26446,26446,6210,0,0,0,0,6210,6210
2026-04-27 00:00:00+00:00,2026,4,27,port1282,Tema,Ghana,GHA,1,1,0,0,1,2,3,0,41228,0,0,14109,41228,55337,0,0,0,0,0,0,0
2026-04-28 00:00:00+00:00,2026,4,28,port1282,Tema,Ghana,GHA,1,1,0,0,0,2,2,9023,5548,0,0,0,14572,14572,0,0,0,0,0,0,0
2026-04-29 00:00:00+00:00,2026,4,29,port1282,Tema,Ghana,GHA,1,1,0,1,1,3,4,7183,0,0,0,15521,7183,22705,0,9609,0,0,0,9609,9609
2026-04-30 00:00:00+00:00,2026,4,30,port1282,Tema,Ghana,GHA,3,1,0,0,0,4,4,61017,20399,0,0,0,81416,81416,1908,789,0,0,0,2697,2697
2026-05-01 00:00:00+00:00,2026,5,1,port1282,Tema,Ghana,GHA,2,0,0,1,0,3,3,0,0,0,1615,0,1615,1615,26371,0,0,0,0,26371,26371
2026-05-02 00:00:00+00:00,2026,5,2,port1282,Tema,Ghana,GHA,1,2,0,0,1,3,4,2515,20737,0,0,7275,23252,30528,0,0,0,0,0,0,0
2026-05-03 00:00:00+00:00,2026,5,3,port1282,Tema,Ghana,GHA,4,1,0,0,0,5,5,26739,40452,0,0,0,67192,67192,0,0,0,0,0,0,0
2026-05-04 00:00:00+00:00,2026,5,4,port1282,Tema,Ghana,GHA,1,2,0,0,1,3,4,18784,68310,0,0,10962,87094,98056,0,0,0,0,0,0,0
2026-05-05 00:00:00+00:00,2026,5,5,port1282,Tema,Ghana,GHA,3,1,1,0,0,5,5,43783,0,17291,0,0,61074,61074,0,0,0,0,0,0,0
2026-05-06 00:00:00+00:00,2026,5,6,port1282,Tema,Ghana,GHA,2,3,1,0,0,6,6,17556,41897,1335,0,0,60788,60788,1893,0,0,0,0,1893,1893
2026-05-07 00:00:00+00:00,2026,5,7,port1282,Tema,Ghana,GHA,2,0,1,0,0,3,3,7675,0,960,0,0,8635,8635,0,0,0,0,0,0,0
2026-05-08 00:00:00+00:00,2026,5,8,port1282,Tema,Ghana,GHA,4,0,0,0,1,4,5,45637,0,0,0,28602,45637,74239,17106,0,0,0,0,17106,17106
2026-05-09 00:00:00+00:00,2026,5,9,port1282,Tema,Ghana,GHA,1,0,1,0,0,2,2,7597,0,0,0,0,7597,7597,0,0,4472,0,0,4472,4472
2026-05-10 00:00:00+00:00,2026,5,10,port1282,Tema,Ghana,GHA,2,2,0,0,0,4,4,28102,81085,0,0,0,109187,109187,0,0,0,0,0,0,0
2026-05-11 00:00:00+00:00,2026,5,11,port1282,Tema,Ghana,GHA,2,3,1,1,0,7,7,744,48684,2464,0,0,51894,51894,13699,0,0,0,0,13699,13699
2026-05-12 00:00:00+00:00,2026,5,12,port1282,Tema,Ghana,GHA,3,2,0,0,2,5,7,58012,48966,0,0,4085,106978,111064,0,0,0,0,1903,0,1903
2026-05-13 00:00:00+00:00,2026,5,13,port1282,Tema,Ghana,GHA,2,1,0,1,0,4,4,31154,14692,0,0,0,45847,45847,1440,0,0,0,0,1440,1440
2026-05-14 00:00:00+00:00,2026,5,14,port1282,Tema,Ghana,GHA,5,0,0,0,1,5,6,29380,0,0,0,0,29380,29380,4789,0,0,0,333,4789,5122
2026-05-15 00:00:00+00:00,2026,5,15,port1282,Tema,Ghana,GHA,2,2,0,0,0,4,4,8207,21026,0,0,0,29233,29233,6703,0,0,0,0,6703,6703
2026-05-16 00:00:00+00:00,2026,5,16,port1282,Tema,Ghana,GHA,4,1,0,0,1,5,6,75492,33611,0,0,4085,109104,113189,0,0,0,0,1903,0,1903
2026-05-17 00:00:00+00:00,2026,5,17,port1282,Tema,Ghana,GHA,1,0,0,0,1,1,2,464,0,0,0,0,464,464,0,0,0,0,0,0,0
2026-05-18 00:00:00+00:00,2026,5,18,port1282,Tema,Ghana,GHA,2,1,0,0,0,3,3,8207,8742,0,0,0,16949,16949,3260,0,0,0,0,3260,3260
2026-05-19 00:00:00+00:00,2026,5,19,port1282,Tema,Ghana,GHA,3,2,0,0,1,5,6,54732,22232,0,0,0,76964,76964,23986,12348,0,0,0,36334,36334
2026-05-20 00:00:00+00:00,2026,5,20,port1282,Tema,Ghana,GHA,1,1,0,0,0,2,2,58310,10597,0,0,0,68908,68908,0,0,0,0,0,0,0
2026-05-21 00:00:00+00:00,2026,5,21,port1282,Tema,Ghana,GHA,2,1,1,0,1,4,5,14178,28115,0,0,4085,42293,46378,0,0,6316,0,1903,6316,8219
2026-05-22 00:00:00+00:00,2026,5,22,port1282,Tema,Ghana,GHA,3,1,0,0,1,4,5,44023,19753,0,0,4085,63777,67862,0,0,0,0,1903,0,1903
2026-05-23 00:00:00+00:00,2026,5,23,port1282,Tema,Ghana,GHA,3,1,0,0,3,4,7,41941,0,0,0,5924,41941,47865,0,0,0,0,5976,0,5976
2026-05-24 00:00:00+00:00,2026,5,24,port1282,Tema,Ghana,GHA,4,0,0,0,0,4,4,69816,0,0,0,0,69816,69816,1440,0,0,0,0,1440,1440
2026-05-25 00:00:00+00:00,2026,5,25,port1282,Tema,Ghana,GHA,2,2,0,1,1,5,6,14843,35216,0,3691,2503,53751,56255,0,0,0,0,0,0,0
2026-05-26 00:00:00+00:00,2026,5,26,port1282,Tema,Ghana,GHA,1,1,0,0,1,2,3,11996,4391,0,0,0,16387,16387,0,0,0,0,0,0,0
2026-05-27 00:00:00+00:00,2026,5,27,port1282,Tema,Ghana,GHA,3,0,0,1,2,4,6,37587,0,0,0,11678,37587,49265,4696,0,0,0,1903,4696,6600
2026-05-28 00:00:00+00:00,2026,5,28,port1282,Tema,Ghana,GHA,3,1,0,0,0,4,4,17821,20399,0,0,0,38220,38220,31820,789,0,0,0,32609,32609
2026-05-29 00:00:00+00:00,2026,5,29,port1282,Tema,Ghana,GHA,3,0,0,0,0,3,3,18132,0,0,0,0,18132,18132,0,0,0,0,0,0,0
2026-05-30 00:00:00+00:00,2026,5,30,port1282,Tema,Ghana,GHA,3,0,0,1,1,4,5,98786,0,0,583,4085,99369,103455,0,0,0,0,1903,0,1903
2026-05-31 00:00:00+00:00,2026,5,31,port1282,Tema,Ghana,GHA,3,2,2,0,0,7,7,23444,60725,3207,0,0,87376,87376,27,0,775,0,0,803,803
2026-06-01 00:00:00+00:00,2026,6,1,port1282,Tema,Ghana,GHA,3,0,0,0,1,3,4,18534,0,0,0,5401,18534,23935,652,0,0,0,0,652,652
2026-06-02 00:00:00+00:00,2026,6,2,port1282,Tema,Ghana,GHA,1,1,2,0,0,4,4,0,16987,3448,0,0,20436,20436,3661,0,775,0,0,4437,4437
2026-06-03 00:00:00+00:00,2026,6,3,port1282,Tema,Ghana,GHA,3,1,0,0,0,4,4,50121,32079,0,0,0,82201,82201,0,0,0,0,0,0,0
2026-06-04 00:00:00+00:00,2026,6,4,port1282,Tema,Ghana,GHA,1,0,0,0,1,1,2,12863,0,0,0,21900,12863,34763,0,0,0,0,0,0,0
2026-06-05 00:00:00+00:00,2026,6,5,port1282,Tema,Ghana,GHA,3,1,0,0,0,4,4,40276,0,0,0,0,40276,40276,0,9609,0,0,0,9609,9609
2026-06-06 00:00:00+00:00,2026,6,6,port1282,Tema,Ghana,GHA,1,1,0,0,2,2,4,27769,0,0,0,4085,27769,31854,0,0,0,0,1903,0,1903
2026-06-07 00:00:00+00:00,2026,6,7,port1282,Tema,Ghana,GHA,2,0,1,1,0,4,4,8571,0,1287,1521,0,11380,11380,0,0,0,0,0,0,0
2026-06-08 00:00:00+00:00,2026,6,8,port1282,Tema,Ghana,GHA,4,2,0,0,0,6,6,86699,15782,0,0,0,102482,102482,25886,0,0,0,0,25886,25886
2026-06-09 00:00:00+00:00,2026,6,9,port1282,Tema,Ghana,GHA,2,1,0,0,1,3,4,33996,39187,0,0,0,73184,73184,0,0,0,0,0,0,0
2026-06-10 00:00:00+00:00,2026,6,10,port1282,Tema,Ghana,GHA,2,2,0,0,0,4,4,0,41021,0,0,0,41021,41021,18159,0,0,0,0,18159,18159
2026-06-11 00:00:00+00:00,2026,6,11,port1282,Tema,Ghana,GHA,2,2,0,0,0,4,4,171,42446,0,0,0,42618,42618,3757,0,0,0,0,3757,3757
2026-06-12 00:00:00+00:00,2026,6,12,port1282,Tema,Ghana,GHA,2,1,0,0,1,3,4,19279,25698,0,0,4085,44977,49063,1440,0,0,0,1903,1440,3343
2026-06-13 00:00:00+00:00,2026,6,13,port1282,Tema,Ghana,GHA,4,1,0,0,1,5,6,16210,43588,0,0,0,59799,59799,3832,0,0,0,0,3832,3832
2026-06-14 00:00:00+00:00,2026,6,14,port1282,Tema,Ghana,GHA,3,0,0,0,0,3,3,20293,0,0,0,0,20293,20293,1440,0,0,0,0,1440,1440
2026-06-15 00:00:00+00:00,2026,6,15,port1282,Tema,Ghana,GHA,3,0,0,0,0,3,3,23194,0,0,0,0,23194,23194,1440,0,0,0,0,1440,1440
2026-06-16 00:00:00+00:00,2026,6,16,port1282,Tema,Ghana,GHA,3,1,2,0,0,6,6,16631,39893,1513,0,0,58038,58038,0,0,1444,0,0,1444,1444
2026-06-17 00:00:00+00:00,2026,6,17,port1282,Tema,Ghana,GHA,3,1,0,0,0,4,4,90732,20399,0,0,0,111131,111131,21836,789,0,0,0,22625,22625
2026-06-18 00:00:00+00:00,2026,6,18,port1282,Tema,Ghana,GHA,1,1,1,0,2,3,5,16256,28934,917,0,7192,46108,53301,0,0,0,0,1903,0,1903
2026-06-19 00:00:00+00:00,2026,6,19,port1282,Tema,Ghana,GHA,3,2,0,0,0,5,5,21118,60512,0,0,0,81630,81630,15637,0,0,0,0,15637,15637
2026-06-20 00:00:00+00:00,2026,6,20,port1282,Tema,Ghana,GHA,1,1,0,0,2,2,4,1354,30416,0,0,19086,31770,50856,0,0,0,0,0,0,0
2026-06-21 00:00:00+00:00,2026,6,21,port1282,Tema,Ghana,GHA,2,1,0,0,0,3,3,42228,20399,0,0,0,62627,62627,0,789,0,0,0,789,789
2026-06-22 00:00:00+00:00,2026,6,22,port1282,Tema,Ghana,GHA,2,0,0,0,1,2,3,18576,0,0,0,0,18576,18576,0,0,0,0,0,0,0
2026-06-23 00:00:00+00:00,2026,6,23,port1282,Tema,Ghana,GHA,3,1,1,0,0,5,5,28053,18635,1317,0,0,48007,48007,2880,0,0,0,0,2880,2880
2026-06-24 00:00:00+00:00,2026,6,24,port1282,Tema,Ghana,GHA,2,3,0,0,0,5,5,91568,79031,0,0,0,170600,170600,0,13731,0,0,0,13731,13731
2026-06-25 00:00:00+00:00,2026,6,25,port1282,Tema,Ghana,GHA,3,1,0,0,0,4,4,37653,43262,0,0,0,80915,80915,0,0,0,0,0,0,0
2026-06-26 00:00:00+00:00,2026,6,26,port1282,Tema,Ghana,GHA,0,0,0,2,2,2,4,0,0,0,0,4085,0,4085,0,0,0,0,1903,0,1903
2026-06-27 00:00:00+00:00,2026,6,27,port1282,Tema,Ghana,GHA,4,0,0,0,1,4,5,12943,0,0,0,0,12943,12943,28440,0,0,0,2597,28440,31038
2026-06-28 00:00:00+00:00,2026,6,28,port1282,Tema,Ghana,GHA,1,0,1,0,0,2,2,5860,0,1990,0,0,7850,7850,0,0,0,0,0,0,0
2026-06-29 00:00:00+00:00,2026,6,29,port1282,Tema,Ghana,GHA,2,0,0,0,0,2,2,18432,0,0,0,0,18432,18432,1440,0,0,0,0,1440,1440
2026-06-30 00:00:00+00:00,2026,6,30,port1282,Tema,Ghana,GHA,4,1,1,0,0,6,6,33090,13480,0,0,0,46570,46570,6703,3409,2437,0,0,12549,12549
2026-07-01 00:00:00+00:00,2026,7,1,port1282,Tema,Ghana,GHA,2,1,0,0,1,3,4,13703,46809,0,0,0,60513,60513,0,0,0,0,7592,0,7592
2026-07-02 00:00:00+00:00,2026,7,2,port1282,Tema,Ghana,GHA,2,0,1,0,0,3,3,22233,0,5191,0,0,27424,27424,27,0,0,0,0,27,27
2026-07-03 00:00:00+00:00,2026,7,3,port1282,Tema,Ghana,GHA,3,1,0,0,0,4,4,30296,43396,0,0,0,73693,73693,3326,0,0,0,0,3326,3326
2026-07-04 00:00:00+00:00,2026,7,4,port1282,Tema,Ghana,GHA,3,0,0,0,0,3,3,10646,0,0,0,0,10646,10646,11333,0,0,0,0,11333,11333
2026-07-05 00:00:00+00:00,2026,7,5,port1282,Tema,Ghana,GHA,2,1,0,0,1,3,4,77582,4904,0,0,0,82487,82487,9977,0,0,0,0,9977,9977
2026-07-06 00:00:00+00:00,2026,7,6,port1282,Tema,Ghana,GHA,4,0,1,0,0,5,5,8207,0,2630,0,0,10837,10837,47102,0,0,0,0,47102,47102
2026-07-07 00:00:00+00:00,2026,7,7,port1282,Tema,Ghana,GHA,2,2,0,0,0,4,4,9732,76970,0,0,0,86703,86703,22641,0,0,0,0,22641,22641
2026-07-08 00:00:00+00:00,2026,7,8,port1282,Tema,Ghana,GHA,1,2,0,0,0,3,3,4750,46427,0,0,0,51178,51178,0,789,0,0,0,789,789
2026-07-09 00:00:00+00:00,2026,7,9,port1282,Tema,Ghana,GHA,5,0,0,0,1,5,6,83868,0,0,0,7651,83868,91520,0,0,0,0,0,0,0
2026-07-10 00:00:00+00:00,2026,7,10,port1282,Tema,Ghana,GHA,1,2,1,0,0,4,4,14195,34370,0,0,0,48566,48566,0,0,0,0,0,0,0
2026-07-11 00:00:00+00:00,2026,7,11,port1282,Tema,Ghana,GHA,3,0,0,0,0,3,3,2902,0,0,0,0,2902,2902,0,0,0,0,0,0,0
2026-07-12 00:00:00+00:00,2026,7,12,port1282,Tema,Ghana,GHA,4,1,0,0,0,5,5,99310,0,0,0,0,99310,99310,798,0,0,0,0,798,798
2026-07-13 00:00:00+00:00,2026,7,13,port1282,Tema,Ghana,GHA,3,1,0,1,1,5,6,16894,37804,0,4583,4179,59282,63462,23448,0,0,0,0,23448,23448
2026-07-14 00:00:00+00:00,2026,7,14,port1282,Tema,Ghana,GHA,2,1,0,0,1,3,4,26589,22770,0,0,4085,49360,53446,0,0,0,0,1903,0,1903
2026-07-15 00:00:00+00:00,2026,7,15,port1282,Tema,Ghana,GHA,4,0,0,1,0,5,5,17451,0,0,1808,0,19259,19259,3194,0,0,0,0,3194,3194
2026-07-16 00:00:00+00:00,2026,7,16,port1282,Tema,Ghana,GHA,2,3,1,0,0,6,6,106138,19727,0,0,0,125866,125866,0,21235,1878,0,0,23114,23114
2026-07-17 00:00:00+00:00,2026,7,17,port1282,Tema,Ghana,GHA,1,1,0,0,1,2,3,5759,2900,0,0,20245,8660,28906,0,0,0,0,0,0,0
2026-07-18 00:00:00+00:00,2026,7,18,port1282,Tema,Ghana,GHA,2,1,0,2,0,5,5,36923,20399,0,1146,0,58468,58468,639,789,0,25,0,1454,1454
2026-07-19 00:00:00+00:00,2026,7,19,port1282,Tema,Ghana,GHA,4,0,0,0,0,4,4,9070,0,0,0,0,9070,9070,22291,0,0,0,0,22291,22291
2026-07-20 00:00:00+00:00,2026,7,20,port1282,Tema,Ghana,GHA,1,2,0,0,0,3,3,15521,27946,0,0,0,43468,43468,0,789,0,0,0,789,789
2026-07-21 00:00:00+00:00,2026,7,21,port1282,Tema,Ghana,GHA,3,1,1,0,0,5,5,89998,41109,1200,0,0,132308,132308,1440,0,53,0,0,1494,1494
2026-07-22 00:00:00+00:00,2026,7,22,port1282,Tema,Ghana,GHA,1,2,0,0,0,3,3,19059,40798,0,0,0,59858,59858,0,1578,0,0,0,1578,1578
2026-07-23 00:00:00+00:00,2026,7,23,port1282,Tema,Ghana,GHA,3,1,0,0,1,4,5,21760,20399,0,0,0,42159,42159,1440,789,0,0,0,2229,2229
2026-07-24 00:00:00+00:00,2026,7,24,port1282,Tema,Ghana,GHA,3,1,0,0,0,4,4,75120,3979,0,0,0,79099,79099,0,0,0,0,0,0,0
